authors,confidence,decision,evidence,exclusion_reason,file_name,reasoning,title
Elizabeth Abu-Haydar; David Katuntu; James Bauer; Alec Wollen; Mike Eisenstein; Jill Sherman-Konkle; Anthony Roche; Michael Ruffo,Medium,Exclude,"{""HCD_fullcycle"": [""A1 User Involvement: \""Participants were invited to handle the device and comment, following the group discussions and the interviews.\"" - Study Tools / Methods"", ""A1 User Involvement: \""Input collected from fifty-nine newborn and maternal care providers and from seven national level decision makers in Uganda was used to guide product development, further informing product design requirements, and optimal design features to best serve their needs.\"" - Abstract / Purpose"", ""A2 Iteration: \""an iterative, user-centered approach from concept development through this user evaluation phase informed our understanding of those primarily responsible for administering infusions in health facilities\"" - Study Objectives and Design"", ""A2 Iteration: \""The user input collected in Uganda was part of a continuous iterative design approach that led to the current prototype.\"" - Discussion"", ""A3 Lifecycle (Understanding/Ideation/Prototyping/Evaluation): \""A formative evaluation following a mixed methods approach including focus group discussions (FGDs), stakeholder interviews, and observations was used to collect data from end users.\"" - Methods (Understanding)"", ""A3 Lifecycle (Ideation): \""A landscape of competitive products was conducted in our early product development phase.\"" - Background / Methods (Ideation/Concept development)"", ""A3 Lifecycle (Prototyping): \""For the assessment in Uganda, PATH brought a working RELI prototype to demonstrate functionality and collect user feedback on the device.\"" - Study Tools / Methods (Prototyping)"", ""A3 Lifecycle (Evaluation): \""The FGDs were conducted by a trained facilitator and lasted between 60 and 70 minutes. The interviews took between 60 and 90 minutes each.\"" and \""Participants were invited to handle and use the device.\"" - Study Tools / Methods (Evaluation)""], ""TASKS_elements"": []}",No evidence reported of designer-experienced task constraints or barriers during the project (Condition B not satisfied).,Abu-Haydar et al. - 2021 - User Centered Design Developing the RELI Delivery System a Low Cost Non Electric Pneumatic Infusion.txt,"Condition A: satisfied - The paper reports active user involvement (FGDs, interviews, hands-on device handling), describes an iterative user-centered approach, and includes evidence of understanding users, ideation/early product development, a working prototype, and evaluation activities.; Condition B: not satisfied - The manuscript does not report constraints or difficulties experienced by the design team (no descriptions of resource limits, participant access problems affecting design activities, cognitive/skill gaps of designers, or process/technical barriers during the project).; Final rationale: Although the study documents a user-centered development process with prototype testing and iterative intent (Condition A met), it provides no explicit evidence of designer-facing task constraints or barriers encountered during the project (Condition B not met), so the paper is excluded.","User-Centered Design: Developing the RELI Delivery System – a Low-Cost, Non-Electric, Pneumatic Infusion Pump"
Francisco Aguilar Acevedo; Daniel Pacheco Bautista; Marleydy Acevedo Gómez; Guadalupe Toledo Toledo; Omar S. Nieva García,High,Exclude,"{""HCD_fullcycle"": [""A1 User Involvement: \""In planning the UCD process following the ISO 9241-210 standard, the interview was selected as the inquiry method, and high-fidelity prototyping as the design method. For the first and second iterations, meetings with specialists in physical medicine and rehabilitation were planned, while for the third iteration, tests were carried out with users without and with a poststroke diagnosis.\"" [Methods]"", ""A2 Iteration: \""the development of virtual environment was supported by the criteria of a team of specialists in physical and occupational therapy, following the philosophy of user-centered design through three iterations\"" [Introduction/Methods]"", ""A3 Lifecycle (Understanding/Ideation/Prototyping/Evaluation): \""Understand and Specify the Context of Use. ... a field study was carried out through observation to identify the activities concerning the evaluation of the patient’s mobility... Specify User Requirements. An interview was applied to the specialists to identify the requirements... Produce Design Solutions. ... For the implementation of the virtual environment, the Unity 3D technology was selected... Design evaluation: It was carried out with the help of the team of specialists... In the third iteration, tests were carried out with secondary users... A first group of 14 engineering students ... provided their level of satisfaction through the SUS test... tests were performed by a patient with a diagnosis of stroke ... flow state questionnaire.\"" [Methods/Results]""], ""TASKS_elements"": []}",Condition B not satisfied: No evidence of designer-experienced constraints or difficulties affecting the design process.,Acevedo et al. - 2022 - User Centered Virtual Environment for Poststroke Motor Rehabilitation.txt,"Condition A: satisfied - The study documents active involvement of therapists and patients in requirements and testing, explicitly reports three iterations, and shows understanding (field observation, interviews), ideation (selection of ADLs and scene/task design), prototyping (high-fidelity Unity prototypes), and evaluation (specialist reviews, SUS with healthy users, patient testing and flow questionnaire).; Condition B: not satisfied - The Methods, Results, Discussion, and Conclusion contain no explicit evidence describing difficulties or constraints experienced by the designers (e.g., resource limits, recruitment/access problems that limited design, technical/process barriers that forced adaptation) that affected their ability to carry out design activities.; Final rationale: Although the paper meets the full HCD cycle (Condition A), it lacks any documented designer-oriented task constraints or barriers (Condition B), so it must be excluded under the review criteria.",User-Centered Virtual Environment for Poststroke Motor Rehabilitation
"Maria Claudia Addamiano, Camille Joannes, Leslie Fonquerne, Charlotte Morel, Delphine Lauzeille, Lorène Belkadi, Fabienne Empereur, Pascale Grosclaude, Eric Bauvin, Cyrille Delpierre, Sébastien Lamy, Marie-Anne Durand",Medium,Include,"{""HCD_fullcycle"": [""A1 User Involvement: \""These brochures will be adapted and improved to account for limited health literacy (HL) [27] using a participatory approach with focus groups and semi-structured interviews. ... Participants will be recruited through the RCNs. The focus groups will include patient partners, who have followed a specific training course in participatory research, and/or patients who have been affected by cancer in the past, and healthcare professionals involved in the fertility preservation process\"" - Methods: Intervention / Qualitative data"", ""A2 Iteration: \""We will then use the transcribed data from the focus-groups and interview to update the brochures and develop awareness-raising training. The acceptability, usability and accessibility of these updated tools will then be tested in a second round of semi-structured interviews with other patient partners and healthcare professionals.\"" - Methods: Intervention / Qualitative data"", ""A3 Lifecycle (Understanding/Ideation/Prototyping/Evaluation): \""[Understanding users] These brochures will be adapted and improved ... using a participatory approach with focus groups and semi-structured interviews... [Ideation] Healthcare professionals will also suggest content and format for the health professionals' awareness-raising training. [Prototyping] We will then use the transcribed data from the focus-groups and interview to update the brochures and develop awareness-raising training. [Evaluation] The acceptability, usability and accessibility of these updated tools will then be tested in a second round of semi-structured interviews ... and we will compare the percentage of patients who have access to a fertility preservation consultation before and after the distribution of updated brochures and the awareness training of health professionals.\"" - Methods: Intervention / Qualitative data / Trial design""], ""TASKS_elements"": [""\""The number of cancers centers varies by region, requiring specific regional coordination for data collection.\"" - Methods: Data collection/Setting - This describes a logistical/process constraint that requires additional coordination by the study team and affects their ability to collect data across regions (a designer/implementer-facing barrier)."", ""\""The effectiveness of the brochures created so far has not been tested, and there is no hindsight or feedback from patients or healthcare professionals regarding their acceptability, usability and usefulness.\"" - Methods: Intervention - This identifies a lack of prior testing/feedback on existing materials, a knowledge/resource gap that the designers must address when developing and validating new materials (a constraint on design activities).""]}",,Addamiano et al. - 2024 - Increasing access to fertility preservation for women with breast cancer protocol for a stepped wedg.txt,"Condition A: satisfied - The protocol documents active user involvement (focus groups, patient partners, semi-structured interviews), explicit iterative cycles (initial review, updates, second-round testing), and evidence of all four lifecycle phases (understanding via interviews/focus groups, ideation via stakeholder suggestions and workshops, prototyping via updated brochures and training materials, and evaluation via acceptability testing and the stepped-wedge trial measuring uptake).; Condition B: satisfied - The protocol describes implementer/designer-facing constraints including regional variation of cancer centers requiring specific coordination for data collection and the absence of prior testing/feedback on existing brochures, both of which impact the designers' ability to perform design and implementation activities.; Final rationale: The study is a user-centred, iterative design and evaluation protocol that meets the full HCD cycle and reports concrete designer-facing logistical and evidence gaps that constrain the design process; therefore it meets both Condition A and Condition B and is included.",Increasing access to fertility preservation for women with breast cancer: protocol for a stepped-wedge cluster randomized trial in France
"R R Adisurya, H B Santoso, S Fadhilah, O Lawanto",High,Exclude,"{""HCD_fullcycle"": [""A1 User Involvement: \""In this study, there were two interviews. In the first interview, participants were interviewed to gather requirements and then after that in the second interview, they tested the prototype for usability evaluation.\"" - Methods (3.2 Data Collection Procedures)"", ""A2 Iteration: \""After the design process was finished, the participants were asked to use the information visualization tools prototype in the form of a clickable mockup for usability evaluation.\"" and \""A pilot study was conducted to determine the average estimated time...\"" (no further cycles or redesigns reported) - Findings (4.2 Usability Evaluation) / Methods"", ""A3 Lifecycle (Understanding/Ideation/Prototyping/Evaluation): \""The result of the first interview was used for analysis and designing the information visualization tools. The analysis consists of creating personas, a user journey map, and an information architecture to help the designing process. Those analyses were then used to design the information visualization.\"" (Ideation); \""The prototype was developed according to the result of the first interview’s analysis...\"" (Prototyping); \""the usability evaluation was conducted with the second interview... After the usability evaluation was conducted to the 10 participants, the result is as presented in table 1.\"" (Evaluation); \""In the first interview, participants were interviewed to gather requirements... It consisted of 20 questions...\"" (Understanding) - Methods (3.2, 3.3) and Findings (4.1, 4.2)""], ""TASKS_elements"": []}",Condition A not satisfied (no explicit multiple iterations/refinement cycles) and Condition B not satisfied (no documented designer-facing difficulties or constraints).,Adisurya R.R. et al. - 2020 - Information visualization of metacognitive skills during the software development process based on a.txt,"Condition A: not satisfied - While users were actively involved (A1 true) and all lifecycle phases are reported (A3 true), the paper documents a single design-prototype-evaluate cycle without explicit repeated refinement iterations, so A2 (Iteration) is not satisfied.; Condition B: not satisfied - The manuscript reports user difficulties (e.g., users unfamiliar with radar charts, missed navigation buttons) but provides no evidence of difficulties or constraints experienced by the designers (no resource limits, recruitment or access issues, designer cognitive/skill strain, or process/technical barriers reported).; Final rationale: Because the full HCD cycle requirement fails due to lack of explicit multiple iterations and there is no evidence of designer-experienced task/constraint elements, the study does not meet the review inclusion criteria.",Information visualization of metacognitive skills during the software development process based on an adapted engineering design metacognitive questionnaire
"F. Amirabdollahian, S. Ates, A. Basteris, A. Cesario, J. Buurke, H. Hermens, D. Hofs, E. Johansson, G. Mountain, N. Nasr, S. Nijenhuis, G. Prange, N. Rahman, P. Sale, F. Schätzlein, B. van Schooten, A. Stienen",High,Include,"{""HCD_fullcycle"": [""A1 User Involvement: \""We employed an interdisciplinary research design to co-design and evaluate the SCRIPT system with people with stroke, carers and stroke professionals in three clinical sites ... In phase 1, we engaged with potential users of the SCRIPT system to create a clear picture of the target users and the context ... A mix of health and social sciences and design methods were used to collect data in this phase including focus groups, in-depth interviews and cultural probes.\"" - Section 2 Design Methodology"", ""A2 Iteration: \""The identiﬁed problems were summarised and fed back into the process of design to improve the next iteration of the system. The resulting prototypes are tested, redesigned and developed in iterative cycles.\"" - Section 2 Design Methodology"", ""A3 Lifecycle (Understanding/Ideation/Prototyping/Evaluation): \""The findings of the focus groups ... were further explored and reﬁned by conducting in-depth interviews and cultural probing ... The findings of this phase were summed up to create a collection of persona-based scenarios ... These user models served to identify user requirements and informed design of the iterative prototyping.\"" (understanding + ideation) AND \""SCRIPT Prototype 1 (SP1) is a wrist, hand and ﬁnger orthosis ...\"" (prototyping) AND \""Patients were involved in a feasibility study (n=23) ... At the time of this study, only 12 of these patients have ﬁnished their 6 weeks trial plus 2 months follow up evaluation.\"" (evaluation) - Sections 2, 3.1 and 4/4.2""], ""TASKS_elements"": [""\""These limitation are caused not by the mechanism itself, but by the type of bending sensor used: the ﬂexible resistance-based sensors suffer from natural decay in step response that makes it hard to get accurate absolute values from the sensors.\"" - Section 3.1 Mechatronic device - This is a technical measurement limitation encountered by the design team that constrained sensor accuracy and required compensatory design/algorithmic choices (a designer-facing barrier)."", ""\""However, the passive device does not allow any automatic regulation of the physical support provided, which is set by the therapist.\"" - Section 3.6 Adaptive and therapeutic human-robot interaction - This hardware design constraint prevented implementing automatic assist-as-needed functionality, limiting the designers' ability to realise an intended adaptive interaction (designer-experienced constraint)."", ""\""Among the ﬁrst 12 patients were two dropouts, because of their inability to work with the SCRIPT system due to technical problems, or no desire to work with the SCRIPT system anymore.\"" - Section 4.2 Results - Participant dropouts due to technical problems reduced usable evaluation data and indicate deployment/technical issues that affected the team's evaluation and iteration process (participant access issue affecting designers' data)."", ""\""One of the major challenges in performing gesture recognition with stroke survivors is the inter-individual variability in motor symptoms ... we developed a calibration procedure which measures range of motion and duration of movements. In a preliminary analysis ... this procedure was effective in 85% of the attempts ...\"" - Section 3.6 Adaptive and therapeutic human-robot interaction - The inter-individual variability forced the team to develop calibration procedures and cope with partial success rates, a clear design challenge affecting implementation and evaluation.""]}",,Amirabdollahian et al. - 2014 - Design development and deployment of a hand wrist exoskeleton for home based rehabilitation after st.txt,"Condition A: satisfied - The paper documents active user involvement (focus groups, in-depth interviews, cultural probes), explicit iterative redesign cycles, and evidence of all lifecycle phases (user understanding, persona-informed ideation, hardware/software prototyping, and formative/summative evaluation including home deployment and usability metrics).; Condition B: satisfied - Multiple designer-facing constraints are reported: sensor hardware limitations affecting measurement accuracy, the passive-device design preventing automatic assist-as-needed behavior, participant dropouts due to technical issues that reduced evaluation data, and the need to implement calibration procedures to handle inter-individual variability.; Final rationale: Both the full HCD cycle (A) and designer-experienced task/constraint evidence (B) are present in the Methods/Results/Discussion. Therefore the study meets inclusion criteria.","Design, development and deployment of a hand/wrist exoskeleton for home-based rehabilitation after stroke - SCRIPT project"
Mary Amos & Glyn Lawson,High,Include,"{""HCD_fullcycle"": [""A1 User Involvement: As a direct consequence of the literature review, we organized a focus group to explore the needs of elderly users in operating a domestic fire safety device. - Design Process / Literature review / Focus group"", ""A2 Iteration: We produced sketches and ideas in parallel with the research activities, and the findings from the research informed a wide range of possible design solutions. After conducting an internal evaluation of these concepts with peers, tutors, and senior researchers, we arranged a second visit to discuss these ideas with the fire safety officer. This feedback was used to decide which concepts to develop further. After the focus group, we made further developments to the form and activation method to ensure ease of use. - Design Process / Initial concepts / Focus group"", ""A3 Lifecycle (Understanding/Ideation/Prototyping/Evaluation): The methods encompass the following: Literature review; Product evaluation; Shadowing study; Fire awareness training; Interview with an expert; Focus group; Simulation/empathy gloves. (Understanding). We produced sketches and ideas... initial concepts. (Ideation). Participants were given the opportunity to hold and interact with sketch models and blank foam models. (Prototyping). The designer conducted a product evaluation (extinguished a small controlled fire), focus group feedback was used to inform development, and simulation gloves were used to confirm trigger comfort. (Evaluation). - Design Process / multiple sections""], ""TASKS_elements"": [""The ethical tenet of safety of research participants had to be at the forefront of the chosen methodology. Therefore, the adopted research methods listed next emphasize theoretical research, advice from professionals, and controlled environments during practical research. - Design Process - This indicates an ethical constraint that limited the designers' ability to perform direct testing with users in real emergency contexts, forcing selection of alternative, controlled methods."", ""further research is needed to provide an empirical behavioral profile of the redesigned product using functioning prototypes to demonstrate its feasibility and user acceptance... ethics surrounding fire and fire studies make it difficult to do direct testing and research activities. - Conclusion / Future Developments - This limitation affected the designers' ability to create and test a functioning prototype with end users, leaving the project at concept stage and preventing planned usability and behavioral testing.""]}",,Amos M. and Lawson G. - 2017 - User Centered Design of a Portable Fire Extinguisher.txt,"Condition A: satisfied - The study demonstrates active user involvement (focus group, simulation gloves), explicit iteration cycles (concept sketches, internal evaluations, expert feedback, redesign after focus group), and evidence of all lifecycle phases (understanding via literature/shadowing/interviews, ideation via sketches, prototyping via foam/sketch models, evaluation via product evaluation, focus group, and simulation tests).; Condition B: satisfied - The paper reports ethical constraints that limited direct testing in real fire scenarios and prevented full prototype testing with users, which forced the designers to adopt controlled and limited methods and left the work at concept stage.; Final rationale: The paper reports a full HCD cycle with active user involvement and iterative refinement and also documents designer-facing constraints (ethical limits on direct testing) that impacted design activities; therefore it meets both Condition A and Condition B and should be included.",User-Centered Design of a Portable Fire Extinguisher
"Sarah R. Andersson, Sarah Hassanen, Amos M. Momanyi, Danielson K. Onyango, Daniel K. Gatwechi, Mercy N. Lutukai, Karen O. Aura, Alex M. Mungai, Yasmin K. Chandanic",High,Include,"{""HCD_fullcycle"": [""A1 User Involvement: \""A combination of methods was used, including one-on-one semistructured interviews; observation and shadowing of supply chain actors, end-users, and county beneficiaries; and usability testing using the original cStock application from Siaya County.\"" [Methods]"", ""A2 Iteration: \""Usability testing was then conducted using the high-fidelity prototypes of the 4 new and redesigned tools... The testing was conducted in Samburu East...\"" and \""The iterative usability testing for the 4 prototype tools facilitated continuous learning and adjustment of the design.\"" [Methods / Results]"", ""A3 Lifecycle (Understanding/Ideation/Prototyping/Evaluation): \""We conducted the HCD process in 4 phases: (1) understanding intent, (2) research and insights, (3) ideation and prototyping, and (4) supply chain design and requirements building.\"" [Methods]""], ""TASKS_elements"": [""\""It should be noted this project did not include funds for procurement of devices so only existing devices could be used.\"" [Results - Connectivity Insights] - This shows a resource constraint that directly affected design decisions (forced use of participants' existing devices rather than procuring devices)."", ""\""Network connectivity was poor, and electricity to charge phones was sporadic. Many CHVs would travel to the nearest urban centers and facilities to charge their phones.\"" [Results - Connectivity Insights] - This demonstrates a technical/resource barrier that prevented real-time data entry and influenced the decision to include paper-based tools and offline-capable solutions."", ""\""HCD and systems analysis can take a greater time investment up front (in this case it took 7 months)... The approach requires significant time before implementation to conduct the research (2 to 3 months)... and develop and repeatedly test the design and high-fidelity prototypes of the solutions (2 to 3 months).\"" [Limitations] - This indicates time/resource burdens experienced by the design team that impacted the design process.""]}",,Andersson et al. - 2021 - Using Human Centered Design to Adapt Supply Chains and Digital Solutions for Community Health Volunt.txt,"Condition A: satisfied - The paper documents active user involvement (interviews, shadowing, co-design personas), explicit iterative cycles with multiple rounds of usability testing and prototype refinement, and a 4-phase HCD process covering understanding, ideation, prototyping, and evaluation.; Condition B: satisfied - The text reports concrete designer-facing constraints including lack of funds to procure devices, poor network/electricity access that limited real-time digital use, and substantial time/resource demands that shaped design choices.; Final rationale: The study reports a full HCD cycle with iterative co-design and usability evaluation and also describes multiple designer-experienced constraints that affected design decisions, meeting both Condition A and Condition B; therefore the paper is included.",Using Human-Centered Design to Adapt Supply Chains and Digital Solutions for Community Health Volunteers in Nomadic Communities of Northern Kenya
"Anshu Ankolekar, Ben G. L. Vanneste, Esther Bloemen-van Gurp, Joep G. van Roermund, Evert J. van Limbergen, Kees van de Beek, Tom Marcelissen, Victor Zambon, Matthias Oelke, Andre Dekker, Cheryl Roumen, Philippe Lambin, Adriana Berlanga, Rianne Fijten",High,Include,"{""HCD_fullcycle"": [""A1 User Involvement: \""we followed a user-centered design process consisting of five rounds of semi-structured interviews and usability surveys with topics such as informational/decisional needs of users and requirements for PDAs.\"" - Methods"", ""A2 Iteration: \""Based on the feedback from the user groups, we developed, tested and revised prototypes of the PDA over successive rounds.\"" and \""The development process spanned five rounds over a period of two years and involved both former PCa patients and health-care professionals.\"" - Methods / Conclusions"", ""A3 Lifecycle (Understanding/Ideation/Prototyping/Evaluation): \""Semi-structured interviews were performed to assess the type and amount of information needed for decision-making.\"" (Understanding) ; \""The clinicians then evaluated the initial draft (Fig. 3) which was based on a literature review and clinical experience.\"" (Ideation) ; \""Based on this feedback, the first prototype was developed...\"" (Prototyping) ; \""Usability survey... The System Usability Scale (SUS) questionnaire was used to determine the usability of the PDA\"" and \""Heuristic evaluation...\"" (Evaluation) - Methods / Results""], ""TASKS_elements"": [""\""One of the drawbacks is that involving a wide group of stakeholders in an iterative process can make the development process long, complicated and costly. Our development process spanned over two years and involved 58 participants, resulting in > 100 h of interview material and feedback that needed to be processed, analyzed and incorporated in successive rounds.\"" - Discussion - [Shows a designer barrier: resource and time burden that affected the team's ability to carry out and integrate iterative design activities]"", ""\""Involving many different users provides a variety of perspectives, but can pose a larger challenge to integrate these diverse views and find a consensus, particularly in the area of usability testing... Incorporating these varying perspectives and preferences may not be feasible...\"" - Discussion - [Shows a designer barrier: difficulty integrating diverse stakeholder perspectives which constrained design decisions and process]""]}",,Ankolekar et al. - 2019 - Development and validation of a patient decision aid for prostate Cancer therapy from paternalistic.txt,"Condition A: satisfied - The Methods and Results document explicit user involvement (multiple stakeholder groups co-designing and providing iterative feedback), clear iteration across five rounds with successive prototypes, and evidence for all lifecycle phases: needs assessment interviews (understanding), creation of initial draft/literature-based concepts (ideation), multiple prototypes (prototyping), and usability/heuristic testing and SUS/think-aloud sessions (evaluation).; Condition B: satisfied - The Discussion explicitly reports developer-experienced constraints: long duration, high resource/time burden, and difficulties integrating diverse stakeholder perspectives that affected the team's ability to execute and incorporate iterative design work.; Final rationale: The paper reports a full user-centered HCD cycle (user involvement, explicit iterative refinement, and evidence of understanding/ideation/prototyping/evaluation) and documents designer-facing constraints (resource/time and integration difficulties). Therefore it meets both Condition A and Condition B and should be included.",Development and validation of a patient decision aid for prostate Cancer therapy: from paternalistic towards participative shared decision making
"Charlotte Anraad, Pepijn van Empelen, Robert A. C. Ruiter, Marlies Rijnders, Katja van Groessen, Hilde M. van Keulen",High,Include,"{""HCD_fullcycle"": [""A1 User Involvement: \""We conducted four focus-group interviews involving a total of 19 pregnant women... The 1.5-h focus-groups were semi-structured and focused on factors associated with the decision to accept or refuse MPV, how pregnant individuals perceive the decision-making process, and their evaluation of sample information about MPV. The focus-groups were transcribed and analyzed using thematic coding.\"" - [Methods: IM step 1 — needs assessment]"", ""A2 Iteration: \""We created an online tailored decision aid, subjecting it to four iterations of testing among pregnant women, including those with low literacy levels... In the second iteration, five pregnant women individually used an interactive prototype of the intervention during think-aloud sessions... The third iteration featured a full, interactive version... The fourth iteration was a usability test with four low-literate users in individual think-aloud sessions.\"" - [Results: IM step 4 — Pre-testing intervention prototypes]"", ""A3 Lifecycle (Understanding/Ideation/Prototyping/Evaluation): \""Step 1 entails constructing a logic model of the problem. To accomplish this, we reviewed literature, conducted a survey study [n=611] and a focus-group study.\"" (understanding) \""Step 3 concerns the design of the intervention program... selection of theory-based intervention methods and their applications.\"" (ideation) \""The online decision aid was created mobile-first... The online decision aid consisted of three main components...\"" (prototyping) \""We planned to test the interventions in a semi-randomized controlled trial... we used a randomized controlled design for the evaluation of the online decision aid... When it became possible to resume CP group-care, we conducted a small-scale study to evaluate the feasibility and acceptability of the CP intervention.\"" (evaluation) - [Methods: IM steps 1,3; Results: IM step 4 and IM step 6]""], ""TASKS_elements"": [""\""However, due to the COVID-19 pandemic and the associated social-distancing measured in place at the time of the data collection, CP group-care could not safely take place and could therefore not be included in the large-scale trial. We then used a randomized controlled design for the evaluation of the online decision aid.\"" - [Results: IM step 6 — evaluation plan] - [This shows a designer/implementation barrier: COVID restrictions prevented planned CP group-care and forced adaptation of the planned evaluation/design (could not include CP in large-scale trial)]."", ""\""participating midwifery clinics could not be randomly assigned to the CP or control condition, as CP care is only offered in a limited number of clinics.\"" - [Results: IM step 6 — evaluation plan] - [This shows a resource/implementation constraint experienced by designers: limited availability of CP sites prevented full random assignment and required a semi-randomized design]."", ""\""The small sample sizes in this study do not serve to evaluate the effectiveness of the intervention.\"" - [Limitations] - [This shows a limitation affecting designers' ability to evaluate effectiveness during development (reduced ability to perform planned evaluation activities during development phase)].""]}",,Anraad et al. - 2024 - Promoting informed decision making about maternal pertussis vaccination the systematic development o.txt,"Condition A: satisfied - The study documents active user involvement (focus groups, think-aloud sessions including low-literate users), explicit multiple iterations (four rounds of prototyping and refinement), and all four lifecycle phases (needs assessment/understanding, ideation/design, prototyping, and planned/initial evaluation).; Condition B: satisfied - The paper reports designer-facing constraints including COVID-19 preventing CP group-care (forcing adaptation of evaluation), limited availability of CP clinics preventing full randomization, and small sample sizes during development limiting evaluation capacity.; Final rationale: Both the full HCD cycle (A1, A2, A3) and at least one designer-experienced task/constraint are explicitly reported in Methods/Results/Limitations; therefore the study meets inclusion criteria.",Promoting informed decision making about maternal pertussis vaccination: the systematic development of an online tailored decision aid and a centering-based group antenatal care intervention
"Bahareh Ansari, Erika G. Martin",High,Include,"{""HCD_fullcycle"": [""A1 User Involvement: \""Three preliminary meetings with the data owners (AIDS Institute Office of Sexual Health and Epidemiology) and an in-person site visit were used to establish relationships, secure buy-in, and discuss topics such as data dashboard goals, the intended audience, available resources, data limitations, software requirements, and other relevant organizational contexts.\"" - Methods, Step 1"", ""A1 User Involvement: \""Participants from Step 3 were recruited for a Zoom-based usability evaluation of the prototype, in which participants were asked to freely explore each page, use interactive features, and narrate what they saw.\"" - Methods, Step 4"", ""A2 Iteration: \""All findings from the first 3 steps were integrated in the prototype data dashboard’s design.\"" - Methods, Step 4"", ""A2 Iteration: \""The findings of the experiment and the usability evaluation were incorporated in the final prototype data dashboard.\"" - Methods, Step 4 / Results"", ""A3 Lifecycle (Understanding/Ideation/Prototyping/Evaluation): \""Step 1. Stakeholder requirements gathering and establishing the partnership...\"" (understanding users) - Methods, Step 1; \""An expert review of current US states’ STI data dashboards to produce a usability checklist\"" (ideation/design guidance) - Methods, Step 2; \""A prototype dashboard was developed using the NYS STI surveillance data... The data dashboard was created in Tableau using a dashboard layout and interactive charts.\"" (prototyping) - Methods, Step 4; \""A usability evaluation was conducted... and an experiment was embedded in the usability evaluation to test the methods to visualize missing data.\"" (evaluation) - Methods, Step 4""], ""TASKS_elements"": [""\""the final data dashboard would need to be hosted on an external organization’s website due to state government agency 'executive clearance' requirements that each website update be reviewed and approved before release to the public.\"" - Results/Step 1 - This describes an organizational constraint that forced designers to adapt hosting and deployment plans, limiting their implementation options."", ""\""These pragmatic modifications included learning from existing data dashboards instead of starting from scratch and conducting virtual meetings instead of observing user behavior in their workplace.\"" - Discussion - This indicates designers changed standard HCD methods because stakeholder time and availability were limited (resource constraint) and in-person observation was not feasible."", ""\""the data collection of this project was conducted virtually because of the concerns regarding COVID-19 transmission and the difficulties of scheduling time with busy public health experts during the pandemic. Virtual meetings limited the ability to collect additional user data such as body expressions and eye movements.\"" - Discussion / Limitations - Shows that pandemic-related access/time constraints limited designers' ability to perform richer evaluation methods."", ""\""staff being diverted to the COVID-19 response (thereby severely constraining their time) and staff working in confidential spaces due to the sensitive data (thereby making it difficult for a researcher team to gain security clearances to observe workflows directly).\"" - Discussion - Describes reduced staff availability and access/security barriers that constrained observational methods and participant recruitment, forcing adaptation of methods.""]}",,Ansari and Martin - 2024 - Integrating human centered design in public health data dashboards lessons from the development of a.txt,"Condition A: satisfied - The study documents active stakeholder and target-user involvement (Steps 1, 3, 4), explicit iterative integration of findings across multiple steps, and evidence of all four lifecycle phases (stakeholder understanding, design guidance/ideation via checklist and alternatives, prototype development in Tableau, and usability evaluation with an embedded experiment).; Condition B: satisfied - The paper reports multiple designer-facing constraints (organizational hosting/executive clearance requirements, limited staff time due to COVID-19, virtual-only data collection limiting observational methods, and difficulty obtaining security clearances), which materially affected the designers' methods and forced adaptations.; Final rationale: Both Condition A (full HCD cycle with user involvement, iteration, and all lifecycle phases) and Condition B (documented designer-facing tasks/constraints that impacted the project) are met; therefore the paper should be included.",Integrating human-centered design in public health data dashboards: lessons from the development of a data dashboard of sexually transmitted infections in New York State
Danielle Arigo; Andrea F Lobo; M Cole Ainsworth; Kiri Baga; Kristen Pasko,High,Include,"{""HCD_fullcycle"": [""A1 User Involvement: [\""These interviews focused on gathering women’s perceptions, preferences, and suggestions for improvements to sample peer images, profile text, and messages.\""] - Methods: Content Feedback / Recruitment and Participants"", ""A2 Iteration: [\""We developed a total of 7 storyboard drafts using an interactive process, which was led by the first author (DA) and modified with questions and input from the computer science expert (second author [AFL]).\""] - Methods: Procedures / Development"", ""A3 Lifecycle (Understanding/Ideation/Prototyping/Evaluation): [Understanding: \""The first and second authors (DA and AFL) developed technical specifications, informed by their experience with the population of interest.\""; Ideation: \""In the spring and summer of 2020, investigators developed storyboards to specify the requirements of the web application.\""; Prototyping: \""The computer scientist (AFL) used (the storyboard) to develop the code for the initial draft of the application... We chose the Django framework... deployed on an Amazon Web Services ec2 instance using the SQLite database.\""; Evaluation: \""We conducted naturalistic functionality testing with a different group of women in midlife (n=5 ...), who used the web application as intended for 4 days and provided feedback at the end of this period.\""] - Methods/Procedures/Results""], ""TASKS_elements"": [""[\""There were difficulties regarding questions about permissions for server housing and IRB questions about the collection of protected health information via the new web application. The process of effectively communicating this to the IRB and securing permission to house the web application on a commercial server was lengthy and involved.\""] - Discussion: Lessons Learned - Why it shows a designer barrier: regulatory and server-permission issues delayed deployment and required extra effort from the design team, constraining development activities."", ""[\""These procedures may not be possible at formative study stages owing to limited financial support to protect team members’ time for such activities. Relative to the resources available for later stages of the process, such as efficacy testing for an existing digital health tool, research funding for the formative stages of tool development is often much more modest.\""] - Discussion: Strengths, Limitations - Why it shows a designer barrier: limited funding constrained the team's ability to perform ideal formative activities (eg, recording interviews, multiple raters), limiting design evaluation capacity."", ""[\""The onset of the COVID-19 pandemic was the cause of another delay, as part of the investigators’ research time was redirected to other professional and personal responsibilities.\""] - Discussion: Lessons Learned - Why it shows a designer barrier: pandemic-related reallocation of team time delayed iterative work and affected the timeline for design activities."", ""[\""Negative testing (involving 20 use episodes) identified two application navigation pitfalls: using the back button allowed for many selections in the same use episode and entering spaces or other non–language-based text was accepted as valid responses to the open-ended questions.\""] - Results: Internal Testing Round 1 - Why it shows a designer barrier: technical and navigation issues forced unplanned redesigns (eg, enforcing strict forward flow), adding development work and altering planned procedures."", ""[\""These and similar oversights may be owing to behavioral scientists’ implicit assumptions and lack of familiarity with the problems that such errors can cause, and thus, failing to specify all desired rules ahead of time.\""] - Discussion: Lessons Learned - Why it shows a designer barrier: skill/knowledge gaps between disciplinary team members led to omitted specifications, increasing rework and burden on developers.""]}",,Arigo et al. - 2022 - Development and Initial Testing of a Personalized Adaptive and Socially Focused Web Tool to Support.txt,"Condition A: satisfied - The study documents active user involvement via interviews and surveys that informed content, explicit iterative development with multiple storyboard drafts and rounds of testing, and evidence of all four lifecycle phases (user understanding, ideation/storyboarding, prototyping with a functional web app, and evaluation via internal and naturalistic user testing).; Condition B: satisfied - The manuscript reports multiple designer-facing constraints and difficulties (regulatory/server permission delays, limited formative-stage funding, COVID-19 related time reallocation, technical/navigation bugs identified during testing, and specification gaps due to disciplinary knowledge differences) that affected the design process.; Final rationale: Both the full HCD cycle (Condition A) and at least one valid designer-facing TASKS element (Condition B) are clearly documented in the Methods, Results, and Discussion/Limitations, so the study meets inclusion criteria.","Development and Initial Testing of a Personalized, Adaptive, and Socially Focused Web Tool to Support Physical Activity Among Women in Midlife: Multidisciplinary and User-Centered Design Approach"
"Saepul Aripiyanto, Siti Ummi Masruroh, Muhamad Azhari, Dewi Khairani, Riana Munawarohman, Husni Teja Sukmana",High,Exclude,"{""HCD_fullcycle"": [""A1 User Involvement: [\""In this study, interviews were conducted with the school, namely teachers and students, and parents. The interview questions cover several things, namely the identity of the user, the purpose and tasks of using the website, the system used by the user, the difficulty of the user in using the website in the initial design, and suggestions. to design a solution.\"" - Methods (Data Collecting Method, Interview)]"", ""A2 Iteration: [\""Initial Design Evaluation: At this stage, the authors evaluate usability to measure the level of user satisfaction with the System Usability Scale (SUS) method. In practice, the author will distribute questionnaires to several respondents then the results of the evaluation will be used as the basis for making solution designs and also comparative analysis with the results of the solution design evaluation.\"" - Methods (Development Method, steps 2 and 6)]"", ""A3 Lifecycle (Understanding/Ideation/Prototyping/Evaluation): [\""The Human - Centered Design method consists of four stages. The first stage is an analysis of the context of use... The second stage is a needs analysis... The third stage is making a user interface design... The last stage is design evaluation to determine the usability value of the design that has been made.\"" - Literature Review (C. Human – Centered Design) and Methods (Development Method, steps 1,3,4,5); also: \""This stage is the design stage of the Menes Mathla'ul Anwar Central Junior High School website design solution in the form of a High Fidelity Prototype\"" - Analysis and Design (Solution Design Making/Prototype); and: \""the author evaluates the the Menes Mathla'ul Anwar Central Junior High School website to determine the level of usability through the design of the solution that has been made. The evaluation was carried out using two methods, Heuristic Evaluation and System Usability Scale (SUS)\"" - Methods (Development Method, step 5)]""], ""TASKS_elements"": []}",Condition A not satisfied (no evidence of repeated iteration cycles) and Condition B not satisfied (no evidence of designer-experienced constraints or barriers).,Aripiyanto S. et al. - 2022 - Usability Improvement Through User Interface Design with Human Centered Design HCD Method on Junior.txt,"Condition A: not satisfied - although the study demonstrates user involvement (interviews, personas) and covers the HCD lifecycle (understanding, ideation, prototyping, evaluation), there is no clear evidence of explicit repeated refinement cycles; the report describes a single initial-evaluate -> solution-design -> evaluate sequence rather than multiple iteration rounds.; Condition B: not satisfied - the manuscript does not report constraints or difficulties experienced by the designers (no statements of resource limits, recruitment/participant access problems affecting design, designer cognitive/skill barriers, or process/technical issues that forced adaptations).; Final rationale: Excluded because Condition A fails due to lack of documented iterative (repeated) refinement cycles, and Condition B fails because no designer-facing task/constraint evidence is reported; both conditions required for inclusion are not met.",Usability Improvement Through User Interface Design with Human Centered Design (HCD) Method on Junior High School Websites
"Marcela Arrivillaga, Paula C. Bermúdez, Juan Pablo García-Cifuentes, Jorge Botero",High,Include,"{""HCD_fullcycle"": [""A1 User Involvement: \""The ideation and co-design process was carried out with the participation of both women users of the cervical cytology service and healthcare providers of the cancer program, healthcare center administrators and the general manager of the health network.\"" - Ideation and co-design process (Materials and methods)"", ""A2 Iteration: \""In practice, the stages overlapped and iterated throughout the design process developed between January and December 2018.\"" - HCD (Materials and methods); and \""we carry out prototyping and context testing in an iterative and participatory way.\"" - In-context usability testing (Materials and methods)"", ""A3 Lifecycle (Understanding/Ideation/Prototyping/Evaluation): \""This project is comprised of five stages: i. Research, ii. Need synthesis, iii. Ideation and co-design process, iv. Prototyping and v. In context usability testing.\"" and \""We conducted observations, open-ended interviews and conversations, multi-stakeholder workshops, focus groups, systematic text condensation analysis and tests in real context and simulated hospital.\"" - HCD / Research (Materials and methods)""], ""TASKS_elements"": [""\""However, the speculum’s viewing angle was greater than that of the Citobot, so this device requires further modifications in hardware development.\"" - Findings (Citobot) - Process/technical issue encountered by the design team during testing that forced further hardware development and adaptation of the prototype."", ""\""After analyzing the data, it was determined that, although there were 297 message notifications in the targeted cellphones, few people had effective access to the video.\"" - Findings ('No le des la espalda a la citología') - Participant access/technology reach issue that limited the designers' ability to reach users and evaluate the media-based prototype effectively."", ""\""The tablet was not an adequate tool for women over 60 years old, who had difficulty handling a touchscreen.\"" - Findings ('Tu Turnero ESE') - Usability limitation observed by designers that constrained effective use of the prototype and required changes to support older users."", ""\""Issues like manicure funding, the provision of physical spaces in waiting rooms, and the coordination of waiting times with medical care should be reviewed.\"" - Discussion - Resource and implementation constraints identified by the team that affect feasibility and require adjustments for broader implementation.""]}",,Arrivillaga et al. - 2020 - Innovative prototypes for cervical cancer prevention in low income primary care settings A human cen.txt,"Condition A: satisfied - The paper documents active user/stakeholder involvement (co-design workshops, multi-stakeholder ideation, and usability tests), explicit iterative cycles, and evidence of all lifecycle phases (research/understanding, ideation, prototyping, and in-context evaluation).; Condition B: satisfied - The manuscript reports multiple designer-facing constraints experienced during development and testing (technical limitations of Citobot requiring hardware changes; limited effective access via Beacons/SMS affecting outreach evaluation; tablet usability issues with older users; and resource/implementation concerns for scaling prototypes).; Final rationale: The study reports a full HCD cycle with active user involvement and iterative development, and it documents concrete designer-experienced barriers that affected prototype development, testing, or implementation; therefore it meets both Condition A and Condition B and should be included.",Innovative prototypes for cervical cancer prevention in low-income primary care settings: A human-centered design approach
"Ali Asadipour, Kurt Debattista, Vinod Patel, Alan Chalmers",High,Include,"{""HCD_fullcycle"": [""A1 User Involvement: \""a team of medical tutors and their first year students were actively involved in this study.\"" - Methods: Methodology (section 3)"", ""A2 Iteration: \""The early version of the prototype was made to demonstrate the concept of a technology-aided training interface. It was evaluated by a team of medical tutors (Focus Group) to identify a list of design refinements before the data collection stages.\"" and \""One tutor ... was invited in a series of follow up meetings throughout the iterative design process\"" - Methods: Prototyping the Educational Interface (section 3.1) and Design (section 5.2.1)"", ""A3 Lifecycle (Understanding/Ideation/Prototyping/Evaluation): \""Elicitation of user requirements ... qualitative and quantitative data have been collected in different stages of this research via a series of User Centred Design (UCD) methods.\"" (Understanding users) ; \""Creation of a Proof of Concept Model ... The medical tutors' palpation data were analysed ... to create a proof-of-concept model\"" (Ideation/ground-truth) ; \""Prototyping the Educational Interface\"" and \""The initial wearable prototype ... ParsGlove\"" (Prototyping) ; \""Evaluation Study ... A Usability Test method was used in the final stage of this study ... Twenty three first year medical students ... were invited to perform three palpation tasks ...\"" (Evaluation) - Methods: Methodology (section 3), Creation of a Proof of Concept Model (section 3.3), Palpation Training System (section 5), Evaluation Study (section 7)""], ""TASKS_elements"": [""\""due to a lack of available off-the-shelf measurement interfaces with the flexibility required for this study. Moreover, additional factors such as budget restrictions and time commitments were influential in making this decision.\"" - Prototyping the Educational Interface (section 3.1) - [Shows resource limits that forced the team to build a custom prototype rather than adopt existing tools]"", ""\""It was difficult to find a female participant in the Large category as no one within that category volunteered ... Just prior to the start of the data collection, the male participant in the medium body category withdrew.\"" - Participants (section 6.3) - [Shows participant access/recruitment issues that constrained sampling and data collection decisions]"", ""\""Four senior clinical tutors were involved in order to develop a ground theory in a limited timeframe and more collaboration from experts are required to improve efficiency and reliability of the proposed approach.\"" - Limitations (section 8.1 Sampling and Data Collection) - [Shows limited expert participation/resource/time constraints that affected the designers' ability to develop a more robust gold-standard model]"", ""\""Ergonomics Method: As noted in section 2.3.2 ethnography ... is a costly and time consuming method ... As part of the future work participation in several formal training sessions is planned\"" - Limitations (section 8.1 Ergonomics Method) - [Shows methodological/time/resource constraint that affected choice of methods and the extent of designer-led field work]""]}",,Asadipour et al. - 2020 - A technology aided multi modal training approach to assist abdominal palpation training and its asse.txt,"Condition A: satisfied - The paper documents active user involvement (medical tutors and students), explicit iterative refinements of prototypes, and all four lifecycle phases (user requirements elicitation, ideation/proof-of-concept, prototyping of ParsGlove/PTS, and evaluation with students).; Condition B: satisfied - The manuscript reports designer-facing constraints including lack of suitable off-the-shelf hardware leading to in-house prototyping (budget/time), participant recruitment/withdrawal issues, and limited expert sample size/time which affected development of the gold-standard model.; Final rationale: Both the full HCD cycle (A1–A3) and at least one valid designer task/constraint (resource limits, participant access, limited expert involvement) are explicitly reported in Methods, Results, and Limitations; therefore the study meets inclusion criteria.",A Technology-aided Multi-modal Training Approach to Assist Abdominal Palpation Training and its Assessment in Medical Education
"Chao Long Azad, Laura K. Beres, Albert W. Wu, Allan Fong, Aviram M. Giladi",High,Include,"{""HCD_fullcycle"": [""A1 User Involvement: \""We conducted semi-structured interviews with three participant groups (patients, caregivers, and clinic staff) to understand PROM usability, instrument design, perceived completion barriers, and completion strategies employed.\"" - Methods: Discovery interviews"", ""A2 Iteration: \""Prototypes underwent three rounds of iterative refinement by the research team... This round of refinement incorporating the CAB’s feedback was the fourth and final round.\"" - Methods: Prototyping / Community feedback"", ""A3 Lifecycle (Understanding/Ideation/Prototyping/Evaluation): \""Direct observation...\"" (understanding) \""The ideation workshop...\"" (ideation) \""Ideas from the workshop were translated into six features that were built into a low-fidelity prototype...\"" (prototyping) \""To ensure the completeness, credibility, and validity of our findings... we conducted additional interviews that included member-checking of findings from prior phases.\"" (evaluation/member-checking) - Methods: Direct observation / Ideation workshop / Prototyping / Member-checking interviews""], ""TASKS_elements"": [""\""We may have missed some relevant perspectives. For example, patients with cognitive disabilities or with poor English proficiency may have perspectives that differ from the broader low print literacy population.\"" - Limitations - Why it shows a designer barrier: This limitation indicates reduced data diversity and missing stakeholder perspectives that affected the designers' ability to fully capture varied user needs during design activities."", ""\""Our community advisory board included only eight members, so our community input beyond those directly associated with the study came from a relatively small number of individuals.\"" - Limitations - Why it shows a designer barrier: A small CAB limited the breadth of community feedback available to designers, constraining community-engaged design input and potentially affecting iteration decisions."", ""\""Staff participants highlighted that they disliked having to administer more than one mode of PROM completion (e.g., paper and pencil vs. tablet vs. staff-administration), and preferred one uniform, streamlined process.\"" - Results: Discovery interviews - Why it shows a designer barrier: This stakeholder implementation constraint forced designers to accommodate staff workflow limitations, requiring the team to design a single customizable instrument rather than multiple mode-specific solutions.""]}",,Azad C.L. et al. - 2024 - Developing a multimedia patient reported outcomes measure for low literacy patients with a human cen.txt,"Condition A: satisfied - The study documents active user involvement (discovery interviews, member-checking, CAB feedback), explicit iterative refinement (multiple prototype rounds and final CAB-driven refinements), and all four HCD phases (direct observation/interviews for understanding, ideation workshop, prototyping in Figma, and member-checking evaluation).; Condition B: satisfied - The limitations and discovery findings describe concrete constraints that affected the design process: missing perspectives (reduced data diversity), a small CAB limiting community input, and staff workflow constraints that required designers to adapt the instrument design.; Final rationale: The paper reports a full HCD cycle with iterative user-involved design and documents designer-facing constraints that impacted design decisions and activities; therefore it meets both Condition A and Condition B and should be included.",Developing a multimedia patient-reported outcomes measure for low literacy patients with a human-centered design approach
Julie Baca; Wes Monceaux; Keith Rappold; Patti Duett; Kimba Buchanan; Scotty Swillie; Glen Browning,High,Include,"{""HCD_fullcycle"": [""A1 User Involvement: In adherence to user-centered design, a user group (UG) was formed to serve as participants in the design of the ezHPC software. - Abstract / Introduction"", ""A2 Iteration: Prototypes are under development for regular reviews by the UG, followed by iterative refinement. Also, Prototyping involves iteratively generating interface designs and refining them based on user feedback. - Abstract / 3. Prototyping"", ""A3 Lifecycle (Understanding/Ideation/Prototyping/Evaluation): Understanding users: Prior to the workshop, each participant replied to a brief e-mail survey with the purpose of eliciting a broad view of the typical user workflow. - 2.1 Preworkshop Data; Ideation: The workflow analysis shown in Figure 1 was used to initiate a focus group session held the first morning of the workshop. - 2.2 Workshop Focus Group Data; Prototyping: The team began prototyping the new interface design once feedback was given on the prioritized usability results. - 3. Prototyping; Evaluation: At the completion of the morning focus group session, participants engaged in a usability evaluation, in which they performed a variety of tasks using the current ezHPC interface and then evaluated its ease of use via a questionnaire. - 2.3 Usability Evaluation""], ""TASKS_elements"": [""To reiterate, this interface was designed by a skilled, experienced programming team, though untrained in usability. - 2.4 Usability Evaluation - This indicates a designer skill/knowledge gap (designers lacked usability expertise), a constraint affecting the design process and motivating adoption of user-centered methods.""]}",,Baca J. et al. - 2007 - ezHPC Adopting a program wide user centered design approach to the ezHPC user interface.txt,"Condition A: satisfied - explicit user involvement (UG, surveys, workshop), clear iterative prototyping and review cycles, and documented evidence of all four lifecycle phases (understanding via survey/focus group, ideation in workshop, prototyping mockups, and evaluation via usability walkthrough and user testing).; Condition B: satisfied - the paper explicitly states the programming/design team was untrained in usability, a skill/knowledge gap that affected how the interface was initially designed and motivated usability activities.; Final rationale: The study reports a full HCD cycle with active user involvement and iteration, and it documents a designer-facing constraint (lack of usability training). Both Condition A and B are met, so include.","ezHPC: Adopting a Program-wide, User-centered Design Approach to the ezHPC User Interface"
Nilanjana Bairagi; Prathmesh Mahajani,High,Include,"{""HCD_fullcycle"": [""A1 User Involvement: \""User feedback was taken to improve the design and during the material selection process. Prototypes were developed and feedback was taken from the stakeholders.\"" - 15.2 Research Methodology"", ""A2 Iteration: \""Based on the feedback and observations, the prototype was modified and redesigned before the development of the final design.\"" - 15.2 Research Methodology"", ""A3 Lifecycle (Understanding/Ideation/Prototyping/Evaluation): \""This is done through an ethnographic research approach where the users were studied in a real environment in their home setting or home-cum-rehabilitation center... Users were also interviewed to study the ease of using a walker and performing daily tasks. Empathy mapping was carried out to understand these needs\"" (Understanding) - 15.2 Research Methodology; \""Designs were conceptualized based on the initial research.\"" (Ideation) - 15.4 Development of Concept Sketches; \""To meet the basic requirements of stability and durability, different materials were explored like steel, plastic, and organic materials... The prototype was developed to check the feasibility of bending the material, the stability of the structure, and weight assessment\"" (Prototyping) - 15.5 Prototyping; \""User testing of the rattan cane walker was carried out in real set up... To study the difference in their gait speed, two elderly volunteers are asked to travel 12 m distance using conventional walker v/s rattan cane walker... The results of the user testing indicate that the average gait speed...\"" (Evaluation) - 15.6 User Testing""], ""TASKS_elements"": [""\""In terms of steel, low-scale frugal prototypes are made using locally sourced galvanized wire (GI) wire and parts of the Mechanix tool kit. To reduce the weight of the walker, lightweight polyvinyl chloride (PVC) pipes were also explored. It was observed that lightweight PVC structures are prone to bending and twisting.\"" - 15.5 Prototyping - This describes a process/technical issue experienced by the designers (material choice causing prototyping failures) that forced them to adapt materials and approach."", ""\""From the user’s feedback, it is found that the legs of the walker may be prone to wearing off, thereby leading to instability of the walker. To overcome this problem, rubber stubs for walker’s legs were designed.\"" - 15.6 User Testing - This documents a design constraint discovered during testing that required designers to modify the prototype (an implementation barrier affecting design activities).""]}",,Bairagi N. and Mahajani P. - 2021 - Redesigning Walker for Elderly.txt,"Condition A: satisfied - The study documents active user involvement shaping design, explicit iterative modification of prototypes, and all four lifecycle phases (ethnographic understanding, concept generation, prototyping, and user evaluation).; Condition B: satisfied - The paper reports process/technical issues encountered by designers (PVC prototypes bending/twisting and leg wear leading to added rubber stubs), which forced adaptations during design and prototyping.; Final rationale: Both the full HCD cycle (A1, A2, A3) and at least one designer-experienced task/constraint are evidenced in Methods/Results/Prototyping/User Testing, meeting inclusion criteria.",Chapter 15
Jacqueline M. Soegaard Ballester; Geoffrey D. Bass; Richard Urbani; Glenn Fala; Rutvij Patel; Damien Leri; Jackson M. Steinkamp; Joshua L. Denson; Roy Rosin; Srinath Adusumalli; Clarence William Hanson; Ross Koppel; Subha Airan-Javia,High,Include,"{""HCD_fullcycle"": [""A1 User Involvement: \""We employed user-centered design and Agile development methodologies... We first created mockups of user interfaces with focus groups from different disciplines and training levels (9 physicians, 2 medical students, 1 nurse, 1 social worker, and 1 user experience designer). ... Once the interface achieved high levels of intuitiveness and usability based on qualitative feedback from further focus group sessions with >60 clinicians...\"" - [Methods, Development Methodology]"", ""A2 Iteration: \""Initial front-end prototypes were adjusted iteratively using a staging database to input testing data. Once the interface achieved high levels of intuitiveness and usability based on qualitative feedback... This approach maximized our ability to gather early user feedback to guide the evolution of future versions and feature enhancements. Development of these iterative improvements continued well past implementation.\"" - [Methods, Development Methodology / Implementation]"", ""A3 Lifecycle (Understanding/Ideation/Prototyping/Evaluation): \""user inquiries revealed that shift-to-shift handoff was only one of many workflows needing better support\"" (understanding users); \""We first created mockups of user interfaces\"" (ideation); \""Initial front-end prototypes were adjusted iteratively using a staging database to input testing data\"" (prototyping); \""We assessed acceptance via usage metrics, user observations, time–motion studies, and user surveys.\"" - [Objective / Methods / Development Methodology / Usage Measurements and User Perceptions]""], ""TASKS_elements"": [""\""The implementation team consisted of two to three part-time clinical members for training and support and two to four part-time developers for building new features, addressing bugs and issues, and technical support.\"" - [Methods, Implementation] - [Why it shows a designer barrier: indicates resource limits (part-time staffing) that constrained designers' capacity for development, training, and support.]"", ""\""During pilot phases, application feedback was provided via an external electronic survey. This was poorly utilized and posed challenges to timely responses for our development team. We therefore transitioned to an in-application feedback mechanism.\"" - [Discussion] - [Why it shows a designer barrier: describes a process issue that hindered the development team's ability to receive and respond to user feedback, forcing a change in feedback mechanism.]"", ""\""We did encounter challenges to implementing our application, including availability of mobile devices for users and mobile device battery depletion.\"" - [Discussion] - [Why it shows a designer barrier: hardware availability and battery constraints limited designers' ability to ensure intended mobile workflows and required workarounds or design adaptations.]"", ""\""use of Carelign on mobile devices while en route to see patients revealed uneven coverage in nonclinical areas (e.g., hallways, staircases, and elevators). This recognition prompted efforts to improve network coverage to support such ambulatory use.\"" - [Discussion] - [Why it shows a designer barrier: technical infrastructure (network coverage) impeded intended mobile functionality and required infrastructure changes that affected implementation and design decisions.]"", ""\""Our decision to build the application alongside (rather than within) the main EHR was largely motivated by our requirement of supporting a mobile, paperless handoff and rounding workflow. This was not possible within our EHR at the time (Allscripts) nor within the EHR our health system planned to implement shortly thereafter (Epic). Moreover, our team needed a platform that enabled rapid development with frequent iterations, which is often not feasible in a large, foundational application such as the EHR of a large health system.\"" - [Methods, Application Description] - [Why it shows a designer barrier: constraints of the existing EHR prevented in-EHR development, forcing the team to adopt an alternative architecture to meet iteration and mobile requirements.]""]}",,Ballester et al. - 2021 - A Mobile Electronic Health Record Connected Application for Managing Team Workflows in Inpatient Car.txt,"Condition A: satisfied - The manuscript documents active user involvement (focus groups and ongoing clinician feedback), explicit iterative development and continued post-implementation iteration, and evidence of the full lifecycle (user needs elicitation, mockups/ideation, prototyping with staging data, and evaluation via usage metrics, time–motion studies, and surveys).; Condition B: satisfied - The paper reports multiple designer-facing constraints (limited part-time development/training resources, poor initial feedback mechanism hindering developer responses, mobile device availability and battery issues, uneven network coverage, and EHR integration limitations) that affected implementation and required adaptations.; Final rationale: Both the full HCD cycle and at least one designer-experienced task/constraint are clearly documented in the Methods, Results, and Discussion; therefore the study meets inclusion criteria.","A Mobile, Electronic Health Record-Connected Application for Managing Team Workflows in Inpatient Care"
"Hana Bangash, Laurie Pencille, Justin H. Gundelach, Ahmed Makkawy, Joseph Sutton, Lenae Makkawy, Ozan Dikilitas, Stephen Kopecky, Robert Freimuth, Pedro J. Caraballo, Iftikhar J. Kullo",High,Include,"{""HCD_fullcycle"": [""A1 User Involvement: \""Semi-structured qualitative interviews and usability testing sessions were conducted to obtain physician perspectives on two EHR-based CDS prototypes.\"" - [Methods: 2.2 Physician Interviews and Usability Testing]"", ""A2 Iteration: \""Four rounds of physician interviews and usability testing were conducted—new physicians, without prior exposure to the CDS tool, participated in each round and their feedback informed CDS prototyping and iterative refinements in subsequent rounds.\"" - [Methods: 2.2 Physician Interviews and Usability Testing]"", ""A3 Lifecycle (Understanding/Ideation/Prototyping/Evaluation): \""Qualitative methodologies and a user-centered design process were applied within a type 1 effectiveness-implementation hybrid framework... The first prototype was a best practice alert (BPA)... The second prototype was an asynchronous in-basket alert... Following each interview, physicians were asked to complete a twenty five-question implementation survey... Both the BPA and in-basket CDS formats were deployed in 'silent mode' across all Mayo Clinic sites... for a three-month period (July 2019 to October 2019).\"" - [Methods: 2.2, 2.3, 2.4; Results: 3.4 Silent Mode Metrics]""], ""TASKS_elements"": [""\""Additionally, inherent EHR limitations prevented some physician feedback from being implemented in the final CDS tools that were deployed in the EHR.\"" - [Discussion: Limitations] - Why it shows a designer barrier: This is a technical/process constraint that directly prevented the design team from implementing user feedback and adapting the CDS as intended.""]}",,Bangash et al. - 2020 - An Implementation Science Framework to Develop a Clinical Decision Support Tool for Familial Hyperch.txt,"Condition A: satisfied - Clear evidence of active user involvement (interviews, think-aloud usability), explicit iterative cycles (four rounds; rapid prototyping until saturation), and all lifecycle phases (understanding via interviews, ideation/prototype development of BPA and in-basket, prototyping, and evaluation via usability testing, surveys, and silent-mode deployment).; Condition B: satisfied - The paper reports inherent EHR limitations that prevented implementation of some physician feedback, a designer-facing technical constraint that impaired their ability to perform design activities.; Final rationale: The study documents a complete, iterative user-centered HCD process with direct user shaping of the tool and reports at least one concrete designer-facing barrier (EHR limitations). Therefore it meets both Condition A and Condition B and is included.",An Implementation Science Framework to Develop a Clinical Decision Support Tool for Familial Hypercholesterolemia
Hana Bangash; Ahmed Makkawy; Justin H Gundelach; Alexandra A Miller; Kimberly A Jacobson; Iftikhar J Kullo,High,Include,"{""HCD_fullcycle"": [""A1 User Involvement: \""The initial prototype underwent a cognitive walkthrough, which was followed by usability testing with key stakeholders including genetic counselors and patients with familial hypercholesterolemia. Participants navigated the prototype using the think-aloud technique, and their feedback was used to refine features of the tool.\"" - Methods (Cognitive Walkthrough / Pilot Testing Program)"", ""A2 Iteration: \""Each round of user testing informed iterative refinements and modifications to the features of the prototype. User testing rounds were conducted until saturation was reached (ie, no new feedback was obtained).\"" - Methods (Pilot Testing Program)"", ""A3 Lifecycle (Understanding/Ideation/Prototyping/Evaluation): \""We used a hybrid type 1 implementation science framework and a collaborative user-centered design process to develop an interactive website intended to facilitate communication...\"" (ideation/design approach); \""At the start of each session, patients were prompted to describe their individual diagnostic journeys...\"" (understanding users) ; \""We used a digital platform ... to build an interactive clickable prototype of FH Family Share and to conduct user experience testing.\"" (prototyping) ; \""We conducted usability testing sessions... Patients were emailed a link to access the clickable prototype... and were asked to think aloud when navigating the prototype.\"" (evaluation) - Methods (Description of FH Family Share / Evaluation With Patients / Pilot Testing Program)""], ""TASKS_elements"": [""\""Usability testing sessions were limited to genetic counselors and patients with familial hypercholesterolemia—input from family members of patients with familial hypercholesterolemia would be useful in ensuring effective implementation of the tool in nonclinical settings.\"" - Limitations - This shows a designer-facing constraint: lack of access to family-member participants limited designers' ability to collect diverse user input and thus constrained design activities."", ""\""FH Family Share was not integrated with the electronic health record to enable ease of access in remote or underserved communities which may have different electronic health record systems in place.\"" - Limitations - This is a process/technical integration limitation that affected designers' ability to implement and test integration across settings, constraining deployment and evaluation activities."", ""\""Due to the COVID-19 pandemic, usability testing sessions conducted with patients were virtual and nonverbal cues could not be observed; however, screen sharing along with open-ended questions allowed us to obtain sufficient feedback which was often consistent across participants.\"" - Limitations - This indicates a constraint on designers' observational data (inability to observe nonverbal cues), which limited the richness of usability evaluation."", ""\""Expert feedback from the cognitive walkthrough resulted in a rebuild of the web-based tool to align it with institutional standards.\"" - Results (Cognitive Walkthrough) - This documents a process/technical issue that forced the design team to adapt and rebuild the prototype, evidencing a designer-facing barrier during development.""]}",,Bangash et al. - 2022 - Web Based Tool FH Family Share to Increase Uptake of Cascade Testing for Familial Hypercholesterolem.txt,"Condition A: satisfied - The study documents active user involvement (genetic counselors and patients provided think-aloud feedback used to refine the tool), explicit iterative cycles with refinements after each testing round, and evidence of the full lifecycle (user understanding through diagnostic-journey prompts, design process/ideation described, creation of interactive prototypes, and repeated usability evaluations).; Condition B: satisfied - The paper reports multiple designer-oriented constraints: limited participant types (no family-member input), inability to observe nonverbal cues due to virtual sessions (COVID), lack of EHR integration limiting implementation/testing, and a required rebuild after expert cognitive walkthrough to meet institutional standards.; Final rationale: All inclusion criteria are met (full HCD cycle with user involvement, iteration, and lifecycle phases) and there is clear evidence of designer-facing task constraints affecting development and evaluation, so the study should be included.",Web-Based Tool (FH Family Share) to Increase Uptake of Cascade Testing for Familial Hypercholesterolemia: Development and Evaluation
Lauren R. Bangerter; Monica Looze; Barbara Barry; Kathleen Harder; Joan Griffin; Meredith Dezutter; Nandita Khera; Sikander Ailawadhi; Karen Schaepe; Kristin Fischer,Medium,Include,"{""HCD_fullcycle"": [""A1 User Involvement: \""Phase 3 employs human-centered design evaluation, engaging caregivers to respond to low-fidelity concepts and scenarios to help co-design an optimal tool for HSCT.\"" - Methods / Abstract"", ""A2 Iteration: \""The feedback was used to 'iterate' on the concepts in a cycle of continuous improvement and optimization for potential users.\"" - Phase 3 Methods (Concept evaluation)"", ""A3 Lifecycle (Understanding/Ideation/Prototyping/Evaluation): \""Phase 1 focuses on breadth and depth of information gathering through a systematic review and semi-structured interviews... Phase 2 engages in human-centered design synthesis and visualization methods to identify key opportunities for the HIT design. Phase 3 employs human-centered design evaluation, engaging caregivers to respond to low-fidelity concepts and scenarios...\"" - Abstract / Methods (Phase 1, Phase 2, Phase 3); additionally, \""the design team synthesized ideas... into the following future state concept storyboards\"" and \""we conducted concept evaluation exercises during interviews with caregivers (n = 5)\"" - Phase 2 Results and Phase 3 Methods""], ""TASKS_elements"": [""\""Our study has several limitations. First, although we collected data from three different transplant centers, our sample sizes are not representative of the larger HSCT caregiver population.\"" - Study limitations - This indicates limited sample diversity/size that constrained the designers' data and may have limited their ability to generalize or fully explore diverse caregiver needs during design activities."", ""\""Second, our study did not include HSCT recipients. A future direction of our work is to build knowledge of how HIT-enabled tools can dually benefit caregivers and HSCT recipients.\"" - Study limitations - The omission of recipient perspectives limited the design team's ability to incorporate recipient-caregiver dyad feedback into the design, constraining co-design scope.""]}",,Bangerter et al. - 2022 - A hybrid method of healthcare delivery research and human centered design to develop technology enab.txt,"Condition A: satisfied - The paper documents active user involvement (surveys, semi-structured interviews, concept evaluations/co-design activities), explicit iterative refinement ('iterate' on concepts), and evidence of the full lifecycle (understanding via interviews/surveys, ideation via workshops and journey maps, prototyping via low-fidelity storyboards, and evaluation via concept testing and card-sorts).; Condition B: satisfied - The authors explicitly report limitations that impacted the design team's data and scope: non-representative/small sample sizes and exclusion of HSCT recipients, which constrained the designers' ability to obtain diverse and dyadic input for design decisions.; Final rationale: The study describes a complete human-centered design cycle with active caregiver involvement and documented iterative refinement, and it reports participant/sample limitations that directly affected the designers' data and scope; therefore it meets both Condition A and Condition B and is included.",A hybrid method of healthcare delivery research and human‑centered design to develop technology‑enabled support for caregivers of hematopoietic stem cell transplant recipients
"ASMAA BARAKAT, HANY AYAD & ZEYAD EL-SAYAD",High,Exclude,"{""HCD_fullcycle"": [""A1 User Involvement: [\""Six design proposals were proposed based on end-users’ needs questionnaire results and evidence-based design.\"" - Methods (3.3 Creating design proposals)]"", ""A2 Iteration: [\""The following steps were adopted: 1. Understanding the needs of end-users through questionnaires and evidence-based design. 2. Creating various design proposals. 3. Evaluation of the proposals to select the optimum proposal. 4. Using Mobile Brain/Heart Imaging and self-reporting measures to quantify the optimal proposal’s end-user affective state.\"" - Methods (Section 3, Figure 1)]"", ""A3 Lifecycle (Understanding/Ideation/Prototyping/Evaluation): [Understanding: \""Understanding the needs of end-users through questionnaires\"" - Methods (3.2 End users’ needs questionnaire) ; Ideation: \""Six design proposals were proposed\"" - Methods (3.3) ; Prototyping: \""presented as a 360-panorama on a full HD laptop\"" and still images printed on A0 sheets - Methods (3.4, 3.5) ; Evaluation: \""The SAM test and a 5-point Likert scale of stress level were recorded and compared to the results of the EEG and HRV.\"" - Methods (3.5) and Results (4.3)]""], ""TASKS_elements"": [""\""One of the most important considerations in designing this study was the participant’s affective mood state; they should not have a high level of depression in order for the results of EEG and HRV to be unaffected by depression; thus, PHQ-9 is required to decide whether to use mobile brain/heart imaging or not.\"" - Discussion/Limitations - [Designers had to exclude participants based on PHQ-9 scores, reducing eligible sample and constraining use of imaging]"", ""\""Another issue is participants’ willingness to wear the EEG headband without fear of being electrically shocked, as some students claimed; thus, the type of headband is critical to be simple and familiar in shape.\"" - Discussion/Limitations - [Participant reluctance constrained data collection and forced designers to select specific headband types/approaches]""]}",Did not meet Condition A: no explicit evidence of iterative design cycles (repeated refinement/feedback-redesign loops) reported.,Barakat A. et al. - 2022 - AN INTEGRATED APPROACH TO USER CENTERED DESIGN MOBILE BRAIN HEART IMAGING IN VIRTUAL REALITY.txt,"Condition A: not satisfied - while the study includes user involvement (needs questionnaires and participant selection of proposals) and covers understanding, ideation, prototyping (still images/360-panorama) and evaluation (SAM, Likert, EEG/HRV), there is no explicit evidence of iteration or repeated refinement cycles (no multiple rounds of feedback-redesign reported).; Condition B: satisfied - the paper documents designer-facing constraints (participant exclusion due to PHQ-9 and participant unwillingness to wear the headband) that limited data collection and affected design activities.; Final rationale: Exclude because Condition A (full HCD cycle) is not met due to lack of explicit iterative cycles, despite Condition B being satisfied by documented participant-related constraints that affected the designers' ability to carry out imaging and evaluation.",AN INTEGRATED APPROACH TO USER-CENTERED DESIGN: MOBILE BRAIN/HEART IMAGING IN VIRTUAL REALITY
"Paul J Barr, William Haslett, Michelle D Dannenberg, Lisa Oh, Glyn Elwyn, Saeed Hassanpour, Kyra L Bonasia, James C Finora, Jesse A Schoonmaker, W Moraa Onsando, James Ryan, Martha L Bruce, Amar K Das, Roger Arend, Sheryl Piper, Craig H Ganoe",High,Include,"{""HCD_fullcycle"": [""A1 User Involvement: \""Findings from each round informed the agile software development process.\"" - Methods/Abstract"", ""A2 Iteration: \""Our approach incorporated UI development conducted through 5 iterative rounds of usability sessions.\"" - Methods: Study Design: Overview"", ""A3 Lifecycle (Understanding/Ideation/Prototyping/Evaluation): \""Community Engagement... 2 Lunch and Listen workshops were conducted with patients and family volunteers... Responses from these workshops informed the initial layout, features, and desired functionality of the HealthPAL system\"" (Understanding users) / \""In the first round, we used paper prototypes and focused on feature envisionment. We moved to low-fidelity and high-fidelity versions of the HealthPAL in later rounds\"" (Ideation & Prototyping) / \""Task completion and critical incidents were recorded in each round, and the System Usability Scale was completed by participants using the digital prototype in later rounds\"" (Evaluation) - Methods: Community Engagement; Paper Prototyping; Summative Software Usability Sessions; Data Collection and Analysis""], ""TASKS_elements"": [""\""As we moved to later rounds of user testing, it was also necessary for participants to have internet access at home to review the recording system before the usability session.\"" - Methods: Participants - [This imposed a participant access constraint that limited who could participate and therefore constrained designers' pool of end-user testers]"", ""\""Our sample was predominately White and college educated, reflecting the demographics of the region where our study took place. Further work is needed with individuals from more diverse ethnic and racial groups and from those with lower educational attainment levels.\"" - Limitations - [This reduced the diversity of user feedback available to designers and therefore limited designers' ability to obtain broader representativeness during design iterations]"", ""\""However, at this stage of development, we used human transcription and manual tagging of recordings by 2 clinically trained annotators (JAS and WMO).\"" - Methods: Summative Software Usability Sessions - [Technical/resource constraint: inability to use automated NLP annotations at this stage forced manual, labor-intensive processes affecting development workflow and scalability]""]}",,Barr et al. - 2021 - An Audio Personal Health Library of Clinic Visit Recordings for Patients and Their Caregivers Health.txt,"Condition A: satisfied - The study reports explicit user involvement (workshops, co-design, iterative usability sessions), clear iterative refinement (5 rounds), and evidence of all lifecycle phases (user understanding via workshops/interviews, ideation via paper prototypes, prototyping at low & high fidelity, and evaluation via usability sessions, task completion metrics, critical incidents, and SUS).; Condition B: satisfied - The paper documents designer-facing constraints: participant access requirement for internet (limiting recruitment), limited sample diversity (reducing variety of design feedback), and reliance on manual transcription/tagging because NLP models were not yet applied (a resource/technical constraint affecting design/testing work).; Final rationale: Both Condition A (full HCD cycle) and Condition B (designers experienced concrete constraints that affected their design work) are met based on explicit statements in Methods and Limitations; therefore the paper should be included.",An Audio Personal Health Library of Clinic Visit Recordings for Patients and Their Caregivers (HealthPAL): User-Centered Design Approach
"Melanie Barwick, Jacquie Brown, Kadia Petricca, Bonnie Stevens, Byron J. Powell, Alexia Jaouich, Jill Shakespeare, Emily Seto",Medium,Include,"{""HCD_fullcycle"": [""A1 User Involvement: [To optimize the relevance of the Playbook, we will employ a 'user-centric' approach in which end-users are central to the design process at each design phase and will allow for iterative modifications on content and functionality that meet user needs best. - Methods: Phase 1, Objective 1 (MVP co-design and development)]"", ""A2 Iteration: [Pivot Design Group will incorporate usability test results into a final round of wireframes and develop the final MVP for feasibility testing; the design phase describes iterating through task flows, wireframes, mood boards and graphic layouts to arrive at designs that suit users' priorities and contexts. - Methods: Phase 1, Objective 1 & Objective 2 (Usability testing)]"", ""A3 Lifecycle (Understanding/Ideation/Prototyping/Evaluation): [Understanding users: 'we identified intended users and captured their needs, preferences, and implementation experiences to inform the design' and developed personas over two consecutive virtual meeting days with target users in our network; Ideation: 'The design phase will use discovery phase outputs on personas to sketch, ideate, visualize, and prototype the concept into life' including information architecture, task flows, wireframes and mood boards; Prototyping: 'We will develop a click-through static prototype for one round of controlled usability testing to validate certain functions and task flows'; Evaluation: 'We will recruit 8–10 participants ... to undergo a 45–60-min guided user testing process' and Phase 2 feasibility testing across six organizations with SUS, ORIC, CFIR interviews and tool metrics. - Methods: Persona development; Phase 1 design/usability; Phase 2 feasibility testing]""], ""TASKS_elements"": [""TIG’s usefulness was explored with an online survey, but the pandemic interrupted its in-person use in practice settings yielding a small sample (n=16). - Background/Preliminary work - This describes a participant access constraint caused by the COVID-19 pandemic that limited in-person testing and reduced sample size, which affected the team's ability to conduct planned in-person design/testing activities (a designer-facing barrier to iteration and evaluation).""]}",,Barwick M - 2023 - The Implementation Playbook study protocol for the development and feasibility evaluation of a digit.txt,"Condition A: satisfied - The protocol documents active user involvement (persona development, co-design, usability testing), explicit iterative refinement (iterating wireframes, incorporating usability results into revised designs and an MVP), and evidence of all four lifecycle phases (user understanding, ideation, prototyping, and evaluation including usability and feasibility testing).; Condition B: satisfied - The paper reports a concrete designer-facing constraint (pandemic interruption of in-person use producing a small sample) that limited prior in-person testing and thus affected design/testing activities, meeting the participant-access/task evidence requirement.; Final rationale: The study protocol describes a full human-centered design cycle (A1-A3) and includes at least one valid designer-experienced task constraint (pandemic-limited in-person testing). Therefore it meets both Condition A and Condition B and should be included.",The Implementation Playbook: study protocol for the development and feasibility evaluation of a digital tool for effective implementation of evidence-based innovations
"Aly Beeman, Joseph Kwesiga, Nicole Ippoliti, Tanya Bhandari, Geetika Pandya, Faith Anne Acam, Saehee Lee, Rebecca Hope, Theodora Gibbs, Jordan Levine",High,Include,"{""HCD_fullcycle"": [""A1 User Involvement: \""In September 2020, the YLabs and Kuja Kuja teams conducted design research in the Bidi Bidi Settlement with 61 community members... We used interviews, focus groups, and activities such as card sorting and journey mapping to better understand people who menstruate’s support networks and available resources.\"" - Methods, Phase two: design research"", ""A2 Iteration: \""This project consisted of five phases to research, co-design, test, and pilot safe spaces and services for managing menstruation... (1) Background Research, (2) Design Research, (3) Rough Prototyping, (4) Live Prototyping, and (5) a three-month Pilot... Solution prototypes were created, evaluated, and iterated upon in each successive project phase.\"" - Methods (overview & phases)"", ""A3 Lifecycle (Understanding/Ideation/Prototyping/Evaluation): \""At the start of 2020, we conducted background research to identify cultural and infrastructural challenges... (Understanding). Based on these insights and topic areas, four prototypes were developed... (Ideation/Rough Prototyping). Three Mini structures were constructed... and tested in a live setting (Live Prototyping). The final intervention design, the Cocoon Mini, was evaluated qualitatively for feasibility and acceptability during a three-month pilot using structured interviews with 109 people who menstruate...\"" - Methods (Phase one, three, four, five) and Abstract""], ""TASKS_elements"": [""\""securing construction materials and approval for the land from the government and humanitarian actors could take six months or longer. The Mini, on the other hand, faced fewer logistical barriers to construction given its smaller footprint and location within homesteads, making this idea more feasible.\"" - Methods, Phase three: rough prototyping - Why it shows a designer barrier: government/land approval and long procurement timelines forced designers to abandon a larger 'Maxi' concept and adapt to a smaller Mini, demonstrating a logistical/resource constraint experienced by the design team."", ""\""Ultimately, we were not able to take this idea forward due to emerging COVID-19 restrictions limiting community gatherings at that time.\"" - Results, Phase three: rough prototyping (Launch of storytelling event) - Why it shows a designer barrier: COVID-19 restrictions prevented planned co-design/social interventions, directly limiting designers' ability to implement and iterate that component."", ""\""Heavy rains in the settlement delayed work, as the settlement’s roads are of poor quality, and vehicles run the risk of getting stuck when they flood. This led to a delay in material delivery. Additionally, the project’s timeline was heavily impacted by events that occurred within the settlement, and by the COVID-19 pandemic.\"" - Results, Challenges and Learnings - Why it shows a designer barrier: environmental and external events disrupted procurement/build schedules and delayed construction, constraining designers' implementation timeline."", ""\""Many participants requested an incinerator be attached to each Mini, though this posed logistical and financial challenges. Two incinerators were therefore constructed alongside one Mini structure in either village to reduce travel time to existing incinerators.\"" and \""Each of the 20 Mini cost approximately $360 USD in materials and labor... The two incinerators installed cost an additional $2110 each.\"" - Results, Phase five: pilot - Why it shows a designer barrier: financial and logistical costs limited the designers from installing an incinerator at every site, forcing a compromise in the implemented design.""]}",,Beeman et al. - 2023 - Using human centered design to co design dedicated menstrual health spaces with people who menstruat.txt,"Condition A: satisfied - The study documents active co-design with community members (interviews, focus groups, co-design sessions), explicit iterative cycles (five phases including rough and live prototyping), and evidence of the four lifecycle phases (background research/understanding, ideation/rough prototyping, prototyping/live prototyping, and evaluation/pilot).; Condition B: satisfied - Multiple project-level constraints are explicitly described that impacted the designers' activities and decisions (land/approval delays, procurement/logistics, COVID-19 restrictions preventing planned activities, and financial/logistical limits on incinerator deployment), which forced adaptations to the design and implementation.; Final rationale: The paper reports a full HCD cycle with documented user involvement, iterative prototyping, and evaluation, and also describes concrete designer-facing constraints that affected design choices and implementation; therefore it meets both Condition A and Condition B and should be included.","Using human-centered design to co-design dedicated menstrual health spaces with people who menstruate in Bidi Bidi refugee settlement, Uganda: Learnings for further adaptation and scale in humanitarian settings"
"Jeffery L Belden, Pete Wegier, Jennifer Patel, Andrew Hutson, Catherine Plaisant, Joi L Moore, Nathan J Lowrance, Suzanne A Boren, Richelle J Koopman",High,Include,"{""HCD_fullcycle"": [""A1 User Involvement: \""hosted design workshops with multidisciplinary stakeholders to expand on our initial concepts... an advisory panel of 12 subject matter experts... solicited their critical review and user feedback, incorporating the feedback into iterative design revisions.\"" - Methods: Iterative Design Process / Engagement of stakeholder workshop members / Advisory panel"", ""A2 Iteration: \""Subsequent core team meetings used an iterative user-centered design approach to refine our prototype... pencil sketches allow rapid iteration at low cost and embrace frequent failure as a strategy for succeeding sooner.\"" - Methods: Iterative Design Process / Iterating the baseline timeline model"", ""A3 Lifecycle (Understanding/Ideation/Prototyping/Evaluation): \""We identified physician and patient/caregiver information needs for comprehending historical medication use patterns\"" (Understanding users); \""Belden has created various pencil sketch versions... exploring alternative design patterns\"" (Ideation); \""Using an iterative design process, our team arrived at a final prototype (Figure 3), available online at inspiredEHRs.org/timeline\"" (Prototyping); \""a small pilot evaluation of the design was conducted with practicing physicians... recruited 23 physicians... Participants were randomly assigned to either the table or timeline formats\"" (Evaluation) - Methods / Results / Iterative Design Process / Evaluation of Prototype""], ""TASKS_elements"": [""\""Given our budget and time constraints, we prioritized a set of minimal features for our interactive timeline prototype and rendered the backlog content as supplemental static illustrations of additional feature designs.\"" - Engagement of stakeholder workshop members - Why it shows a designer barrier: This explicitly reports resource limits (budget/time) experienced by the design team that constrained feature inclusion and forced prioritization of scope."", ""\""We learned from implementation efforts at 1 EHR vendor and 1 client organization that there is inconsistent and limited prescription dispense and adherence data being exchanged or available currently... The transmission of e-prescription details is inconsistent across commercial EHR and pharmacy software products, thus limiting the consistent display of prescription instruction detail.\"" - Limitations / General Discussion - Why it shows a designer barrier: This documents technical/data-exchange limitations that prevented designers from reliably implementing timeline features (e.g., adherence/refill events), directly affecting their ability to realize and validate design functionality.""]}",,Belden JL - 2019 - Designing a medication timeline for patients and physicians.txt,"Condition A: satisfied - The paper documents active user/stakeholder involvement (workshops, advisory panel, practicing physicians), explicit iterative refinement cycles, and evidence of all four lifecycle phases (user needs identification, ideation sketches, prototype implementation, and a pilot evaluation).; Condition B: satisfied - The authors report concrete designer-facing constraints: budget/time limitations that forced feature prioritization and technical/data-exchange barriers (inconsistent prescription/dispense/adherence data) that hindered implementation and display of certain timeline features.; Final rationale: The manuscript reports a full human-centered design cycle with participatory user involvement, iteration, and evaluation, and it also describes designer-experienced constraints that affected the project; therefore it meets both Condition A and Condition B and should be included.",Designing a medication timeline for patients and physicians
"Jürgen Bernard, Debora Daberkow, Dieter Fellner, Katrin Fischer, Oliver Koepler, Jörn Kohlhammer, Mila Runnwerth, Tobias Ruppert, Tobias Schreck, Irina Sens",High,Include,"{""HCD_fullcycle"": [""A1 User Involvement: \""We report on comprehensive user studies in the requirement analysis phase based on paper prototyping, user interviews, screen casts, and user questionnaires. Heuristic evaluations and two usability testing rounds were applied during the system implementation and the deployment phase\"" - [Evaluation / Abstract / Sect. 6]"", ""A2 Iteration: \""Based on the results, the prototype was improved by the computer scientists, resulting in the second version webprototype (V1). As further evaluation steps, two usability testing rounds with domain experts were conducted by the digital librarians and the usability expert, leading to the further evolved web prototype (V2) and the final web prototype, respectively.\"" - [Sect. 6 Evaluation]"", ""A3 Lifecycle (Understanding/Ideation/Prototyping/Evaluation): \""the design process started with a domain and problem characterization... As a first step, we developed paper prototypes and showed them to the users... As a second step, a desktop prototype was developed...\"" (understanding + ideation + prototyping); and \""heuristic evaluation and two usability testing rounds\"" (evaluation) - [Sect. 4 Domain and problem characterization; Sect. 4.2; Sect. 6 Evaluation]""], ""TASKS_elements"": [""\""limitations in the communication bandwidth between server and client needed to be considered. The technical challenge to provide efficient search in hundred thousands of daily patterns was solved by a descriptor (a compact and yet precise representation)... an additional search index makes the search engine capable of real-time retrieval for up to 1,000,000 feature vectors.\"" - [Sect. 5.5 Performance aspects] - [Why it shows a designer barrier: describes a technical/process constraint faced by the developers that forced architectural and algorithmic adaptations to achieve scalability and real-time search]"", ""\""Varying similarity notions: To support content-based search in time series research data, a definition of similarity has to be provided. Depending on the tasks and the users, the interpretation of similarity may vary...\"" and \""To cope with this challenge, we developed the data preprocessing workflow in a modular way.\"" - [Sect. 4.2 Challenges; Sect. 5.1 Data abstraction] - [Why it shows a designer barrier: documents domain complexity and knowledge gaps that constrained designers and required modular workflow and tooling decisions to accommodate multiple similarity definitions]"", ""\""Be aware of this classical 'chicken-and-egg' dilemma originating from knowledge gaps between different stakeholders: on one hand, it is difficult for the computer scientist to provide a prototype without well-defined user requirements derived from domain knowledge. On the other hand, users will have difficulties in defining requirements without any visual inspiration...\"" - [Sect. 7.2 Generalized project workflow description] - [Why it shows a designer barrier: explicit articulation of stakeholder knowledge gaps that hindered requirement specification and required iterative prototyping to resolve]""]}",,Bernard J. et al. - 2015 - VisInfo a digital library system for time series research data based on exploratory search a user ce.txt,"Condition A: satisfied - The paper documents active user involvement (paper prototyping, interviews, questionnaires), explicit iterative refinement (V0→V1→V2 with heuristic and two usability rounds), and evidence of all four lifecycle phases (domain/problem characterization, ideation/initial concept and desktop prototype, multiple prototypes including web prototype, and evaluation rounds).; Condition B: satisfied - The paper reports concrete designer-facing constraints and difficulties (technical scalability/bandwidth challenges, heterogeneous similarity notions requiring modular workflows, and a 'chicken-and-egg' stakeholder knowledge gap) that affected design and implementation decisions.; Final rationale: Both the full HCD cycle (A1–A3) and at least one designer-experienced task/constraint are clearly documented in Methods/Results/Discussion/Evaluation sections; therefore the study meets inclusion criteria.",VisInfo: a digital library system for time series research data based on exploratory search—a user-centered design approach
Chantal N L Beutter; Katharina Zeller; Uwe M Martens; Bettina Pfleiderer; Christian Fegeler,High,Include,"{""HCD_fullcycle"": [""A1 User Involvement: \""As a next step, several cancer support groups were contacted, and focus groups were conducted at the beginning of 2021 to understand and specify the user context. Consequently, user requirements were specified, which led to a first prototype for the first usability test (usability test 1) from April to June 2021.\"" - Methods: User-Centered Design / Implementation"", ""A2 Iteration: \""The steps in the ISO 9241-210 process were performed iteratively... Based on the evaluation of this implementation, further design solutions were developed, which were again evaluated in October 2021 (usability test 2) and from December 2021 to February 2022 (beta test). In the process, the maturity of the implementation increased over 3 cycles (usability test 1, usability test 2, and beta test).\"" - Methods: User-Centered Design"", ""A3 Lifecycle (Understanding/Ideation/Prototyping/Evaluation): \""The aim of the focus groups was to collect the end users’ perceptions regarding eHealth apps and their needs to better understand user requirements. ... First, an introduction to Lion-App was provided. Second, questions about prior experiences with QoL surveys were elicited. Third, various options to map the QoL were presented and individual preferences evaluated, followed by discussions of their applicability and usefulness in a health app. Finally, potential features of the app were presented and discussed.\"" (Understanding & Ideation) - Methods: Implementation; \""This prototype consisted of mockups that were visualized in Adobe XD.\"" (Prototyping) - Methods: Implementation; \""User evaluations of the usability of Lion-App were analyzed using verbal feedback by expressing the thoughts and expectations via the ‘thinking aloud’ methodology during use of the app or at the end of usability tests or by observation of user behavior. These results were combined with the responses to the usability questionnaire that was included in all 3 usability tests.\"" (Evaluation) - Methods: Evaluation""], ""TASKS_elements"": [""\""Since the app was provided on a test device for the second stage of usability testing, on-site meetings were necessary. As the lung cancer support group could not participate in meetings on-site, the number of participating groups reduced.\"" - Usability Test 2 - This shows a participant access issue that reduced the pool of groups available for that design/testing stage, limiting designers' planned testing activities."", ""\""Due to an error in the code, the randomized assignment of participants into the 3 versions (A, B, and C) did not lead to the same group size. Due to the uneven distribution of participants in the 3 app versions, group comparisons could not be performed.\"" - Beta Test - This is a process/technical issue experienced by the design team that prevented planned analyses and forced adaptation of evaluation plans."", ""\""The beta test contained 1 more exclusion criterion: as the app needed to be installed on a private mobile device, participants without a mobile device could not take part, as no one in the study could be provided with a smartphone.\"" - Participants - This is a resource/access limitation that prevented certain participants from being included, constraining recruitment and designers' ability to test on a broader user base.""]}",,Beutter C.N.L. et al. - 2023 - User Centered Development of a Mobile App to Assess the Quality of Life of Patients With Cancer Iter.txt,"Condition A: satisfied - The study documents active user involvement via focus groups and iterative usability tests (A1), explicitly performed multiple refinement cycles over three development stages (A2), and reports activities covering understanding users, ideation (features discussed and prioritized), prototyping (Adobe XD mockups/prototype on devices), and evaluation (thinking-aloud, UEQ+ across three tests) (A3).; Condition B: satisfied - The paper reports multiple designer-facing constraints: reduced participation of a support group for on-site testing (participant access issue), a coding error that broke randomization and prevented planned group comparisons (technical/process issue), and exclusion of participants without private devices (resource/access limitation), all of which affected the design/evaluation process.; Final rationale: Both the full HCD cycle criteria and at least one valid designer-facing tasks/constraints element are present in the Methods and Results; therefore the paper meets inclusion criteria.",User-Centered Development of a Mobile App to Assess the Quality of Life of Patients With Cancer: Iterative Investigation and Usability Testing
"Jade Bilardi, Amy Webb, Van-Hau Trieu, Gemma Sharp, Jennifer McIntosh, Meredith Temple-Smith",High,Include,"{""HCD_fullcycle"": [""A1 User Involvement: \""Across the four stages, various types of data and data analysis were developed and utilized including interviews, desktop research, development of personas and tone of voice, followed by usability testing.\"" - Methods/Abstract"", ""A2 Iteration: \""The developers advised two cycles of iterative testing would be sufficient during the development and testing stage... Usability testing was undertaken early in the design phase at low fidelity or rough mockup stage and then later at the high-fidelity or fully functional prototype stage... After two rounds of testing with eight participants, AW, JB and the developers met to discuss the themes. Given users’ satisfaction... it was decided that data saturation had been met and sufficient testing had been conducted.\"" - Methods/Stage 4 (Usability testing) / Data analysis"", ""A3 Lifecycle (Understanding/Ideation/Prototyping/Evaluation): \""Stage 1: Understand\"" (use of previous semi-structured interviews and desktop research provided to designers); \""Stage 2: Define\"" (\""Affinity mapping of user research\"" and \""Persona development\""); \""Stage 3: Design\"" (\""development of tone of voice guidelines, branding, and content creation\"" and Discovery Workshop/branding rounds); \""Stage 4: Evaluate\"" (\""usability testing... to test a low fidelity mockup and high-fidelity prototype of the website\""). - Methods (Stages 1-4) / Results""], ""TASKS_elements"": [""\""In total, 27 people completed an expression of interest form online. Of the 27 women, eight participated across the two rounds of testing... The remaining 19 women either did not respond to further communication about the testing session or were unable to attend the scheduled session times.\"" - Results (Usability testing) - [Why it shows a designer barrier: participant access/drop-outs reduced the usability testing sample and limited designers' ability to conduct broader iterative testing]"", ""\""A further limitation was the lack of diversity in the participant sample for the usability testing sessions, including male partners and LGBTIQA+ individuals. It is likely a broader recruitment strategy, beyond Facebook adverts and advertising through existing networks was required to recruit a broader sample of participants.\"" - Strengths and limitations - [Why it shows a designer barrier: reduced data diversity and limited representation constrained designers' ability to capture varied user needs and to fully validate design decisions]"", ""\""Another potential limitation of the study from a human centered or user centered design perspective is the type of online platform to meet users’ needs (a website) was already specified prior to the study commencing.\"" - Strengths and limitations - [Why it shows a designer barrier: pre-specifying the platform constrained exploration of alternative platforms and limited design decision space]""]}",,Bilardi J. et al. - 2023 - Miscarriage Australia the use of a human centered design approach to design and develop a website fo.txt,"Condition A: satisfied - Clear evidence of active user involvement (interview data, personas, contextual inquiry/usability testing), explicit iterative cycles (two rounds of testing and multiple feedback rounds), and presence of all four lifecycle phases (understand, define/ideation, prototyping, evaluation).; Condition B: satisfied - Multiple documented designer-facing constraints (limited recruitment/participation, lack of diversity in usability sample, and pre-specified platform) that affected designers' ability to perform inclusive and broader design activities.; Final rationale: The study reports a full HCD cycle with active user engagement and iterative refinement and also documents concrete barriers experienced by the design team (participant access and representation limits and constraints on platform choice). Therefore it meets both Condition A and Condition B and should be included.",Miscarriage Australia: the use of a human centered design approach to design and develop a website for those affected by miscarriage
"Gabriel Bilodeau, Holly Witteman, France Légaré, Juliette Lafontaine-Bruneau, Philippe Voyer, Edeltraut Kröger, Marie-Claude Tremblay, Anik M C Giguere",High,Include,"{""HCD_fullcycle"": [""A1 User Involvement: \""we used three rounds of questionnaires and semi-structured interviews to have patient and caregiver dyads evaluate the three DBoxes ... The moderator initially addressed all questions to the patient. If the patient did not participate actively in the discussion, then the moderator systematically sought the caregiver’s suggestions\"" - Methods: Study procedure / Data collection"", ""A2 Iteration: \""After a first evaluation round with a subsample of nine dyads, we analysed the data and, based on the findings, refined the DBoxes to limit their complexity and improve the user experience. We then used the same evaluation/tailoring process again in two more rounds, with new participants each time.\"" - Methods: Study design and approach"", ""A3 Lifecycle (Understanding/Ideation/Prototyping/Evaluation): \""Decision Box prototypes development: We used a rapid review approach... to create DBoxes prototypes... Between two and four experts... reviewed and validated each DBox\"" (Prototyping); \""The moderator... met them at their homes for data collection... using an interview guide, the moderator assessed participants’ opinions...\"" (Understanding users/Evaluation) ; \""To tailor the DBoxes, we assembled an expert panel that comprised graphic designers, a healthcare professional... knowledge translation researchers... a human factors engineer... Between each round, this expert panel met to review the qualitative and quantitative findings and tailor the DBoxes\"" (Ideation/Prototyping) - Methods: Decision Box prototypes development / Data collection / Tailoring the DBoxes""], ""TASKS_elements"": [""\""Caregivers offered their feedback on the Decision Boxes in the presence of the person in their care, and this could have influenced our conclusions.\"" - Strengths and limitations - [Why it shows a designer barrier: presence of caregivers limited the spontaneity of patients and could have biased or constrained the feedback available to designers, affecting data quality and design decisions]"", ""\""We did not have access to their medical records, but the moderator—a registered nurse—qualitatively classified the severity of their dementia as moderate (n=9), severe (n=9) or very severe (n=5).\"" - Results: Participant characteristics - [Why it shows a designer barrier: lack of access to medical records reduced availability of objective clinical data, constraining designers' ability to accurately characterize user needs and tailor content accordingly]"", ""\""In the last version (Supplementary file #2), these features were emphasised even more by isolating them on a separate cover page, but we could not test this new layout as it was added in the last version.\"" - Results: Informational content (Purpose/topic) - [Why it shows a designer barrier: inability to test a late-added layout prevented evaluation of that design change, limiting iterative validation]""]}",,Bilodeau et al. - 2019 - Reducing complexity of patient decision aids for community based older adults with dementia and thei.txt,"Condition A: satisfied - The study reports active user involvement through interviews and dyad feedback that directly shaped content, explicit iterative cycles (three UCD evaluation-modification rounds), and evidence of all four lifecycle phases (understanding via home interviews, ideation via expert panel tailoring, prototyping of DBox versions, and evaluation via questionnaires and interviews).; Condition B: satisfied - The manuscript describes designer-facing constraints: caregiver presence limiting spontaneity and potentially biasing conclusions, lack of access to medical records limiting data, and inability to test a late-added layout, all of which affected the designers' ability to collect and validate user data or to complete iterative testing.; Final rationale: Both the full HCD cycle (A1, A2, A3) and at least one valid designer-facing task/constraint are documented in the Methods, Results and Limitations, meeting inclusion criteria.",Reducing complexity of patient decision aids for community-based older adults with dementia and their caregivers: multiple case study of Decision Boxes
"Elin A. Björling, Emma Rose",High,Include,"{""HCD_fullcycle"": [""A1 User Involvement: we invited teen participants to take part in all of our research activities where they provided ideas on how the robot should look, behave, interact, and move. Teens even participated by designing their own prototypes and features. They also participated by taking the role of researcher, gathering data from their peers, writing study scripts, manipulating robots during sessions, and discussing their ideas and opinions. - Section 2.5 Human-Centered Design and Participatory Design"", ""A2 Iteration: After a prototype was developed, teens helped to ideate and iterate on a rendered robot face... In the prototyping stage groups of teens iterated on their designs based on the feedback from peers, at times modifying ideas and others adding new features. We responded immediately to iterate upon our original scripts, to ensure teens felt the interaction was more authentic. - Sections 3.1.1, 3.2.3, 3.4 Script Writing"", ""A3 Lifecycle (Understanding/Ideation/Prototyping/Evaluation): Visits to each school were structured around the five stages of human-centered design: research, ideation, prototyping, testing and iteration. In the research stage, teens conducted interviews, surveys, and peer research; during ideation they sketched, storyboarded, and created scenarios; in prototyping teens created physical prototypes and VR prototypes; during testing teens invited peers to interact, conducted informal usability testing, surveys, and debrief group interviews. - Section 3.2.3 The Robot Competition / Methods Case descriptions""], ""TASKS_elements"": [""the process of creating relationships with stakeholders and users can be time consuming. - Section 5 Challenges and Limitations - Why it shows a designer barrier: indicates a resource constraint (time) that affected the designers' ability to carry out participatory design activities."", ""conducting studies in the wild provides huge benefits for contextual validity, but also allows for an unlimited number of uncontrollable situations. Maintaining flexibility within design can be helpful, but even then there is still potential for studies to fail in the wild. - Section 5 Challenges and Limitations - Why it shows a designer barrier: describes unpredictable field constraints that interfered with planned study execution and could prevent or force adaptation of design activities."", ""communicating and disseminating new, participatory iterations of commonly used methods to an engineering community can be difficult and time intensive. - Section 5 Challenges and Limitations - Why it shows a designer barrier: describes process/communication difficulties and time/resource burdens experienced by the design team when attempting to share or implement participatory methods.""]}",,Björling and Rose - 2019 - Participatory Research Principles in Human Centered Design Engaging Teens in the Co Design of a Soci.txt,"Condition A: satisfied - The paper documents explicit and active user involvement (teens as co-designers, operators, researchers), repeated iteration cycles and explicit coverage of research/ideation/prototyping/testing stages.; Condition B: satisfied - The authors report designer-facing constraints (time-consuming stakeholder relationships, uncontrollable in-the-wild situations that can cause studies to fail, and difficulty disseminating participatory methods), which are barriers that affected their ability to carry out design activities.; Final rationale: The study reports a complete HCD cycle with participatory user involvement and iterative refinement, and it explicitly describes designer-experienced constraints in the limitations section. Therefore it meets both Condition A and Condition B and is included.",Participatory Research Principles in Human-Centered Design: Engaging Teens in the Co-Design of a Social Robot
Elin A. Björling; Rachael Cicero; Aditya Sankar; Anand Sekar,High,Include,"{""HCD_fullcycle"": [""A1 User Involvement: \""...a participatory, human-centered design process utilizing teens as co-designers to develop a VR interaction intended to reduce stress.\"" - Abstract / Introduction"", ""A2 Iteration: \""From a participatory approach we engaged in the HCD methodology [10] to iteratively design and build, while assessing acceptability.\"" - Methods"", ""A3 Lifecycle (Understanding/Ideation/Prototyping/Evaluation): \""Research: Our research consisted of three main methods... invited teens to report their stressors and calmers at two public events (site 1 and 3).\"" - Methods / Research; \""Ideation: ...we then engaged teens in the ideation of an interaction... using storyboarding, we asked a group of teens (site 2) to work in pairs to illustrate an interaction to reduce their stress.\"" - Stages and Findings / Ideation; \""Prototyping: We began the preliminary design of thought disposal as an interaction in VR involving burning thoughts in a fire... To test this interaction in a low fidelity environment, we asked teens (site 4) to interact with a clay environment which included a fire and a tree that held paper leaves with negative feelings written on them.\"" - Stages and Findings / Prototyping Thought Disposal; \""Evaluation: As they physically played out this interaction... From these prototyping sessions, we learned that burning leaves was a satisfying form of thought disposal... Therefore, we have begun the design of the burning leaves turning into butterflies in VR.\"" - Stages and Findings / Prototyping (low-fidelity user testing and feedback)""], ""TASKS_elements"": [""\""Immediately we learned that writing in VR was a complicated task, leading us to the design of a tree of negative thoughts from which teens could collect leaves and burn them in a nearby fire.\"" - Prototyping Thought Disposal - [Why it shows a designer barrier: a technical/usability limitation of the VR input method forced the designers to change the interaction design (process/technical issue that required adaptation)]"", ""\""Our current work was limited due to our small sample of teens and our inability to test for effectiveness.\"" - Limitations and Future Work - [Why it shows a designer barrier: a limitation that prevented the designers from performing effectiveness testing/evaluation as planned, affecting ability to complete design evaluation]""]}",,Björling et al. - 2019 - Thought Disposal Co Designing a virtual interaction to reduce stress in teens.txt,"Condition A: satisfied - The study reports participatory co-design with teens (A1), explicit iterative design language and multiple refinement activities/sites (A2), and documented activities covering understanding (research), ideation (storyboarding), prototyping (clay and VR prototypes) and evaluation (low-fidelity user testing/feedback) (A3).; Condition B: satisfied - The paper documents designer-facing constraints: a technical input difficulty in VR that forced a redesign of the interaction, and a small sample/inability to test effectiveness that limited evaluation.; Final rationale: The paper describes a full HCD cycle with active teen co-design, iterative refinement, and prototype evaluation, and it includes concrete designer-experienced constraints that impacted design decisions and evaluation; therefore it meets both Condition A and Condition B and is included.",Thought Disposal: Co-Designing a virtual interaction to reduce stress in teens
,High,Exclude,"{""HCD_fullcycle"": [""A1 User Involvement: \""Working Prototype of a Smartphone App for Android and iOS Devices\"" - Provided text (no description of user co-design, participatory sessions, or user-driven changes)"", ""A2 Iteration: \""Samples of Infographics from \\u201cDid You Know?\\u201d Homepage\"" - Provided text (no statements of multiple rounds, feedback-redesign loops, or explicit refinement cycles)"", ""A3 Lifecycle (Understanding/Ideation/Prototyping/Evaluation): \""Prototype was configured on PiLR EMA v.2.8.1, copyright 2016, MEI Research, LTD.\""; \""Steps entered are displayed in \\u201cYour Goals & Steps\\u201d\"" - Provided text (evidence of prototyping/screenshots only; no evidence of user research/understanding, ideation activities, or evaluation methods)""], ""TASKS_elements"": []}",Insufficient evidence of full HCD cycle and no reported designer-facing constraints,Blazey et al. - 2023 - Designing a Dyad Based Digital Health Intervention to Reduce Sedentary Time in Black Breast Cancer S.txt,"Condition A: not satisfied - the provided text only shows prototype screenshots and configuration details without evidence of active user involvement, explicit iterative cycles, or the complete HCD lifecycle (understanding, ideation, prototyping, evaluation).; Condition B: not satisfied - there is no reporting of difficulties or constraints experienced by designers (no resource, access, cognitive, skill, or process barriers described).; Final rationale: Based solely on the provided Methods/Results/Discussion/Conclusion/Limitations-relevant content, the paper lacks evidence of a full HCD cycle and contains no designer-facing task constraints, so it must be excluded.",Screen Shots from the Working Prototype of a Smartphone App for Android and iOS Devices
"Valerie J Block, Kanishka Koshal, Jaeleene Wijangco, Nicolette Miller, Narender Sara, Kyra Henderson, Jennifer Reihm, Arpita Gopal, Sonam D Mohan, Jeffrey M Gelfand, Chu-Yueh Guo, Lauren Oommen, Alyssa Nylander, James A Rowson, Ethan Brown, Stephen Sanders, Katherine Rankin, Courtney R Lyles, Ida Sim, Riley Bove",High,Include,"{""HCD_fullcycle"": [""A1 User Involvement: \""Stakeholders were engaged in a double diamond process of human-centered design to ensure that technological features aligned with users’ needs.\"" - Methods: Study Design / Abstract"", ""A1 User Involvement: \""Feedback from both rounds of interviews with people with MS, MS clinician comments, and feedback from other high-risk clinical context patient and clinician interviews were integrated into the final MS-FIT design.\"" - Results: Overview"", ""A2 Iteration: \""Designs were iterated based on each round of feedback\"" - Abstract / Methods: Phases of Design"", ""A2 Iteration: \""The define and develop phases encompassed a second round of patient interviews, followed by 2 rounds of interviews with clinicians and patients ... The iterations of mock-ups were revised based on patient and clinician interview feedback.\"" - Methods: Phases 2 and 3"", ""A3 Lifecycle (Understanding/Ideation/Prototyping/Evaluation): \""One-on-one interviews were conducted... with patients (round 1) and clinicians\"" (understanding users) - Methods: Phase 1 Discover"", ""A3 Lifecycle (Understanding/Ideation/Prototyping/Evaluation): \""These elements were then amalgamated into mock app screens using PowerPoint (Microsoft Corp) for the first round of patient interviews.\"" (ideation/prototyping) - Methods: Study Design / Initial prototype"", ""A3 Lifecycle (Understanding/Ideation/Prototyping/Evaluation): \""participants were asked to engage with the MS-FIT minimum viable product consisting of the falls assessment survey and accompanying patient instructions while being observed by the interviewer... After survey submission, each patient was asked to complete an 18-item survey about their experience to assess usability, usefulness and ease of use, likability, understandability, actionability, and NPS.\"" (evaluation) - Methods: Phase 4 Deliver / Observations and Scoring""], ""TASKS_elements"": [""\""All interviews were conducted remotely, using the UCSF Zoom video platform, which may have biased the patient stakeholders to people who are technologically literate and have access to the internet.\"" - Limitations - Why it shows a designer barrier: Remote-only interviews limited the diversity of participant feedback available to designers and may have constrained who could be recruited, affecting the representativeness of input used to shape design decisions."", ""\""Only clinicians at UCSF and patients seen by this (broad) group of clinicians were interviewed; therefore, we may have missed important feedback from a wider cohort of users.\"" - Limitations - Why it shows a designer barrier: Restricting recruitment to a single center reduced data diversity and limited designers' access to broader stakeholder perspectives, constraining generalizability and potentially forcing design trade-offs.""]}",,Block et al. - 2024 - A Closed Loop Falls Monitoring and Prevention App for Multiple Sclerosis Clinical Practice Human Cen.txt,"Condition A: satisfied - The paper documents active user involvement (multiple rounds of patient and clinician interviews feeding into design), explicit iteration across phases (discover, define, develop, deliver), and evidence of understanding users, ideation, prototyping (mock screens/REDCap MVP), and evaluation (observed usability testing and Health-ITUES scoring).; Condition B: satisfied - The authors report participant-access and sampling limitations (remote interviews biasing toward tech-literate users; recruitment only from UCSF clinicians/patients) that constrained the diversity of feedback and therefore affected designers' ability to obtain broader input.; Final rationale: The study meets the full HCD cycle criteria (A1, A2, A3) with clear iterative user-involved design and evaluation, and it reports designer-facing constraints in the Limitations that affected access to diverse user feedback; therefore it should be included.",A Closed-Loop Falls Monitoring and Prevention App for Multiple Sclerosis Clinical Practice: Human-Centered Design of the Multiple Sclerosis Falls InsightTrack
"Emily Blynn, Emily Harris, Melanie Wendland, Courtney Chang, Dyness Kasungami, Monisha Ashok, Metsehate Ayenekuluf",High,Include,"{""HCD_fullcycle"": [""A1 User Involvement: \""V was co-created with AGYW through prototyping and testing\"" - Interventions (V)"", ""A1 User Involvement: \""A360 used HCD alongside other disciplines... to develop innovative country-specific interventions through an iterative process of researching, testing, prototyping, and piloting ideas with girls and other stakeholders.\"" - Interventions (Adolescents 360 Ethiopia)"", ""A2 Iteration: \""In the solution design phase, there were 3 rounds of rapid prototyping before a 6-month pilot.\"" - Build in Iteration and Allow for Pivoting"", ""A2 Iteration: \""the project ultimately took 24 months for several reasons... First, the project encountered logistical constraints... personnel turnover in key roles post-elections... the first round of prototyping surfaced problems... The team decided that a second round of prototyping was needed\"" - Build in Iteration and Allow for Pivoting (Reimagining TA)"", ""A3 Lifecycle (Understanding/Ideation/Prototyping/Evaluation): \""Formative research in South Africa included user journey mapping\"" (understanding) - Interventions (V)"", ""A3 Lifecycle (Understanding/Ideation/Prototyping/Evaluation): \""co-creation processes that included workshops, design sprints, and stakeholder interviews\"" (ideation) - Interventions (Reimagining TA)"", ""A3 Lifecycle (Understanding/Ideation/Prototyping/Evaluation): \""prototyping and testing, resulting in a radically reframed PrEP experience... V is introduced through brand ambassadors and initiated using a starter kit\"" (prototyping) - Interventions (V)"", ""A3 Lifecycle (Understanding/Ideation/Prototyping/Evaluation): \""The first 2 years were dedicated to program design and optimization, while the second 2 years were focused on implementation and scale-up... As of September 2020, Smart Start has reached 76,480 girls in Ethiopia\"" (evaluation/implementation/scale) - Interventions (Adolescents 360 Ethiopia)""], ""TASKS_elements"": [""\""Due to COVID-19, implementation was paused but has recently resumed\"" - Interventions (V) - [Shows a designer-facing resource/timing constraint that impeded implementation activities]"", ""\""the project ultimately took 24 months for several reasons. First, the project encountered logistical constraints. Co-creation workshops required direct engagement with country-level stakeholders, particularly government officials, who had limited availability, and that was exacerbated by personnel turnover in key roles post-elections.\"" - Build in Iteration and Allow for Pivoting (Reimagining TA) - [Shows participant access and logistical constraints that forced timeline extension and hindered co-creation]"", ""\""Initial IRB feedback stated that A360 did not have an adequate sample size and had to change the wording of questions and limit their methods to a specific set of 9 approaches. The requirement to submit the design research plan 6 to 9 months in advance of project launch also limited the design team's ability to adapt their methods as needed throughout the process.\"" - Build in Iteration and Allow for Pivoting (A360 Ethiopia) - [Shows regulatory/process constraints (IRB) that limited designers' ability to iterate and adapt methods]"", ""\""In Reimagining TA, no such start-up phase was built in for Sonder and JSI to align on process and approach. The design team had to orient the JSI team to the HCD methodology... The lack of time to align on how to integrate a consultant-led design process into the global health program exposed a lack of mutual understanding in terms of ways of working. This created confusion, mutual questioning of the project approach, and a lack of clarity around roles and responsibilities.\"" - Emphasize Alignment and Understanding Among All Partners (Reimagining TA) - [Shows skill/knowledge gaps and process integration issues experienced by designers and partners that impeded effective collaboration]"", ""\""For V, an independent impact evaluation failed to launch due to challenges in identifying a sufficiently rigorous methodology at a feasible cost. The evaluation of V in Zimbabwe was therefore designed to leverage existing, routine program monitoring systems.\"" - Develop Design-Sensitive M&E Frameworks (V) - [Shows resource/measurement constraints affecting designers' ability to perform planned rigorous evaluation]""]}",,Blynn E. et al. - 2021 - Integrating Human Centered Design to Advance Global Health Lessons from 3 Programs.txt,"Condition A: satisfied - The paper documents active user involvement (co-creation with AGYW and young designers), explicit iterative cycles (multiple rounds of prototyping and pilots), and evidence of the full lifecycle (formative research/user journey mapping, ideation workshops and design sprints, prototyping/testing of starter kits and curricula, and implementation/pilot/scale-up and monitoring).; Condition B: satisfied - The paper reports multiple designer-facing constraints (COVID-19 pauses, logistical limits and stakeholder availability, IRB/regulatory restrictions limiting iterative methods, lack of start-up alignment causing role confusion, and evaluation resource limits) that affected designers' ability to carry out design activities.; Final rationale: The article reports primary programmatic experiences (not an external meta-study), provides direct evidence of full HCD cycles across the featured programs, and documents concrete barriers encountered by designers during these projects; therefore it meets both Condition A and Condition B and should be included.",Integrating Human-Centered Design to Advance Global Health: Lessons From 3 Programs
"Kasey R. Boehmer, Ian G. Hargraves, Summer V. Allen, Marc R. Matthews, Christina Maher, Victor M. Montori",High,Include,"{""HCD_fullcycle"": [""A1 User Involvement: \""All patients that were observed during clinical encounters, home visits, and support groups consented to participation in the study... we debriefed and reviewed our findings with our patient advisory group, ten community members with chronic conditions\"" - Methods / Phase I"", ""A2 Iteration: \""The design process took place in four phases... Phase II... Phase III... After three additional iterations with this prototype, we were satisfied with the 9th prototype, deeming it the final version.\"" - Methods / Phases II-IV"", ""A3 Lifecycle (Understanding/Ideation/Prototyping/Evaluation): \""These included observations of 1) clinical encounters in primary care (n = 15)... 2) observations of nurse home visits with patients (n = 5)... We also observed two patient support groups\"" (Understanding) ; \""Based on our observations in phase I, we generated three prototypes\"" (Ideation) ; \""we observed two to three clinical encounters with each prototype per clinician during this phase (phase II, n = 15)\"" (Prototyping) ; \""Conversations using the final prototype brought up contextual issues of patient capacity and treatment burden early, highlighting the competing priorities in life and health-care, and in many cases resulting in changes to treatment plans.\"" (Evaluation) - Methods / Results / Finalizing""], ""TASKS_elements"": [""\""The words that we used to describe patient capacity (Physical, Emotional, Personal, Financial, Social, and Environmental) were friendlier to researchers and physicians than to patients. To fully allow patients to participate, these needed to be reconsidered.\"" - Phase II - Why it shows a designer barrier: indicates a communication/usability gap discovered by designers that forced redesign of language to enable patient participation (skill/knowledge/communication issue experienced by the design team)."", ""\""Patients who spoke freely and enjoyed talking about their life upon meeting them, changed completely during the encounter. There, they spoke only of their medical conditions...\"" - Phase I - Why it shows a designer barrier: participant behavior limited the designers' ability to elicit contextual information in standard encounters, forcing a change in where/how the tool was embedded (participant engagement constraint affecting design process)."", ""\""Our final modifications to the prototype included a change from a color version to black and white... we learned from stakeholder feedback, that older patients struggled with the color contrast and preferred a highly contrasted, black-and-white version.\"" - Phase IV - Why it shows a designer barrier: an accessibility/usability issue identified in participants required a redesign of the artifact (practical constraint encountered and addressed by designers).""]}",,Boehmer et al. - 2016 - Meaningful conversations in living with and treating chronic conditions development of the ICAN disc.txt,"Condition A: satisfied - The paper reports active user involvement (observations, home visits, patient advisory group, patient-filled sheets), explicit repeated iterations across four phases resulting in a 9th prototype, and evidence of the full lifecycle (understanding users, ideation to generate prototypes, prototyping in clinical encounters, and evaluation via observed changes in conversations and some treatment plans).; Condition B: satisfied - The authors describe multiple designer-facing constraints (communication/language not patient-friendly, participant conversational behavior limiting contextual data, and accessibility/color-contrast issues with prototypes) that required adaptations to the design process.; Final rationale: Both Condition A (full HCD cycle) and Condition B (designer-experienced barriers) are supported by explicit statements in Methods and Results, so the study meets inclusion criteria.",Meaningful conversations in living with and treating chronic conditions: development of the ICAN discussion aid
Laura-Mihaela Bogza; Cassandra Patry-Lebeau; Elina Farmanova; Holly O Witteman; Jacobi Elliott; Paul Stolee; Carol Hudon; Anik M C Giguere,High,Include,"{""HCD_fullcycle"": [""A1 User Involvement: \""We asked individuals with MCI, as well as HCPs, to evaluate the web-based decision aid in 6 consecutive rounds using mixed methods comprising semistructured interviews and questionnaires. New participants were recruited for each round. We also verified the comprehension of the information using a teach-back method and recorded any usability issues.\"" - Methods"", ""A2 Iteration: \""We invited clinicians, older adults with MCI, and their caregivers to evaluate the decision aid in 6 consecutive rounds, with new participants in each round.\"" and \""We conducted 6 evaluation rounds, starting with the prototype version (V1), and then produced 5 different versions (V2-V6) before creating the final version (VF).\"" - Methods / Results"", ""A3 Lifecycle (Understanding/Ideation/Prototyping/Evaluation): \""On the basis of a published rapid-review approach, we synthesized evidence on the benefits and harms of the available options... The evidence gathered was structured into a decision box template... we then formed an expert advisory panel consisting of 8 clinicians... The informational content was then inserted into a mock-up designed to support older adults with MCI...\"" (ideation/prototyping) and \""We invited the participants to evaluate the web-based decision aid during a 60-min session... semistructured interview that used a think-aloud approach... audio recorded, and we captured the participants’ navigation on their computer screens... At the end... completed the Ottawa Acceptability questionnaire and the System Usability Scale.\"" (evaluation) and \""Population and Sampling Strategy... invited HCPs... asked those who agreed to participate to identify eligible individuals among their patients...\"" (understanding/users). - Prototype Conception / Methods / Population and Sampling Strategy / Evaluations""], ""TASKS_elements"": [""\""As we experienced challenges recruiting participants with this strategy, we also invited people with MCI who were registered in a Quebec database managed by one of us (CH).\"" - Population and Sampling Strategy - This shows a designer barrier: recruitment via planned clinical routes failed, forcing designers to change recruitment strategy which constrained participant sourcing and potentially affected iterative testing."", ""\""One of the limitations of the study is that the web-based decision aid shown at each round to the participants was a mock-up... the mock-up clearly impaired understanding of the values clarification exercise. In the mock-up, we had to predetermine values clarification exercise priorities to avoid unnecessary design work at an early stage.\"" - Limitations - This documents a technical/process constraint that prevented realistic interaction testing and forced the design team to predetermine inputs, limiting authentic user-driven design and evaluation."", ""\""Asking users to review a mock-up instead of a finished product requires much more involvement from the interviewer, which prevented us from observing real user interaction with the web-based decision aid.\"" - Research Process (Results) - This indicates a process constraint increasing researcher burden and preventing naturalistic observation of user interactions, affecting designers' ability to collect authentic usability data."", ""\""This work is also limited by the small sample sizes of HCPs and older adults with MCI... The vulnerability of the population made it hard to recruit subjects with the help of HCPs, as they wanted to protect them from the hassles of a research project... We could not, therefore, diversify the participants who helped at each evaluation round...\"" - Limitations - This documents resource/participant access constraints that limited designers' ability to perform diverse iterative testing and adapt design for different user subgroups.""]}",,Bogza et al. - 2020 - User Centered Design and Evaluation of a Web Based Decision Aid for Older Adults Living With Mild Co.txt,"Condition A: satisfied - Clear evidence users actively shaped design (multiple rounds, teach-back, qualitative feedback) + explicit iterative refinement across 6 versions + documentation of understanding (user needs), ideation (expert panel, brainstorming), prototyping (mock-ups V1-V6), and evaluation (think-aloud, SUS, DCS, acceptability).; Condition B: satisfied - Multiple explicit statements in Methods/Results/Limitations describe designer-facing constraints (recruitment difficulties, mock-up limitations forcing predetermined inputs, increased interviewer involvement, small sample sizes) that affected the team's ability to perform design activities.; Final rationale: The paper reports a full user-centered HCD cycle with active user involvement, explicit iterative redesign steps, and all lifecycle phases documented, and it also reports concrete, project-specific barriers experienced by the design team. Therefore it meets both Condition A and Condition B and should be included.",User-Centered Design and Evaluation of a Web-Based Decision Aid for Older Adults Living With Mild Cognitive Impairment and Their Health Care Providers: Mixed Methods Study
"Samuel Bonet-Olivencia, Jesus Carrillo-Leal, Arjun Rao, Farzan Sasangohar",Medium,Include,"{""HCD_fullcycle"": [""A1 User Involvement: \""feedback from 97 patients and 11 health care providers in underserved communities of south Texas was elicited to inform the design of the mobile interface.\"" - Methods: Interviews With Patients and Health Care Providers"", ""A2 Iteration: \""A round of formative usability testing with design experts was used to evaluate the design ... A second round of usability testing focused on the aesthetics, functionality, and usability issues of the modified app.\"" - Results: Usability Testing"", ""A3 Lifecycle (Understanding/Ideation/Prototyping/Evaluation): \""Findings from our previous work... suggested that patients and providers consider logging and tracking ... as important features\"" (Understanding users) - Results: Interviews; \""The FIRs were used to design a comprehensive set of wireframes... The wireframing stage supported the development of low-fidelity prototypes\"" (Ideation/Prototyping) - Methods: Functional Information Requirements / User Experience/User Interface App Design; \""High-fidelity and interactive prototypes were first evaluated using internal formative usability testing ... followed by an external usability testing phase where a remote synchronous walkthrough method was used with nine patients\"" (Evaluation) - Methods/Results: User Experience/User Interface App Design / Usability Testing""], ""TASKS_elements"": [""\""One of the limitations of this work is that the design requirements and evaluations were conducted with intended users from various representative underserved communities in South Texas and the result may not generalize to all underserved populations.\"" - Discussion - [Why it shows a designer barrier: limited geographic/stakeholder sampling constrained the designers' ability to obtain diverse user input and may have limited scope of design evaluations]"", ""\""In addition, only one round of usability testing was conducted with a relatively small sample of representative users and nurse educators.\"" - Discussion - [Why it shows a designer barrier: small sample size and single round limited the designers' ability to perform multiple iterative evaluation cycles and to fully validate design decisions]"", ""\""The focus group was only made up of diabetes educators; however, in the future, feedback from physicians will be requested.\"" - Methods: User Experience/User Interface App Design / Results: Usability Testing - [Why it shows a designer barrier: limited stakeholder diversity (absence of physicians) reduced the breadth of expert feedback informing design decisions]""]}",,Bonet-Olivencia et al. - 2023 - User Centered Design of a Diabetes Self Management Tool for Underserved Populations.txt,"Condition A: satisfied - The paper documents active user involvement (interviews, usability testing, focus group), explicit iterative testing (multiple formative rounds described), and all four lifecycle phases (user understanding via interviews, ideation via FIRs and wireframing, prototyping with low- and high-fidelity prototypes, and evaluation via usability tests and focus group).; Condition B: satisfied - The manuscript reports designer-facing constraints: a single round of usability testing with a small sample, limited stakeholder diversity (focus group only included diabetes educators), and geographically limited participant recruitment, which constrained designers' ability to iterate and generalize findings.; Final rationale: The study meets the full HCD cycle requirements (A1, A2, A3) and reports concrete limitations that affected the designers' ability to perform comprehensive iterative design and evaluation (valid TASKS elements). Therefore it should be included.",User-Centered Design of a Diabetes Self-Management Tool for Underserved Populations
"Elin Børøsund, Anders Meland, Hege R Eriksen, Christine M Rygg, Giske Ursin, Lise Solberg Nes",High,Include,"{""HCD_fullcycle"": [""A1 User Involvement: \""...iteratively conducted in close collaboration between key stakeholders, including experts within psychosocial oncology, cancer epidemiology, stress-management, and eHealth as well as survivors of breast cancer and health care providers.\"" - Methods"", ""A2 Iteration: \""The core content development group (LSN, AM, HRE, and GU) met in biweekly to monthly workshops... An expanded content development team... then continued to meet in biweekly to monthly workshops during the next phase...\"" and \""The newly developed exercises were audio-recorded prior to testing. User representatives (ie, 4 women with breast cancer) and 3 members of a project-related editorial team tested the new exercises in iterations.\"" - Methods / User Testing of New Exercises"", ""A3 Lifecycle (Understanding/Ideation/Prototyping/Evaluation): \""...a series of workshops to identify cognitive behavioral and mindfulness specific StressProffen content, overlapping psychoeducational content, and areas where development and incorporation of new material were needed.\"" (Ideation) \""The StressProffen original content was first transferred to a Word... 4 experts... first independently reviewed the text and placed the content in the CBI or MBI columns... and then met to discuss steps for further project progress.\"" (Understanding/Ideation) \""The newly developed exercises were audio-recorded prior to testing.\"" (Prototyping) \""The user representatives ... tested the new exercises... This feedback... resulted in a more extended explanation before the exercises involving silence, and a shortening of some of the silent sections...\"" (Evaluation) - Methods / Results""], ""TASKS_elements"": [""\""This study has a number of limitations. First, user testing was performed by only 4 survivors of breast cancer.\"" - Limitations - This indicates a participant access/resource limitation that constrained the designers' ability to conduct broader user testing and may have limited designers' data and feedback for iterative design."", ""\""Some of the adaption and development of program content were conducted during the COVID-19 pandemic, meaning that several workshops had to be conducted digitally due to pandemic restrictions. This could potentially have impacted the development process.\"" - Limitations - This describes a process constraint (remote workshops) that affected how designers conducted iterative workshops and may have impacted productivity or the design process."", ""\""A legal disclaimer and a description of data collection, user rights and study contact information were included to meet ethical, privacy, and security requirements.\"" - Methods / Technical and Static Aspects and Adjustments - Incorporation of legal/privacy/security requirements represents external technical/process constraints that designers had to address and that affected design content and static pages."", ""\""The users expressed experiencing some frustration with the silence... This feedback from participants resulted in a more extended explanation before the exercises involving silence, and a shortening of some of the silent sections in the new mindfulness exercises.\"" - Results / User Testing of New Exercises - Participant reactions forced designers to adapt exercise content and structure, evidencing a designer-facing constraint arising from user feedback during iteration.""]}",,Borosund et al. - 2023 - Digital Cognitive Behavioral and Mindfulness Based Stress Management Interventions for Survivors of.txt,"Condition A: satisfied - The methods report active involvement of survivors and stakeholders shaping the design (user representatives and workshops), explicit iterative cycles (biweekly/monthly meetings and iterative user testing), and evidence of understanding users (content review and stakeholder input), ideation (workshops and content planning), prototyping (audio-recorded exercises and app versions), and evaluation (user testing with subsequent adjustments).; Condition B: satisfied - The paper documents designer-facing constraints: limited user testing sample (only 4 survivors), COVID-related shift to digital workshops that could impact development, mandatory privacy/security/legal requirements influencing content, and participant feedback (eg, silence in mindfulness exercises) that forced design adaptations.; Final rationale: Both the full HCD cycle (A1, A2, A3) and at least one valid designer-facing TASKS element are evidenced in Methods, Results, and Limitations. Therefore the study meets inclusion criteria.",Digital Cognitive Behavioral- and Mindfulness-Based Stress-Management Interventions for Survivors of Breast Cancer: Development Study
"Fionneke M. Bos, Lino von Klipstein, Ando C. Emerencia, Erwin Veermans, Tom Verhage, Evelien Snippe, Bennard Doornbos, Grietje Hadders-Prins, Marieke Wichers, Harriëtte Riese",Medium,Exclude,"{""HCD_fullcycle"": [""A1 User Involvement: \""S1. Interview guides for the focus groups, interviews, and usability sessions\"" (Contents) - indicates users (clients and clinicians) were interviewed and usability sessions were planned/conducted."", ""A2 Iteration: \""[No explicit phrasing indicating repeated refinement cycles or multiple iterative rounds found in provided sections]\"" (Contents) - no explicit evidence of iterative refinement cycles in the provided text."", ""A3 Lifecycle (Understanding/Ideation/Prototyping/Evaluation): \""S1. Interview guides for the focus groups, interviews, and usability sessions\"" (understanding/evaluation), \""S3. Overview of goals, subgoals, the matching diary schedule, and diary constructs\"" (ideation), \""S8. Design of the feedback module\"" and \""S9. EMA diary items\"" (prototyping) - section headings indicate components of all four phases, but do not by themselves document completed cycles or sequencing.""], ""TASKS_elements"": [""No designer-facing task constraints or difficulties quoted in the provided sections (no limitations or results text describing resource limits, participant access issues, cognitive/emotional strain of designers, skill gaps, or process/technical issues) - therefore no evidence that designers experienced barriers during this project in the provided text.""]}",Condition A not satisfied - missing explicit iterative cycles; Condition B not satisfied - no designer-facing constraints reported in provided text,Bos et al. - 2022 - A Web Based Application for Personalized Ecological Momentary Assessment in Psychiatric Care User Ce.txt,"Condition A: not satisfied - User involvement (A1) and evidence for lifecycle phases (A3) are suggested by section headings, but explicit repeated refinement/iteration (A2) is not present in the provided text.; Condition B: not satisfied - The provided text contains no quotes or statements that describe difficulties or constraints experienced by the designers; limitations affecting designers' ability to perform design activities are not present.; Final rationale: Based solely on the supplied Methods/Results/Discussion/Conclusion/Limitations-related headings and brief content list, the submission lacks explicit evidence of iterative cycles (A2) and lacks any designer-oriented task constraints (Condition B), so it must be excluded.",PErsonalized Treatment by Real-time Assessment (PETRA): User-centered development of a web-application for personalized diaries in psychiatric care
Guy A. Boy,High,Exclude,"{""HCD_fullcycle"": [""A1 User Involvement: \""Projects carried out at HCDi include: (1) Nuclear control room design, i.e., cognitive function analysis and allocation, human-centered automation, advanced interaction media, eye tracking experimentations; (2) The virtual camera in planetary exploration, i.e., multi-source data visualization techniques; (3) A multi-source weather awareness system for future cockpits... (5) Design of instructional technology for the online learning environment.\"" - Section 8 Conclusion (lists projects but provides no description of participatory co-design or users/stakeholders actively shaping the design)"", ""A2 Iteration: \""Simulation is used also to improve the model and eventually modify it (Figure 3). ... The M&S design cycle shows that modeling is a closed-loop process that in turn enables system re-design, modification of people practices/profiles and potential re-definition of other systems.\"" - Section 7 Modeling and simulation (conceptual description of an iterative cycle but no explicit report of repeated refinement cycles carried out by the authors on any project)"", ""A3 Lifecycle (Understanding/Ideation/Prototyping/Evaluation): \""Apply human-centered design throughout the entire life cycle of LCSs.\"" - Section 8 Conclusion (statement of intent); and \""Simulation is typically computer-supported and generally, but not necessarily, interactive... Simulators enable people to engage into the activity that the system modeled enables them to perform... The modeling process produces a model that can be simulated on a simulator, which in turn produces experimental data.\"" - Section 7 Modeling and simulation (conceptual mentions of prototyping/simulation and evaluation but no concrete evidence in the paper's methods/results of the four phases: user understanding, ideation, prototyping, and evaluation having been enacted and reported by the authors)""], ""TASKS_elements"": []}","Condition A not satisfied: no reported evidence of a full HCD cycle (user involvement, explicit iteration, and all lifecycle phases enacted/reported). Condition B not satisfied: no reported designer-facing task constraints or barriers affecting design activities.",Boy - 2012 - What do we mean by Human Centered Design of Life Critical Systems.txt,"Condition A: not satisfied - The paper provides conceptual descriptions and lists projects but does not report concrete methods/results showing users/stakeholders actively shaped the design (A1), nor does it report explicit repeated refinement cycles performed by the authors (A2), nor does it present documented evidence of all four lifecycle phases (understanding users, ideation, prototyping, evaluation) being executed and reported (A3).; Condition B: not satisfied - The paper does not report designer-facing difficulties or constraints experienced during execution of design activities (no evidence of resource limits, participant access issues, cognitive/emotional strain, skill gaps, or process/technical issues affecting the designers), only general discussion of challenges in the field.; Final rationale: Because the paper lacks empirical/methodological reporting of a full HCD cycle and provides no designer-oriented task barriers from the authors' project work, it fails both Condition A and Condition B and must be excluded.",What do we mean by Human-Centered Design of Life-Critical Systems?
"Linda D. Breeman, Mike Keesman, Douwe E. Atsma, Niels H. Chavannes, Veronica Janssen, Lisette van Gemert-Pijnen, Hareld Kemps, Wessel Kraaij, Fabienne Rauwers, Thomas Reijnders, Wilma Scholte op Reimer, Jobke Wentzel, Roderik A. Kraaijenhagen, Andrea W.M. Evers",Medium,Include,"{""HCD_fullcycle"": [""A1 User Involvement: \""In total, six stakeholder activities were performed: 1. An interview study with 10 CVD patients... 3. An interview study with 16 healthcare professionals... 4. A focus group with 10 stakeholders... 5. Interviews with 6 representatives of CVD healthcare facilities... 6. Discussions with commercial eHealth developers\"" - Methods: 2.2.1.2 Stakeholder activities"", ""A2 Iteration: \""We followed the iterative approach to eHealth development as proposed in the CeHRes roadmap. With an iterative approach, results and data-analysis procedures are intertwined.\"" and \""Based on all feedback, the technology was further refined and beta-tested.\"" - Methods: 2.2 (Research approach and iterative development) and 2.2.3 Phase 3: iterative prototype design and evaluation"", ""A3 Lifecycle (Understanding/Ideation/Prototyping/Evaluation): \""Phase 1: contextual inquiry... Activities included examining existing knowledge, conducting a series of stakeholder interviews, and conducting a competitor review.\"" (Understanding users); \""Phase 2: value specification... Data from the previous research activities were synthesized... creation of ‘personas’, developing a customer journey\"" (Ideation); \""Phase 3: iterative prototype design and evaluation... translated each of the core attributes into tangible prototype designs...\"" (Prototyping); \""four activities were undertaken to evaluate and further improve the technology... cognitive walkthrough... heuristic evaluation... usability tests... think aloud study\"" (Evaluation) - Methods: 2.2.1, 2.2.2, 2.2.3""], ""TASKS_elements"": [""\""First, the number of participants of some studies was relatively small.\"" - Discussion / Limitations: 4.1 Strengths and limitations - [Shows a resource/participant limitation that reduced data diversity available to designers and thus affected design activities]"", ""\""Second, it may be noted that more healthcare professionals were interviewed than patients\"" - Discussion / Limitations: 4.1 Strengths and limitations - [Indicates sampling imbalance that could limit designers' ability to fully capture end-user (patient) perspectives during design]"", ""\""...many healthcare professionals indicated that providing support for healthy living was mostly a peripheral activity for them, and although healthcare professionals expressed the wish to receive an overview of eHealth applications to promote healthy living, they neither have time nor receive reimbursements to keep track of current developments.\"" - Results: Values 1-2 - [Shows participant access/time constraint among professionals that would limit depth or continuity of engagement and thereby constrain designers' implementation/integration choices]""]}",,Breeman et al. - 2021 - A multi stakeholder approach to eHealth development Promoting sustained healthy living among cardiov.txt,"Condition A: satisfied - The manuscript documents active user/stakeholder involvement (multiple interviews, focus group, think-aloud/usability tests), explicit iterative cycles (CeHRes roadmap, iterative prototype refinement and beta-testing), and evidence of all four lifecycle phases (contextual inquiry/understanding, value specification/ideation, prototype creation, and multiple evaluation methods).; Condition B: satisfied - The paper reports designer-relevant constraints: small participant numbers and imbalance between professionals and patients (limiting data diversity and representativeness) and stakeholders (healthcare professionals) having limited time/reimbursement, which constrained engagement—these affected the designers' ability to gather and use stakeholder input.; Final rationale: Both Condition A (full HCD cycle present) and Condition B (documented designer-facing task/constraint elements that impacted the project) are met based on the Methods, Results, Discussion and Limitations text; therefore the paper is included.",A multi-stakeholder approach to eHealth development: Promoting sustained healthy living among cardiovascular patients
"Meagan C Brown, PhD, MPH; Andrea R Paolino, MA; Katheen A Barnes, MD, MPH; Dea Papajorgji-Taylor, MPH, MA, CCRP; Loel S Solomon, PhD, MPP; Cara C Lewis, PhD; Elizabeth Bojkov, MPH, BSN, RN; Katie F Coleman, MSPH",High,Exclude,"{""HCD_fullcycle"": [""A1 User Involvement: \""The authors codeveloped the online continuing medical education course with patients and clinicians using user-centered design.\"" - [Methods]"", ""A2 Iteration: \""Transcripts from codesign activities were coded and analyzed by thematic analysis to identify major themes...\"" - [Methods] (No explicit statement of repeated refinement cycles or multiple rounds of feedback-redesign is provided.)"", ""A3 Lifecycle (Understanding/Ideation/Prototyping/Evaluation): \""Transcripts from codesign activities were coded and analyzed by thematic analysis to identify major themes, including perceptions of social risk–informed care and barriers to care adjustment.\"" - [Methods]; \""The authors codeveloped the online continuing medical education course\"" - [Methods]; \""Existing evidence on contextualized care and shared decision making informed a general framework for primary care providers... paired with 3 interactive case studies based on real-world, clinician-supplied scenarios.\"" - [Discussion] (No explicit evidence of a user-evaluation phase such as user testing, usability assessment, pilot trial, or evaluation of the final course is reported.)""], ""TASKS_elements"": []}",Did not report full HCD cycle (no explicit iteration and no documented evaluation phase) and no designer-experienced task/constraint evidence.,Brown M.C. et al. - 2024 - Codesigning Online Continuing Medical Education on Social Health Integration and Social Risk Informe.txt,"Condition A: not satisfied - While user involvement (A1) is clearly reported, there is no explicit evidence of iteration (A2) in the form of multiple feedback-redesign cycles, nor is there explicit evidence of a complete lifecycle (A3) because an evaluation phase (user testing/usability/pilot trial) is not reported.; Condition B: not satisfied - The provided text does not report constraints or difficulties experienced by the designers (resource limits, participant access problems that limited design activities, cognitive/skill gaps, or process/technical issues). Reported issues (clinicians' ethical concerns, patient preferences) are user/implementation concerns, not documented designer-facing barriers.; Final rationale: Exclude because the paper does not demonstrate the required full HCD cycle (missing explicit iteration and a documented evaluation phase) and does not present evidence of designer-experienced task constraints required for Condition B.",Codesigning Online Continuing Medical Education on Social Health Integration and Social Risk–Informed Care for Primary Care Providers
"Benjamin Buck, PhD; Mary Wingerson, BA; Erica Whiting, BS; Jaime Snyder, MFA, PhD; Maria Monroe-DeVita, PhD; Dror Ben-Zeev, PhD",High,Include,"{""HCD_fullcycle"": [""A1 User Involvement: \""Participants completed semistructured needs assessment interviews followed by live prototype interaction sessions through videoconferencing links provided by the research team.\"" - [Methods: Phase 1: Intervention Development - Procedures]"", ""A2 Iteration: \""Open-ended feedback on the Bolster prototype was overall positive, but it also identified areas for improvement... Our team responded to these concerns by altering the method of presentation of psychoeducational content. All message-style interactions were removed.\"" - [Results: Phase 1 Prototyping / Insights and Design Objectives]"", ""A3 Lifecycle (Understanding/Ideation/Prototyping/Evaluation): \""In study phase 1, a total of 21 caregivers participated in a qualitative needs assessment to identify key intervention goals and engaged in a live interaction with a preliminary prototype... Design objectives were identified based on insights collected from qualitative interviews and prototyping sessions... This prototype included the following features: an interactive messaging-style (ie, preprogrammed rule-based chatbot) interface... In study phase 2, a second sample of 11 caregivers participated in a 1-week field trial of the Bolster mobile app.\"" - [Methods: Overview; Results: Insights and Design Objectives; Methods: Phase 1 Prototyping; Methods: Phase 2 Field Trial]""], ""TASKS_elements"": [""\""Design objectives for Bolster were constrained to some extent by predefined project goals. Bolster was a priori proposed as a self-guided mobile intervention. Thus, caregiver feedback related to intervention features that could require clinical support (eg, an expert question-and-answer feature) or social features (eg, peer forums) was incorporated into Bolster in a manner consistent with these a priori constraints (eg, providing clinician videos rather than synchronous communication and links to support websites rather than the development of new tools).\"" - [Limitations] - [Why it shows a designer barrier: This explicitly states a priori project constraints that limited the design team's ability to implement requested features requiring clinical or social support, i.e., a constraint experienced by designers that forced adaptation of design decisions.]""]}",,Buck B - 2023 - User Centered Development of Bolster an mHealth Intervention for Early Psychosis Caregivers Needs As.txt,"Condition A: satisfied - The paper documents active user involvement (needs assessment and live prototyping), explicit iteration (prototype feedback led to concrete redesigns such as removal of messaging-style interface), and a complete lifecycle including understanding (qualitative needs assessment), ideation/design objectives, prototyping, and evaluation (1-week field trial).; Condition B: satisfied - The Limitations section explicitly reports that design objectives were constrained by a priori project goals (self-guided intervention), which limited how designers could implement certain user-desired features, constituting a designer-facing constraint.; Final rationale: The study reports a full user-centered design cycle with documented iteration and user-shaped decisions, and it reports at least one clear constraint experienced by the design team; therefore it meets both Condition A and Condition B and is included.","User-Centered Development of Bolster, an mHealth Intervention for Early Psychosis Caregivers: Needs Assessment, Prototyping, and Field Trial"
"Sebastian Burchert, Mohammed Salem Alkneme, Martha Bird, Kenneth Carswell, Pim Cuijpers, Pernille Hansen, Eva Heim, Melissa Harper Shehadeh, Marit Sijbrandij, Edith van’t Hof, Christine Knaevelsrud",High,Include,"{""HCD_fullcycle"": [""A1 User Involvement: \""N = 128 adult Syrian refugees residing in Germany, Sweden and Egypt took part in qualitative assessments. Access, usage, and potential barriers regarding information and communication technologies (ICTs) were assessed in free list interviews. Interactive prototypes of the app were presented in key informant interviews and evaluated on usability, user experience and dissemination strategies. Focus groups were conducted to verify the results.\"" - Materials and Methods"", ""A2 Iteration: \""In an iterative process of early prototype development, the user input collected in each phase was integrated into an initial prototype (presented in phase two) and a slightly updated version of the app prototype (presented in phase three).\"" - Materials and Methods"", ""A3 Lifecycle (Understanding/Ideation/Prototyping/Evaluation): \""Three phases of qualitative research were conducted ... The three phases utilized different data collection methods: free list interviews in phase one, key informant interviews in phase two, and focus group discussions in phase three.\"" AND \""The IDEAS framework... The paper builds on the earlier work... focuses on the phases (4–6) of the IDEAS framework. It reports on the early formative stages that were conducted to create and user-test initial prototypes of a second version of SbS that is optimized for self-guided use on smartphones and for a contact-on-demand guidance model\"" - Introduction / Materials and Methods""], ""TASKS_elements"": [""\""Working without audio recordings likely has affected data quality and data depth. The approach specifically limits possibilities to check data quality ex-post. This issue was addressed by providing training and clear guidelines to interviewers.\"" - Limitations - Why it shows a designer barrier: This describes a methodological constraint experienced by the design/research team that limited their ability to collect rich data and verify quality, affecting design activities and decisions."", ""\""Since the prototyping software was used instead of providing a functioning version of an actual app, certain elements such as the interactive exercises could only be simulated at this stage. In order to receive actual feedback on a working prototype it will be necessary to provide access to a fully functioning version.\"" - Limitations - Why it shows a designer barrier: This is a technical/process limitation encountered by the designers that prevented full user testing of interactive features and constrained iterative refinement."", ""\""Recruiting diverse respondents on other factors such as age or education was only attempted at the free list interviewing stage... it was especially challenging to recruit participants with a lower education background... It is possible that the respondents in this study did not represent all layers of the Syrian refugee population.\"" - Limitations - Why it shows a designer barrier: This recruitment constraint limited the designers' access to representative user input, reducing data diversity and potentially affecting adaptation decisions.""]}",,Burchert et al. - 2019 - User Centered App Adaptation of a Low Intensity E Mental Health Intervention for Syrian Refugees.txt,"Condition A: satisfied - The study documents active user involvement (free list interviews, prototype testing, focus groups), explicit iteration (prototype revised between phases), and covers all lifecycle activities (understanding via free lists, ideation/adaptation referenced via IDEAS phases, prototyping with interactive InVision prototypes, and evaluation via key informant interviews and focus groups).; Condition B: satisfied - The paper reports multiple designer-facing constraints (data quality limits from no audio recordings, limitations of using a non-functional prototyping tool, and recruitment difficulties) that affected the team's ability to perform design activities.; Final rationale: All required HCD criteria (user involvement, iteration, full lifecycle) are evidenced and at least one valid designer-facing task/constraint is documented; therefore the study meets inclusion criteria.",User-Centered App Adaptation of a Low-Intensity E-Mental Health Intervention for Syrian Refugees
Elin Børøsund; Jelena Mirkovic; Matthew M Clark; Shawna L Ehlers; Michael A Andrykowski; Anne Bergland; Marianne Westeng; Lise Solberg Nes,High,Include,"{""HCD_fullcycle"": [""A1 User Involvement: \""To ensure user involvement in each phase various user-centered design and service design methods were included, such as interviews, usability testing, and think aloud processes.\"" - [Methods]"", ""A2 Iteration: \""The stress management intervention program was developed in iterative processes\"" and \""Adjustments were made in 6 iterations to ensure easy language, short sentences, and focus on clear content for small screens.\"" and \""the prototype was evaluated via 4 consecutive iterations and refined and adjusted based on user feedback.\"" - [Methods - Software Development and Formative Evaluation]"", ""A3 Lifecycle (Understanding/Ideation/Prototyping/Evaluation): \""The stress management intervention program was developed in iterative processes, as shown in Figure 1, through a combination of exploration phase: input from user representatives (ie, cancer survivors)...; intervention content development: identified and adjusted from the evidence-based cognitive behavioral stress management concept; iterative software development and formative evaluation; and (4) privacy, security, and organization anchoring considerations.\"" - [Methods - Overview/Exploration/Intervention Content Development/Software Development]""], ""TASKS_elements"": [""\""To ensure that patient diagnoses is not revealed if anyone was watching or the phone or tablet lost, one alternative was to ask users for a pin code or password each time they were accessing the app. Even though this measure would protect privacy for the users, such protection could potentially reduce ease of use... Another option was to completely avoid the word cancer and any cancer-specific information in the app. Based on user input and security recommendations, it was decided to choose the second option and not include diagnosis-specific information.\"" - [Results/Privacy, Security, and Organization Anchoring] - [Why it shows a designer barrier: Organizational privacy/security requirements constrained design choices and forced the team to remove cancer-specific content (a forced adaptation that limited what designers could include]."", ""\""The usability testing methods in this study may also present with limitations. First, usability testing involved all functionalities but not all content sentences. Second, the usability testing included a limited number of participants... Based on the above, it is possible that the usability testing of StressProffen so far captured only some of the potential barriers to continuous use over time. This will need to be further addressed in ongoing user research.\"" - [Discussion - Strengths, Limitations, and Future Directions] - [Why it shows a designer barrier: Limited usability testing scope and small participant numbers constrained the designers' ability to fully detect and address potential usability barriers, affecting design activities and iteration completeness].""]}",,Børøsund E - 2018 - A Stress Management App Intervention for Cancer Survivors Design Development and Usability Testing.txt,"Condition A: satisfied - Clear evidence of active user involvement (interviews, usability testing, think-aloud), explicit multiple iterative refinement cycles, and documentation of the full lifecycle stages (exploration/understanding, content ideation/development, low- and high-fidelity prototyping, and evaluation/usability testing).; Condition B: satisfied - Project documentation describes concrete constraints experienced by the design team (hospital privacy/security requirements that forced omission of cancer-specific content and trade-offs around authentication) and acknowledges limited usability testing scope/participant numbers that affected the ability to capture all usability barriers.; Final rationale: The paper reports a full user-centered iterative HCD process covering all required lifecycle phases with active user involvement and explicit iterations, and it documents designer-facing constraints (privacy/security-driven design trade-offs and limited usability testing) that impacted design decisions, meeting both Condition A and Condition B.","A Stress Management App Intervention for Cancer Survivors: Design, Development, and Usability Testing"
Joseph A Cafazzo; Mark Casselman; Nathaniel Hamming; Debra K Katzman; Mark R Palmert,High,Include,"{""HCD_fullcycle"": [""A1 User Involvement: \""We employed user-centered design methods that are commonly used in contemporary design and, in particular, consumer-oriented products. This entails the iterative involvement of the end user in the design process by eliciting formal feedback on reference and prototype versions of the intervention; heuristic evaluation by human factors specialists; and formative usability testing of the system.\"" - [Methods: User-Centered Design Phase]"", ""A2 Iteration: \""We employed a user-centered design philosophy to gather requirements and iteratively design the system, leveraging a base remote patient monitoring system that has been tested in other populations.\"" - [Methods: opening paragraph before User-Centered Design Phase]"", ""A3 Lifecycle (Understanding/Ideation/Prototyping/Evaluation): \""This design phase involved qualitative, ethnographic interviews with patients and family caregivers (parents) to inform the design and development of the app... Once a sufficient level of saturation was achieved through the focus groups, the recordings were transcribed verbatim... Themes that emerged were used to inform the design and development of the self-management system.\"" (Understanding/Ideation) - [Methods: User-Centered Design Phase]; \""To achieve this goal, we elected to have automated data transfers from their glucometer... We designed an adapter (called bluglu), which allows a OneTouch UltraMini glucometer... to communicate via Bluetooth, allowing the transfer of blood glucose reading wirelessly, to the iPhone device running bant.\"" (Prototyping) - [Results: Theme: Fast, Discrete Transactions]; \""In the 12-week evaluation phase, a pilot group of 20 adolescents aged 12–16 years... Each participant was supplied with the bant app running on an iPhone or iPod Touch and a LifeScan glucometer with a Bluetooth adapter for automated transfers to the app. The outcome measure was the average daily frequency of blood glucose measurement during the pilot compared with the preceding 12 weeks.\"" (Evaluation) - [Abstract / Methods: Clinical Pilot]""], ""TASKS_elements"": [""\""Of these, 2 did not complete the full 12-week pilot study and 6 did not have sufficient baseline data from the meters for us to perform the analysis for the primary outcome measure. Hence, we analyzed change in daily frequency of measurements for the remaining 12 patients.\"" - [Results: Clinical Pilot] - [Why it shows a designer barrier: Participant dropouts and missing baseline meter data directly limited the researchers' ability to perform planned analyses and reduced available evaluation data, a constraint affecting the design project's evaluation tasks]."", ""\""The pilot was limited to a single-site, small convenience sample with no control group, which limited our ability to generalize the findings and determine the efficacy of the intervention fully.\"" - [Limitations] - [Why it shows a designer barrier: Recruitment/resource constraints (single-site, small convenience sample) constrained the designers' ability to conduct a more rigorous evaluation and obtain diverse data required for broader validation].""]}",,Cafazzo et al. - 2012 - Design of an mHealth App for the Self management of Adolescent Type 1 Diabetes A Pilot Study.txt,"Condition A: satisfied - The study documents active end-user involvement (ethnographic interviews, parent/child interviews, focus groups), explicit iterative design language and activities, and evidence of all four lifecycle phases (user understanding, ideation/design principles, prototyping including bluglu and bant, and a 12-week pilot evaluation).; Condition B: satisfied - The paper reports designer-facing constraints: participant noncompletion and insufficient baseline meter data that limited analysis, and a small single-site convenience sample limiting evaluation—these affected the researchers' ability to perform design evaluation tasks.; Final rationale: The manuscript reports a full user-centered iterative HCD process with explicit prototyping and evaluation, and it also documents concrete, project-level constraints (dropouts, missing baseline data, small convenience sample) that impeded evaluation activities; therefore it meets both Condition A (full HCD cycle) and Condition B (designer-oriented task constraints) and should be included.",Design of an mHealth App for the Self-management of Adolescent Type 1 Diabetes: A Pilot Study
Ran A Cai; Dominik Beste; Hema Chaplin; Socrates Varakliotis; Linda Suffield; Francesca Josephs; Debajit Sen; Lucy R Wedderburn; Yiannakis Ioannou; Stephen Hailes; Despina Eleftheriou,High,Include,"{""HCD_fullcycle"": [""A1 User Involvement: [\""We used a qualitative, user-centered design approach involving YP, parents, and HCPs from the rheumatology team.\""] - Methods"", ""A2 Iteration: [\""The design of the app was modified and new screenshots were generated and evaluated until no further changes were suggested.\""] - Phase II: Evaluation and Integration Into Clinical Practice"", ""A3 Lifecycle (Understanding/Ideation/Prototyping/Evaluation): [\""Phase I focused on developing consensus on the features and content of the app...understanding barriers and enablers to self-management in YP\"" (understanding); \""For phase I, we used a nominal group technique to develop consensus on the app content and features\"" (ideation); \""An app prototype was then developed in collaboration with the Computer Science Department...The agreed set of features were iteratively built into the app codebase by a developer\"" (prototyping); \""Phase III focused on usability testing of the final app interface for YP...YP answered a usability and acceptability questionnaire\"" (evaluation).] - Methods / Phase I / Phase III""], ""TASKS_elements"": [""[\""The HCPs also identified possible barriers to integration such as accessibility to all patients and demands for additional resources. For example, HCPs proposed that a desktop version of the app will be beneficial to allow access to YP without a mobile phone. In addition, HCPs were concerned about the additional time needed to monitor remote symptom deteriorations and interpret additional information collected from the app.\""] - Phase II: Clinical Practice Integration - [Shows designers faced resource and integration constraints (accessibility, additional HCP time) that affected design decisions such as limiting real-time monitoring and planning a desktop version]."", ""[\""Participation bias may have influenced the themes that emerged from our FGDs and interviews. For example, all study participants were computer literate and had easy access to smartphones; whether further refinements of the app are necessary for patients who are less familiar with this technology needs to be established. We considered this limitation by using open frameworks to develop the app so that it can be deployed as a desktop version...\""] - Limitations - [Shows participant access/selection constrained the design process and led designers to adapt by enabling desktop deployment to mitigate lack of smartphone access].""]}",,Cai et al. - 2017 - Developing and Evaluating JIApp Acceptability and Usability of a Smartphone App System to Improve Se.txt,"Condition A: satisfied - Clear user involvement through FGDs and co-design, explicit iterative development across three phases, and evidence of all four lifecycle phases (understanding, ideation, prototyping, evaluation).; Condition B: satisfied - Study documents designer-facing constraints (accessibility, additional resource/time demands, participation bias) that affected design choices and integration planning.; Final rationale: The paper reports an author-led, user-centered, iterative design process covering all HCD lifecycle stages and describes concrete constraints encountered by the design team and clinicians that influenced the design and implementation, meeting both Condition A and Condition B.",Developing and Evaluating JIApp: Acceptability and Usability of a Smartphone App System to Improve Self-Management in Young People With Juvenile Idiopathic Arthritis
"Jorge Calvillo-Arbizu, Laura M. Roa-Romero, Miguel A. Estudillo-Valderrama, Mercedes Salgueira-Lazo, Nuria Aresté Fosalba, Nieves L. del-Castillo-Rodríguez, Fayna González-Cabrera, Silvia Marrero-Robayna, Virginia López-de-la-Manzana, Isabel Román-Martínez",High,Include,"{""HCD_fullcycle"": [""A1 User Involvement: \""Semi-structured interviews and questionnaires were performed to health professionals, patients and caregivers with the objective of understanding their real needs and translating them to requirements\"" - Results (3.1)"", ""A2 Iteration: \""Requirements served for the conception of an initial system design and the development of a low-fidelity prototype (by adopting an iterative process of design and incremental development based on periodic revisions). User validation of this prototype allowed assessing usability and functionality of the system e-Nefro, and several issues raised in this stage.\"" - Results (3.1); also: \""AppNephro validation was carried out iteratively ... The realization of these tests was repeated during the design and implementation of AppNephro until at least 75% of average rating\"" - Results (3.2)"", ""A3 Lifecycle (Understanding/Ideation/Prototyping/Evaluation): \""For the analysis of user accessibility needs of the target audiences ... semi-structured interviews with nephrologists were performed. In addition, patients and caregivers were consulted through specific questionnaires\"" (Understanding) - Materials and methods (2.1); \""Requirements served for the conception of an initial system design and the development of a low-fidelity prototype\"" (Ideation/Conception and Prototyping) - Results (3.1); \""development iterations, resulting in a high-level prototype of the e-Nefro system consisting in six modules\"" (Prototyping) - Results (3.1); \""AppNephro validation was carried out iteratively and consisted of two parts: accessibility test and usability test... participants completed an evaluation questionnaire\"" (Evaluation) - Results (3.2)""], ""TASKS_elements"": [""\""As drawback, user involvement in all the development stages of an e-health system increases the complexity of the process. Working with a multidisciplinary team inevitably slows down system development due to the necessity of reaching a common understanding. A further issue is the continuous reconciliation between desires, preferences and needs of different kind of users and technology that imposes limits on the cost-efficiency of the product.\"" - Discussion (4) - Why it shows a designer barrier: describes process/coordination difficulties and resource/cost-efficiency constraints experienced by the design team that forced adaptations and slowed development."", ""\""Since the previous survey concluded that the participants showed hesitant to test AppNephro without help, this stage began by performing a practical showing.\"" - Results (3.2) - Why it shows a designer barrier: participant hesitation limited ability to conduct independent usability testing and required additional hands-on demonstrations, affecting evaluation procedures and iteration.""]}",,Calvillo-Arbizu et al. - 2019 - User centred design for developing e Health system for renal patients at home AppNephro.txt,"Condition A: satisfied - strong evidence of active user involvement (interviews, questionnaires, sample included in development), explicit iterative development cycles, and documented activities covering understanding users, conception/ideation, prototyping (low- and high-fidelity), and evaluation (accessibility and usability tests).; Condition B: satisfied - authors report design-team experienced constraints including increased complexity, slowed development due to multidisciplinary coordination and reconciliation of conflicting user needs, and participant hesitancy that required hands-on demonstrations, all of which impacted the designers' ability to carry out planned activities.; Final rationale: The manuscript reports a full HCD cycle with iterative user-centred activities and documents designer-facing process and participant-engagement constraints; therefore it meets both Condition A and Condition B and is included.",User-centred design for developing e-Health system for renal patients at home (AppNephro)
"Carayon, Pascale; Hose, Bat-Zion; Wooldridge, Abigail; et al.",High,Include,"{""HCD_fullcycle"": [""A1 User Involvement: \""While users of T3 were involved directly in the technology design process as seven clinicians participated in the design team and made decisions about the design of T3, others were involved indirectly in multiple stages of the HCD process.\"" - Discussion 5.1"", ""A2 Iteration: \""The iterative collaborative design produced about 20 different versions of T3.\"" - Methods 3.3"", ""A3 Lifecycle (Understanding/Ideation/Prototyping/Evaluation): \""Step 1 – SEIPS Analysis of Pediatric Trauma Care Transitions: Using the SEIPS model ... we analyzed data on pediatric trauma care transitions ...\""; \""Step 3 – Collaborative Design Sessions: The collaborative design process consisted of 4 design sessions ... The iterative collaborative design produced about 20 different versions of T3.\""; \""Step 4 – Individual Feedback from Clinicians: ... we produced multiple version of T3, including a mock-up in Adobe InDesign that was evaluated in Step 4.\""; \""Step 7 – Evaluation of Mock-up of T3: We conducted a scenario-based evaluation of the T3 mock-up with 36 participants.\"" - Methods 3.1 / 3.3 / 3.4 / 3.7""], ""TASKS_elements"": [""\""Challenges included time constraints as meetings were scheduled for only 1 hour and not all clinicians could fully participate in all design sessions.\"" - Results 4.1 - This indicates participant access/time constraints that limited designers' ability to obtain full engagement and feedback during co-design sessions (participant access issue affecting designers)."", ""\""We also discussed the impact of T3 on patient safety as nursing leaders expressed concern about the accuracy of the displayed information on T3. This led us to add a step in the HCD process and conduct a patient safety analysis (step 6).\"" - Methods 3.5 - Shows a process constraint/adaptation where designers had to change the HCD process due to safety/accuracy concerns raised by stakeholders (process/technical issue forcing adaptation)."", ""\""The proactive risk analysis brought up the important issue of reliability of and timely access to information in the EHR.\"" - Discussion 5.3 - Demonstrates a technical/integration barrier (data reliability and timely access) that affected designers' considerations and risk assessment for the technology.""]}",,Carayon et al. - 2022 - Human centered design of team health IT for pediatric trauma care transitions.txt,"Condition A: satisfied - The paper documents active user involvement via a seven-clinician design team, explicit iterative refinement (about 20 versions, multiple feedback loops), and explicit evidence of the four lifecycle phases (SEIPS analysis/understanding, collaborative design/ideation, mock-up prototyping, and SUS-based evaluations).; Condition B: satisfied - The paper reports designer-facing constraints including limited clinician participation due to time constraints (limiting data/feedback), a required change to the HCD process to perform a patient safety analysis driven by stakeholder concerns (process adaptation), and concerns about EHR data reliability/timeliness (technical integration constraint).; Final rationale: All components of the full HCD cycle are documented and there is clear evidence of designer-experienced constraints that affected the design process; therefore the study meets both Condition A and Condition B and is included.",Human-centered design of team health IT for pediatric trauma care transitions.
