authors,confidence,decision,evidence,exclusion_reason,file_name,raw_output,reasoning,title
"Caricia Catalani, Eric Green, Philip Owiti, Aggrey Keny, Lameck Diero, Ada Yeung, Dennis Israelski, Paul Biondich",High,Include,"{""HCD_fullcycle"": [""A1 User Involvement: \""...a team of Kenyan clinicians, information technology engineers, and health researchers collaborated over 6 months to translate the insights derived from the hear stage and the experiential knowledge of Kenyan clinicians into the design of a TB clinical decision support system... produced several prototype decision support systems and worked closely with end-users to iteratively develop prototypes.\"" - (Human Centered Design for TB/HIV Technology in Kenya / Create)"", ""A2 Iteration: \""Laboratory simulations... During each iteration of the system’s algorithm... This process was repeated until all pseudo patients received the medically appropriate decision support message... The team conducted dozens of cycles of prototype development and simulation before reaching zero errors.\"" - (Methods / Lab Simulation; Create)"", ""A3 Lifecycle (Understanding/Ideation/Prototyping/Evaluation): \""During the hear stage... conducting site observation sessions and key informant interviews... During the create stage... synthesized knowledge... distilling an array of potential solutions into iteratively refined prototypes... produced several prototype decision support systems... Two research methods were used to test these prototypes: lab simulation and in-context usability testing... Finally, the TB Tech team rolled out the beta version... across a network of 68 clinics.\"" - (Human Centered Design for TB/HIV Technology in Kenya; Methods; Deliver)""], ""TASKS_elements"": [""\""Clinicians perceived the information systems... to frequently suffer from missing patient data... it was common for a clinician to be prompted to provide a service that had already been provided... lack of integration between patient’s EMR, laboratory management information systems, pharmacy information systems, radiology information systems, and TB patient records.\"" - (Hear / Clinician perceptions of information systems) - Why: Shows data integration and data quality problems that designers had to confront because they caused incorrect reminders and limited the CDSS effectiveness."", ""\""Providers indicated that roughly over a quarter of the reminders were not correct for that particular patient and that particular day. Moreover, slightly less than half of the reminders were not considered actionable on that day.\"" - (Create / Usability testing) - Why: Demonstrates accuracy and actionability issues experienced during design/testing that forced designers to iterate and adapt the system."", ""\""The team identified major stumbling blocks... technology systems requirements such as functional printers, reliable electricity, and improvements to EMR data quality and they also included clinical requirements such as adequate IPT stocks and supply-chain management, improved access to radiology, and provider knowledge of TB and IPT standards of care... our team committed six months to addressing feasibility challenges... purchasing and distributing new hardware and supplies, hiring and training new staff...\"" - (Deliver) - Why: Documents resource, infrastructure, and supply-chain constraints that the design team experienced and had to resolve to implement the solution.""]}",,Catalani et al. - 2014 - A Clinical Decision Support System for Integrating Tuberculosis and HIV Care in Kenya A Human Center.txt,,"Condition A: satisfied - The paper documents active user involvement (clinicians engaged in co-design and usability testing), explicit iterative refinement (dozens of simulation and prototype cycles), and evidence of all lifecycle phases (hear/understand, create/ideate, prototyping, and evaluation/usability testing and rollout).; Condition B: satisfied - The manuscript describes multiple designer-facing constraints (data integration and quality problems, inaccuracies and non-actionable reminders, infrastructure needs such as printers/electricity, and IPT supply-chain issues) that affected the design and implementation process.; Final rationale: Both Condition A (full HCD cycle) and Condition B (designer-experienced task constraints) are met based on explicit statements in Methods, Results, Create, and Deliver sections; therefore include.",A Clinical Decision Support System for Integrating Tuberculosis and HIV Care in Kenya: A Human-Centered Design Approach
"Baginda Anggun Nan Cenka, Harry B. Santoso, Kasiyah Junus",High,Exclude,"{""HCD_fullcycle"": [""A1 User Involvement: \""In this study, the user interviews were not directly administered in the first iteration of design because the prototype of the learning diary was operated as an SRL tool. Therefore, it is critical to initiate a literature study to define SRL. Once the designer has gained initial knowledge of SRL, the user studies are activated.\"" - Methods (3.2 Design research)"", ""A2 Iteration: \""Before the test, the researcher of the current study conducted a pilot study in which six observers became participants. A pilot study was necessary to assess whether the entire sequence of UT was in accordance with the plan or had failed.\"" (describes a pilot of UT) and \""Based on the task performance level, issues category, and SUS score, the recommended solutions are arranged as shown in Table 5.\"" - Methods (3.4 Design evaluation) (No explicit multiple feedback-redesign cycles or repeated prototype iterations are described)"", ""A3 Lifecycle (Understanding/Ideation/Prototyping/Evaluation): \""Bødker [24] articulated that the initial phase of UCD is investigating stakeholders and users. With the interview method, designers identify user goals, constraints, and assumptions...\"" and \""This study resulted in a high-fidelity prototype.\"" and \""This UT involved 30 student participants...\"" - Methods (3.2, 3.3, 3.4) (Understanding is described as a goal but the methods state user interviews were not directly administered in the first iteration and primary needs/features were derived from literature rather than contextual inquiry)""], ""TASKS_elements"": [""\""Initially, the target users did not have sufficient knowledge of SRL because the users were computer science students who did not receive special training on SRL... designers must then identify user needs with a literature study and approve it for the target users.\"" - Methods (3.2 Design research) - [Shows a designer-facing knowledge gap constraint that forced reliance on literature instead of direct user interviews, limiting designers' usual user-understanding activities]"", ""\""This experiment was only carried out in one class of linear algebra courses, so the findings cannot be directly generalised. Students in this course were also dominated by students retaking the course, and this warrants further study. The short lecture time and the motivation not to fail again inhibit the students from exploring the usefulness of learning diaries.\"" - Conclusion / Limitations (8 Conclusion and future direction) - [Shows participant/sample limitations that reduced designers' ability to obtain diverse or exploratory usage data]"", ""\""In this experiment, it was found that there were technical limitations in the learning diary, which was related to the mathematical notation editor.\"" - Conclusion / Limitations (8 Conclusion and future direction) - [Shows a technical/process issue that constrained the artifact's functionality and designers' ability to fully support the target use-case]""]}",Incomplete HCD cycle: insufficient evidence of active early user involvement and explicit iterative refinement cycles (Condition A not satisfied),Cenka B.A.N. et al. - 2023 - The Third Wave of Self Regulated Learning s Measurement and Intervention Tools Designing Diaria as a.txt,,"Condition A: not satisfied - Although the study follows a UCD structure (design research, prototype, evaluation), user involvement was limited (initial design relied on literature rather than direct contextual inquiry or co-design), and no explicit multiple feedback-redesign iteration cycles are reported; thus the full HCD cycle (active early user involvement + explicit iteration + clear evidence of understanding/ideation/prototyping/evaluation) is not fully evidenced.; Condition B: satisfied - The paper documents designer-facing constraints: target users' insufficient SRL knowledge forcing reliance on literature (skill/knowledge gap), participant/sample limitations and short lecture time limiting exploration, and a technical limitation (mathematical notation editor) affecting design activities.; Final rationale: Because the manuscript does not provide clear evidence of active early user involvement (co-design or contextual inquiry) and explicit iterative redesign cycles, Condition A (full HCD cycle) is not met. Although Condition B (designer-facing tasks/constraints) is met, both conditions are required for inclusion, so the study is excluded.",The Third Wave of Self-Regulated Learning’s Measurement and Intervention Tools: Designing ‘Diaria’ as a New Generation of Learning Diary
"Paula Chacon-Cifuentes, Alejandro Zuleta-Gil, Gustavo Sevilla Cadavid, Andres Valencia-Escobar, Esteban Correa-Bedoya, Felix Echeverria-Echeverria",High,Include,"{""HCD_fullcycle"": [""A1 User Involvement: \""Potential users were identified and interviewed about their current wheelchairs and daily activities.\"" - Design Process (Information phase)"", ""A2 Iteration: \""The use of functional models and rudimentary prototypes in the design process was crucial for testing fast and with a low cost in order to learn from the design decisions early and make the validations and adjustments on time.\"" - Results (3.2 Product Design)"", ""A3 Lifecycle (Understanding/Ideation/Prototyping/Evaluation): \""In the information phase, researchers gathered information... Potential users were identified and interviewed... Every subject tested two models... All the information gathered were synthetized in the design requirements... The formalization phase began with an ideation process where all the team participated... a rudimentary prototype constructed in polyvinylchloride (PVC) tubing was made... This prototype was used in a focus group with researchers and users, to validate their perception about the wheelchair frame... The first functional prototype is being manufactured in aluminum alloy... This prototype will be used to develop technical and usability tests... For the usability tests potential users will be involved.\"" - Design Process (Information/Formalization/Conformation) and Results (3.2)""], ""TASKS_elements"": [""\""The first functional prototype is being manufactured in aluminum alloy, due to its ease of access in the local context.\"" - Design Process (Conformation) - This indicates a resource/access constraint: lack of local access to the target magnesium alloy/manufacturing forced designers to fabricate an interim aluminum prototype, affecting ability to prototype/test directly with the intended material."", ""\""The processes for the treatment of the surfaces and the formation of pieces by powder metallurgy, were developed by materials engineers in parallel sub-projects. The results of these subprojects will be integrated into the design process when said manufacturing processes are scaled for their application in the magnesium prototype.\"" - Design Process (Conformation) - This describes a technical/manufacturing constraint: required processes were not yet scaled/available, preventing immediate fabrication in magnesium and delaying integration, which constrained designers' activities."", ""\""The use of functional models and rudimentary prototypes in the design process was crucial for testing fast and with a low cost...\"" - Results (3.2 Product Design) - This reflects a resource limitation (need for low-cost rapid prototypes) that shaped designers' prototyping choices.""]}",,Chacon-Cifuentes et al. - 2020 - Interdisciplinary Approach of the Design Process for the Application of New Materials in Wheelchair.txt,,"Condition A: satisfied - The paper documents active user involvement (interviews, tests, focus groups), explicit iterative cycles (information → formalization → conformation with validations and adjustments), and evidence of all lifecycle phases (understanding users, ideation, prototyping, and evaluation).; Condition B: satisfied - The methods/results state concrete designer-facing constraints (limited local access to magnesium requiring an interim aluminum prototype; manufacturing/surface-treatment processes developed in parallel and not yet scaled), which affected the designers' ability to fabricate and test with the target material.; Final rationale: Both HCD full-cycle (Condition A) and designer-facing task/constraint evidence (Condition B) are present in the Methods and Results, so the study meets inclusion criteria.",Interdisciplinary Approach of the Design Process for the Application of New Materials in Wheelchair Design
"Katherine H. Chan, Rosalia Misseri, Aaron Carroll, Richard Frankel, Courtney M. Moore, Brandon Cockrum, Sarah E. Wiehe",High,Exclude,"{""HCD_fullcycle"": [""A1 User Involvement: \""From August 2018 to January 2019, we conducted three co-design workshops with parents of hypospadias patients, pediatric urology and general pediatric providers respectively to discuss their recommendations for a DA prototype.\"" - [Methods]"", ""A2 Iteration: \""We conducted three separate 'co-design workshops' from August 2018 to January 2019 ... Each workshop lasted approximately 90 minutes.\"" - [Methods] (No explicit repeated refinement cycles or feedback-redesign loops described)"", ""A3 Lifecycle (Understanding/Ideation/Prototyping/Evaluation): \""Participants created user-friendly, interactive DA prototypes... The study team engaged in a collaborative session to synthesize data from the three workshops and establish key features and requirements of our DA prototype... we created a web-based DA prototype called the Hypospadias Homepage.\"" - [Results]; \""Future directions include further testing with usability experts, providers and parents.\"" - [Extended Summary / Conclusions] (No user testing/usability evaluation or pilot trial reported)""], ""TASKS_elements"": [""\""One limitation of this study is the small population sampled, which limits generalizability...\"" - [Discussion/Limitations] - [Why it shows a designer barrier] This small sample limited the diversity of stakeholder input available to designers for prototype development, constraining design decisions."", ""\""Unfortunately, we encountered challenges in recruitment of this patient population due to their limited long-term follow-up in our practice. We plan to use social media to recruit them for a future phase of this study.\"" - [Discussion/Limitations] - [Why it shows a designer barrier] Recruitment difficulties prevented inclusion of older/repaired patients as stakeholders, directly limiting designers' ability to engage a relevant user group during design."", ""\""Some parents may have felt uncomfortable discussing sensitive issues in a group setting.\"" - [Discussion/Limitations] - [Why it shows a designer barrier] Potential participant discomfort in group workshops could have limited candid feedback and thereby constrained designers' access to full user perspectives.""]}",Condition A not satisfied: Missing explicit iterative refinement cycles and missing evaluation (user testing/usability/pilot) phase,Chan K.H. et al. - 2020 - User centered development of a hypospadias decision aid prototype.txt,,"Condition A: not satisfied - Although users actively participated in co-design workshops (A1 satisfied) and the team produced a prototype (ideation/prototyping present), the report lacks explicit evidence of iterative refinement cycles (A2 not satisfied) and lacks evidence of an evaluation phase involving user testing or pilot trials (A3 not satisfied).; Condition B: satisfied - The manuscript reports designer-facing constraints (limited sample size, recruitment challenges for older/repaired patients, potential participant discomfort) that affected the designers' ability to perform comprehensive stakeholder engagement.; Final rationale: Excluded because the study does not demonstrate a full HCD cycle as required (missing explicit iteration and a completed evaluation phase), despite genuine user involvement and documented designer-facing constraints.",User-centered development of a hypospadias decision aid prototype
Michalis Chartomatsidis and Christos Goumopoulos,High,Include,"{
    ""HCD_fullcycle"": [
      ""A1 User Involvement: Based on the human centered design (HCD) approach interviews and meetings took place between game designers, seniors and medical experts which allowed for acquiring both qualitative data through brainstorming activities and quantitative data through usability questionnaires to refine the main game characteristics and define the body movements that will be trained throughout the game. - (Design Methodology, 3.1 Human Centered Design)"",
      ""A2 Iteration: A redesign cycle was followed with refined game rules and interactions before the final prototype development commenced. User feedback on the design and game concepts was analyzed by the users and appropriate changes were implemented. - (Design Methodology, 3.1 Human Centered Design)"",
      ""A3 Lifecycle (Understanding/Ideation/Prototyping/Evaluation): Understanding: interviews and meetings with seniors and medical experts were used to acquire qualitative data and capture preferences and needs. Ideation: Based on guidelines and brainstorming a game called Fruit Collector was conceptualized targeting balance and walking abilities. Prototyping: After every meeting a prototype design was formed using the game ideas exported from the meetings and the mechanisms were evaluated by the users. Evaluation: The evaluation of the game tool took place at an Elderly Protection Center with 12 seniors who played twice per week for five weeks and were assessed using Berg Balance Scale (BBS), 30s Sit-to-Stand Test (30SST) and usability questionnaires. - (Design Methodology 3.1, Game Tool Characteristics 3.2, Pilot Study 6)""
    ],
    ""TASKS_elements"": [
      ""During the training process one issue that required attention was the fact that users cannot execute the movements the same way. Moreover, the body type of each user was an issue that had to be resolved. - (Kinect Sensor Programming, 4.1 Activities Selection and Recording) - Why it shows a designer barrier: Variation in user movement and body types forced designers to adapt the training approach and collect additional training data to achieve reliable gesture recognition."",
      ""it was noticed that system’s confidence level was below average. After performing tests with more seniors it was resolved that for the leaning gesture a number of five users is an acceptable limit since the difference in confidence level between 5 and 6 or more users is not significant. - (Kinect Sensor Programming, 4.1 Activities Selection and Recording) - Why it shows a designer barrier: Recognition algorithm performance required increasing training sample size, constraining the training process and dictating design decisions about required participant numbers."",
      \""Regarding the on-site walking motion it turned out to be more a difficult motion for some seniors. Specifically, seniors with less balance control were not able to lift their feet to the same height as others thus requiring more training samples. Therefore, for this type of movement, seven users were found to be the acceptable limit for the training process. - (Kinect Sensor Programming, 4.1 Activities Selection and Recording) - Why it shows a designer barrier: Motion-specific recognition difficulties forced the team to collect more samples and adjust training, indicating technical constraints affecting design and evaluation.\"",
      \""After testing the above scenario, cases were noticed where the system could not recognize the gesture correctly. ... Thus, it was decided to reject this approach and classify this motion as discrete and use the same training technique as for the leaning gesture. - (Kinect Sensor Programming, 4.2 Training Sensor’s Algorithm) - Why it shows a designer barrier: Recognition errors forced a change in gesture classification and training methodology, demonstrating process/technical issues that required adaptation by designers.\"",
      \""Based on the HCD process and interviewing with seniors and domain experts (orthopedics and physiotherapists) the above motions were rejected or modified. Specifically, leaning the head was rejected ... crouching was also rejected as an interaction motion because ... the motion was found to be exhaustive and sometimes the reason to quit for many users. - (Kinect Sensor Programming, 4.1 Activities Selection and Recording) - Why it shows a designer barrier: User physical limitations constrained feasible interactions and led designers to remove or modify gestures, a constraint originating from participants that forced design changes.\""
    ]
  }",,Chartomatsidis M. and Goumopoulos C. - 2020 - Development and evaluation of a motion based exercise game for balance improvement.txt,"{
  ""title"": ""Development and Evaluation of a Motion-Based Exercise Game for Balance Improvement"",
  ""authors"": ""Michalis Chartomatsidis and Christos Goumopoulos"",
  ""decision"": ""Include"",
  ""confidence"": ""High"",
  ""evidence"": {
    ""HCD_fullcycle"": [
      ""A1 User Involvement: Based on the human centered design (HCD) approach interviews and meetings took place between game designers, seniors and medical experts which allowed for acquiring both qualitative data through brainstorming activities and quantitative data through usability questionnaires to refine the main game characteristics and define the body movements that will be trained throughout the game. - (Design Methodology, 3.1 Human Centered Design)"",
      ""A2 Iteration: A redesign cycle was followed with refined game rules and interactions before the final prototype development commenced. User feedback on the design and game concepts was analyzed by the users and appropriate changes were implemented. - (Design Methodology, 3.1 Human Centered Design)"",
      ""A3 Lifecycle (Understanding/Ideation/Prototyping/Evaluation): Understanding: interviews and meetings with seniors and medical experts were used to acquire qualitative data and capture preferences and needs. Ideation: Based on guidelines and brainstorming a game called Fruit Collector was conceptualized targeting balance and walking abilities. Prototyping: After every meeting a prototype design was formed using the game ideas exported from the meetings and the mechanisms were evaluated by the users. Evaluation: The evaluation of the game tool took place at an Elderly Protection Center with 12 seniors who played twice per week for five weeks and were assessed using Berg Balance Scale (BBS), 30s Sit-to-Stand Test (30SST) and usability questionnaires. - (Design Methodology 3.1, Game Tool Characteristics 3.2, Pilot Study 6)""
    ],
    ""TASKS_elements"": [
      ""During the training process one issue that required attention was the fact that users cannot execute the movements the same way. Moreover, the body type of each user was an issue that had to be resolved. - (Kinect Sensor Programming, 4.1 Activities Selection and Recording) - Why it shows a designer barrier: Variation in user movement and body types forced designers to adapt the training approach and collect additional training data to achieve reliable gesture recognition."",
      ""it was noticed that system’s confidence level was below average. After performing tests with more seniors it was resolved that for the leaning gesture a number of five users is an acceptable limit since the difference in confidence level between 5 and 6 or more users is not significant. - (Kinect Sensor Programming, 4.1 Activities Selection and Recording) - Why it shows a designer barrier: Recognition algorithm performance required increasing training sample size, constraining the training process and dictating design decisions about required participant numbers."",
      \""Regarding the on-site walking motion it turned out to be more a difficult motion for some seniors. Specifically, seniors with less balance control were not able to lift their feet to the same height as others thus requiring more training samples. Therefore, for this type of movement, seven users were found to be the acceptable limit for the training process. - (Kinect Sensor Programming, 4.1 Activities Selection and Recording) - Why it shows a designer barrier: Motion-specific recognition difficulties forced the team to collect more samples and adjust training, indicating technical constraints affecting design and evaluation.\"",
      \""After testing the above scenario, cases were noticed where the system could not recognize the gesture correctly. ... Thus, it was decided to reject this approach and classify this motion as discrete and use the same training technique as for the leaning gesture. - (Kinect Sensor Programming, 4.2 Training Sensor’s Algorithm) - Why it shows a designer barrier: Recognition errors forced a change in gesture classification and training methodology, demonstrating process/technical issues that required adaptation by designers.\"",
      \""Based on the HCD process and interviewing with seniors and domain experts (orthopedics and physiotherapists) the above motions were rejected or modified. Specifically, leaning the head was rejected ... crouching was also rejected as an interaction motion because ... the motion was found to be exhaustive and sometimes the reason to quit for many users. - (Kinect Sensor Programming, 4.1 Activities Selection and Recording) - Why it shows a designer barrier: User physical limitations constrained feasible interactions and led designers to remove or modify gestures, a constraint originating from participants that forced design changes.\""
    ]
  },
  ""reasoning"": [
    ""Condition A: satisfied - The paper documents active user involvement (HCD interviews, co-design/brainstorming), explicit iterative redesign cycles, and all lifecycle phases: user understanding, ideation, prototyping and empirical evaluation (pilot study with validated measures)."",
    ""Condition B: satisfied - Multiple documented designer-facing constraints (gesture variability, body-type effects, low recognition confidence, reclassification of gestures, rejection of certain motions due to seniors' capabilities) forced adaptations in training, sample size and gesture design."",
    ""Final rationale: The study reports a full HCD cycle with iterative user involvement and a completed evaluation, and includes concrete evidence of design/process/technical barriers experienced by the design team; therefore it meets both Condition A and Condition B and should be included.""
  ],
  ""exclusion_reason"": """"
}","    ""Condition A: satisfied - The paper documents active user involvement (HCD interviews, co-design/brainstorming), explicit iterative redesign cycles, and all lifecycle phases: user understanding, ideation, prototyping and empirical evaluation (pilot study with validated measures)."",
    ""Condition B: satisfied - Multiple documented designer-facing constraints (gesture variability, body-type effects, low recognition confidence, reclassification of gestures, rejection of certain motions due to seniors' capabilities) forced adaptations in training, sample size and gesture design."",
    ""Final rationale: The study reports a full HCD cycle with iterative user involvement and a completed evaluation, and includes concrete evidence of design/process/technical barriers experienced by the design team; therefore it meets both Condition A and Condition B and should be included.",Development and Evaluation of a Motion-Based Exercise Game for Balance Improvement
"Ayan Chatterjee, Andreas Prinz, Martin Gerdes, Santiago Martinez, Nibedita Pahari, Yogesh Kumar Meena",High,Include,"{""HCD_fullcycle"": [""A1 User Involvement: \""We used an iterative user-centered design (UCD) approach to understend context of use and to collect qualitative data to develop a roadmap for self-management with eCoaching. We involved researchers, non-technical and technical, health professionals, subject-matter experts, and potential end-users in design process.\"" - Methods (User-centered Design approach)"", ""A2 Iteration: \""We approached the above RQs by conducting two design workshops during 1 year.\"" - Methods (Aim / Workshop description)"", ""A3 Lifecycle (Understanding/Ideation/Prototyping/Evaluation): \""A standard UCD is an iterative process with four phases: understand context of user, specify user requirements, design solutions and thereby, evaluate design against requirements... At the end of workshop 1 (iteration 1), the research team collected all user needs and preferences... The initial solution was developed based on continuous interaction and feedback generation between the engineering team and the research team. The low-fidelity eCoach prototype for activity monitoring as an outcome of workshop 1 was presented to the end-user groups in Workshop 2 to receive valuable feedback... We invited the same end-users and observers to evaluate the functional design and working of the initial eCoach prototype app with heuristic approach and give feedback. We received a rating of ≈ 4.1 out of 5.0.\"" - Methods / Results (Workshops 1 & 2, Prototype evaluation)""], ""TASKS_elements"": [""\""The current version of the MOX2–5 activity sensor is not suitable for classifying activities into the following detailed activity classes: cycling, swimming, rowing, and skiing. Therefore, the participants must report them manually as questionnaire data in the latest version of the eCoach app.\"" - Methods (Data collection with eCoach system prototype) - This is a technical limitation that forced designers to adapt the design (add manual questionnaire reporting) because the sensor could not capture required activity types."", ""\""These experts delivered feedback on the importance of methodology selection, use case design, identification of the background of participants to be recruited as end-users in order to avoid design biasness, fair distribution of participants among different groups, time planning for conducting a digital workshop, potential distractions in digital workshops, challenges with effective engagement, questionnaire design, comprehensibility of the questionnaire and required consent for participant recruitment. We identified the importance of a moderator who can moderate the digital group discussions and involve all participants in each group.\"" - Methods (User-centered Design approach) - Shows designers faced constraints in running digital workshops (distractions, engagement challenges) and had to change process (use moderators, plan timing) to mitigate."", ""\""constraints, such as poor internet connectivity, battery lifetime due to BLE and background processing, budget, time plan, technological limitations should be overcome.\"" - Limitations - Designers report resource/technical constraints (connectivity, battery, budget, time) that affected implementation and future evaluation planning.""]}",,Chatterjee et al. - 2022 - ProHealth eCoach user centered design and development of an eCoach app to promote healthy lifestyle.txt,,"Condition A: satisfied - The study documents active involvement of end-users and subject-matter experts in two iterative co-design workshops, explicit iterative refinement, and evidence of the full UCD lifecycle (understanding user context, ideation/concept development, prototyping low- and working-fidelity artefacts, and evaluation/feedback in Workshop 2).; Condition B: satisfied - The paper reports designer-facing technical and process barriers (sensor limitations requiring manual reporting, digital workshop engagement challenges requiring moderator and planning adaptations, and resource/technical constraints such as connectivity, battery life, budget and time) that affected design decisions and workflow.; Final rationale: The paper meets the inclusion criteria — it is not a meta-study, describes a full HCD cycle with user involvement, iteration, and all four lifecycle phases, and reports concrete designer-experienced constraints. Therefore it should be included.",ProHealth eCoach: user‑centered design and development of an eCoach app to promote healthy lifestyle with personalized activity recommendations
"Chen Y-P, Woodward J, Shankar MN, Bista D, Ugwoaba U, Brockmann A, Ross KM, Ruiz J, Anthony L",High,Include,"{""HCD_fullcycle"": [""A1 User Involvement: \""Based on feedback from the usability study and our health experts, we further refined our app and developed the second high-fidelity prototype\"" - Section 4.4 High-fidelity prototype 2 (shows user feedback from the usability study led to concrete design changes such as settings, notification preferences, replacing sliders with radio buttons)"", ""A2 Iteration: \""The process involved first developing app mockups and designing the backend system. We developed the first version of a high-fidelity prototype based on feedback from health experts ... Subsequently, we conducted a usability study with 17 university students to gain insights ... We refined our app based on feedback ... Finally, we conducted an in-the-wild pilot study involving 33 participants from the general public, and then further refined our app based on feedback\"" - Section 4 Iterative design of MyTrack+ (explicit multi-stage iterative cycle described)"", ""A3 Lifecycle (Understanding/Ideation/Prototyping/Evaluation): \""We present the initial set of design goals and app features, brainstormed in concert with our behavioral health expert team\"" (ideation) - Section 3 Designing MyTrack+; \""we developed the first version of a high-fidelity prototype\"" (prototyping) - Section 4.2 High-fidelity prototype 1; \""we performed a lab usability study involving 17 students\"" and \""we conducted an in-the-wild pilot study involving 33 target users\"" (evaluation) - Sections 4.3 Usability study and 4.5 Pilot study; \""completed a semi-structured interview to assess participant perception of usability and acceptability of the MyTrack+ application\"" (understanding users) - Section 4.5.5 App feedback visit""], ""TASKS_elements"": [""\""Nearly all participants expressed concerns regarding the delay in data synchronization between MyTrack+ and FatSecret. To address this issue, we modified our Cloud Functions to request data from FatSecret’s server whenever the companion app is refreshed.\"" - Section 4.6 Final design - Why it shows a designer barrier: describes a technical/process issue (data sync delays) that hindered expected functionality and required developer adaptation."", ""\""The FatSecret API does not include timestamps for self-monitored weight, caloric intake, or physical activity. ... Thus, in our backend system, we appended timestamps to the data collected in FatSecret and BodyTrace when requesting data from those applications’ servers.\"" - Section 4.1.7 Backend design - Why it shows a designer barrier: documents an external API limitation that forced engineers to build a workaround to support research requirements."", ""\""building such an app from scratch can be resource-intensive. An alternative approach is to develop a companion app that harnesses the capabilities of the main commercial app through its open-source API.\"" - Introduction - Why it shows a designer barrier: indicates resource constraints (time/engineering effort) that influenced the design approach and project decisions."", ""\""we recruited local university students instead of the target user group for the initial usability stage. While this decision had advantages (rapidly advancing the design process), it also carried the risk of falling to a local optimum without feedback from target users. To mitigate this risk, we employed mental walkthroughs of target scenarios during the usability study and actively engaged health experts in the decision-making process for refining our design.\"" - Section 7 Limitations and future work - Why it shows a designer barrier: describes a recruitment constraint that limited designers' ability to test with target users early and required mitigation strategies.""]}",,Chen et al. - 2024 - MyTrack plus Human centered design of an mHealth app to support long term weight loss maintenance.txt,,"Condition A: satisfied - The paper documents active user involvement through lab usability testing and an in-the-wild pilot, explicit iterative refinement cycles, and evidence of the full HCD lifecycle (ideation with experts, prototyping, evaluation, and user-informed understanding via interviews/feedback).; Condition B: satisfied - Multiple designer-facing constraints are described (technical integration/synchronization issues with FatSecret, missing API timestamps requiring backend workarounds, resource considerations leading to a companion-app approach, and recruitment limitations affecting early-stage testing).; Final rationale: Both Condition A (full HCD cycle with user involvement and iteration) and Condition B (explicit designer-experienced constraints/process issues) are met based on methods, results, discussion, and limitations; therefore the paper is included.",MyTrack+: Human-centered design of an mHealth app to support long-term weight loss maintenance
Yuling Chen; Meihua Ji; Ying Wu; Qingyu Wang; Ying Deng; Yong Liu; Fangqin Wu; Mingxuan Liu; Yiqiang Guo; Ziyuan Fu; Xiaoying Zheng,High,Include,"{""HCD_fullcycle"": [""A1 User Involvement: \""we followed the user-centered design principle... the development process of iCARE consisted of 4 phases: (1) function design, (2) iterative design, (3) expert inspections and walkthroughs of prototypes, and (4) usability testing with end users.\"" - Methods: Development Process Overview / Phase 4"", ""A1 User Involvement (early feedback affecting design): \""The iCARE system was then refined according to the results of stage I usability testing, and the updated version was used in the RCT.\"" - Methods: Phase 4 Usability Testing"", ""A2 Iteration: \""Following the agile approach, software engineers iteratively identified and solved technical/implementational issues during the development process. The alpha version was initially developed, released, tested, and retested... After resolving technical issues or bugs in the alpha version, a full version of the app, the beta version, was formulated. Multiple testing cycles of the beta version of the app were applied... The testing of the beta version lasted for 3 months before the fully functional beta version was found stable and ready for usability testing.\"" - Methods: Phase 3 / Phase 2 Iterative Design"", ""A3 Lifecycle (Understanding/Ideation/Prototyping/Evaluation): \""End users’ needs analysis and the development of interventions within iCARE have been published elsewhere and are summarized as preliminary work... Based on our preliminary work, we followed the user-centered design principle... Phase 1: Functional Design... Phase 2: Iterative Design... Phase 3: Expert Inspections and Walkthroughs of the iCARE Prototypes... Phase 4: Usability Testing of iCARE With End Users.\"" - Methods: Development Process Overview / Phase 1-4""], ""TASKS_elements"": [""\""In addition, in its current stage, the data from external devices cannot be automatically uploaded to the patient app which might influence its usability.\"" - Limitations - Why it shows a designer barrier: a technical integration limitation prevented automatic data flow, constraining designers' ability to implement and evaluate full functionality."", ""\""The care provider app only has a few basic functions in its current stage; therefore, its usability was not considered in this study.\"" - Limitations - Why it shows a designer barrier: limited implementation of the provider app constrained designers' ability to evaluate and refine that component."", ""\""iCARE system was developed to be only compatible with Android-based smartphones, and thus patients who used an iOS-based smartphones were excluded.\"" - Limitations - Why it shows a designer barrier: platform compatibility decision/resource constraint limited participant inclusion and designers' ability to test across platforms."", ""\""As the blood glucose monitor was not distributed to patients with diabetes (10/61 patients) in stage II testing, it was not available for testing the differences in this regard.\"" - Results: Phase 4 - Why it shows a designer barrier: lack of device distribution prevented designers from testing and evaluating integration and related features with that device."", ""\""There were 40 patients eligible for the study but refused to participate due to various reasons, such as lack of time, conflict of schedule, or simply being uninterested.\"" - Results: Phase 4 Participant Recruitment Flow - Why it shows a designer barrier: participant refusal/recruitment loss reduced available user data and limited designers' evaluation sample and feedback.""]}",,Chen Y - 2021 - An Intelligent Individualized Cardiovascular App for Risk Elimination iCARE for Individuals With Cor.txt,,"Condition A: satisfied - The study documents explicit user-centered methods including preliminary needs assessment, iterative prototyping (alpha/beta), and user evaluation (task analysis and two-stage usability testing), with stage I feedback used to refine the app.; Condition B: satisfied - Multiple documented constraints (technical integration limits, limited provider-app functionality, platform compatibility, missing device distribution, and participant refusals) are described and demonstrate barriers that limited designers' ability to perform or evaluate design activities.; Final rationale: The paper reports a full HCD cycle (user understanding, ideation, prototyping, evaluation) with iterative refinement and direct end-user involvement influencing design, and it also reports concrete designer-facing constraints that impacted development and evaluation; therefore it meets both Condition A and Condition B and is included.",An Intelligent Individualized Cardiovascular App for Risk Elimination (iCARE) for Individuals With Coronary Heart Disease: Development and Usability Testing Analysis
Sunny Chieh Cheng; Sarah Kopelovich; Dong Si; Myra Divina; Ningjun Serene Gao; Mia Yunqi Wang; Jamie Jaesook Kim; Ziyi Li; Jennifer Blank; Rachel Brian; Douglas Turkington,High,Exclude,"{""HCD_fullcycle"": [""A1 User Involvement: \""We engaged in collaborative co-design sessions with caregivers who had received training in Psychosis REACH—to elicit design principles, develop a functional prototype, and engage in usability testing of an online interactive training program.\"" - Abstract/Methods"", ""A2 Iteration: \""During UCD, we employed individual interviews, group co-design sessions, prototype development and preliminary usability testing...\"" - Methods"", ""A3 Lifecycle (Understanding/Ideation/Prototyping/Evaluation): \""Qualitative Interviews...an experienced qualitative researcher used the semi-structured interview guide to elicit family caregivers’ needs...\"" (Understanding) - Methods; \""Co‑Design Session...asked to brainstorm platform specifications such as intervention modalities, design preferences, user flows, platform layout options, and chatbot conversation format.\"" (Ideation) - Methods; \""Based on these design specifications, the research team generated a prototype called psychosis iREACH\"" (Prototyping) - Methods; \""Usability Testing...participants completed the 10-item System Usability Scale (SUS) to assess the perceived level of ease of use and usefulness of the platform.\"" (Evaluation) - Methods/Results""], ""TASKS_elements"": []}",Condition B not satisfied - No evidence of designer-facing constraints or difficulties affecting the design process was reported.,Cheng S.C. et al. - 2024 - Co Production of a Cognitive Behavioral Therapy Digital Platform for Families of Individuals Impacte.txt,,"Condition A: satisfied - The study documents active user involvement (interviews and co-design), explicit iterative UCD stages, and all four lifecycle phases (understanding, ideation, prototyping, evaluation).; Condition B: not satisfied - The manuscript does not present evidence of designer-facing difficulties or constraints (e.g., resource limits, participant access problems, team skill gaps, or process/technical issues) that impacted the conduct of design activities.; Final rationale: Although the paper clearly meets the Full HCD Cycle criteria (Condition A), it lacks any documented designer-oriented task constraints or barriers (Condition B). Per the decision rules both conditions must be met for inclusion; therefore the study is excluded.",Co‑Production of a Cognitive Behavioral Therapy Digital Platform for Families of Individuals Impacted by Psychosis
"Hong Chengang, Wang Liping, Wang Shujin, Chen Chen, Yang Jiayue, Lu Jingjing, Hua Shujie, Wu Jieming, Yao Liyan, Zeng Ni, Chu Jinhui, Sun Jiaqi",High,Exclude,"{""HCD_fullcycle"": [""A1 User Involvement: \""During the entire development process, a user-centered principle was followed with the involvement of oncology nursing specialists and breast cancer patients, including development, testing, and iterative development phases.\"" - Methods and results (Involvement of oncology nursing specialists and breast cancer patients following user-centered design principle)"", ""A2 Iteration: \""A multi-stage optimization strategy consisting of three progressive stages: screening, refining, and confirmation to develop and continually improve the WeChat mini-programs.\"" and \""the development team iteratively adjusted the mini-program version (1.0) according to users’ suggestions and test results.\"" - Methods and results (Driving the development process via the multi-stage optimization strategy / Methods and results summary)"", ""A3 Lifecycle (Understanding/Ideation/Prototyping/Evaluation): \""Contextual analysis ... A cross-sectional study was conducted among 286 patients and qualitative semi-structured in-depth interviews were applied in 12 patients to find out the supportive care needs of out-of-hospital breast cancer patients.\"" (Understanding users) AND \""Through iterative discussion within the interdisciplinary team, the preliminary conception of the application framework and function was formed.\"" (Ideation) AND \""Through a continuous, iterative development process and rigorous testing, we have developed patient-end and nurse-end program for breast cancer case management. The patient-end program contains four functional modules...\"" (Prototyping) AND \""Eight out-of-hospital breast cancer patients were recruited for system tests... the average score of SUS in our research is 78.75... the core task test passing rate reached 100%.\"" (Evaluation) - Methods and results (Contextual analysis / Development process / Results of system test)""], ""TASKS_elements"": []}",Condition B not satisfied - no evidence that designers experienced constraints or barriers affecting design activities,Chengang et al. - 2024 - Multi stage optimization strategy based on contextual analysis to create M health components for cas.txt,,"Condition A: satisfied - Clear active user involvement, documented iterative multi-stage optimization, and evidence of all four lifecycle phases (contextual analysis, ideation, prototype development, and user evaluation).; Condition B: not satisfied - The text does not present explicit evidence of difficulties or constraints experienced by the designers during this project (no statements about resource limits, participant access problems limiting design activities, designer skill gaps, or process/technical barriers that forced adaptation).; Final rationale: Although the paper documents a full HCD cycle (A satisfied), it lacks reported designer-facing task constraints or barriers affecting the conduct of design activities (B not satisfied); therefore it is excluded.",Multi-stage optimization strategy based on contextual analysis to create M-health components for case management model in breast cancer transitional care: the CMBM study as an example
Charlene H Chu; Renée K Biss; Lara Cooper; Amanda My Linh Quan; Henrique Matulis,High,Include,"{""HCD_fullcycle"": [""A1 User Involvement: \""Potential end users, including residents in LTC and LTC staff and health care providers, were involved in all steps of prototype conceptualization and development.\"" - Methods: User-Centered Design Process"", ""A2 Iteration: \""This iterative process was completed in 4 separate iterative rounds between July 2018 and December 2019 (approximately 18 months).\"" - Methods: User-Centered Design Process / Usability Testing"", ""A3 Lifecycle (Understanding/Ideation/Prototyping/Evaluation): \""The first phase of the exergaming platform design was based on developing an explicit understanding of residents and LTC home environments with residents and LTC staff. Interviews, a SWOT analysis, and paper mock-ups were completed... The second phase included creating a testable prototype of the exergaming platform and gathering feedback from stakeholders and end users using a think-aloud method... Finally, the third phase was focused on conducting 4 rounds of usability testing of the high-fidelity prototype...\"" - Methods: User-Centered Design Process""], ""TASKS_elements"": [""\""From a development perspective, the programming of the games was time consuming, and we found the single Arduino was fragile and hard to upgrade.\"" - Table 2 / Usability Testing - This documents a technical/process constraint experienced by the design team that increased development effort and forced hardware/software redesign."", ""\""Not all individuals participated in all rounds of testing for reasons related to doctor or dentist appointments, day trips, and availability of the residents.\"" - Results: Usability Testing - This indicates participant access and retention issues that limited consistent user involvement across iterations and affected the designers' ability to run repeat cycles with the same users."", ""\""Participants did not like the multiple wires (because of fall risk)\"" - Table 2 (Round 1) - This user feedback created a safety constraint that forced the designers to remove wires and redesign hardware to mitigate fall risk."", ""\""Observations of staff assembling and disassembling the MouvMat indicated some confusion matching the male-to-female physical connectors\"" - Results: Exergame Usability - This operational/usability issue experienced during testing required the design team to redesign connectors (eg, replace with magnets), reflecting a process constraint affecting implementation and maintainability.""]}",,Chu et al. - 2021 - Exergaming Platform for Older Adults Residing in Long Term Care Homes User Centered Design Developme.txt,,"Condition A: satisfied - The study reports explicit user involvement in all design steps, multiple iterative rounds (4 rounds over ~18 months), and documentation of the full lifecycle (understanding via interviews/SWOT, ideation/paper mock-ups, prototyping, and iterative usability evaluation).; Condition B: satisfied - The paper contains concrete statements of designer-facing constraints, including time-consuming programming and fragile hardware, participant availability/retention limiting repeated involvement, safety-driven hardware redesign due to wires, and assembly/connector issues requiring redesign.; Final rationale: The study reports a full user-centered design cycle (A1,A2,A3 all met) and provides multiple documented designer-experienced constraints that affected development and iteration; therefore it meets both Condition A and Condition B and should be included.","Exergaming Platform for Older Adults Residing in Long-Term Care Homes: User-Centered Design, Development, and Usability Study"
"Lauren Clack, Manuel Stühlinger, Marie-Theres Meier, Aline Wolfensberger and Hugo Sax",High,Include,"{""HCD_fullcycle"": [""A1 User Involvement: \""We employed a user-centred, participatory design approach in which HCPs were actively involved in generating an isolation precaution signage system based on human factors design principles.\"" (Methods - Study design)"", ""A2 Iteration: \""This process consisted of multiple cycles of user evaluation with continuous feedback from HCPs to make modifications to the prototype, which was then re-evaluated.\"" (Methods - Prototyping and evaluation)"", ""A3 Lifecycle (Understanding/Ideation/Prototyping/Evaluation): \""We conducted front-end analysis through interviews and observations to identify challenges... This was followed by the creation of user personas, design thinking workshops, and prototyping, which then underwent iterative cycles of evaluation.\"" (Methods - Establishing design requirements / Design thinking workshops / Prototyping and evaluation)""], ""TASKS_elements"": [""\""During this study, we were faced with the challenge of changing institutional guidelines for isolation precautions. This prevented a quantitative analysis of change in practice and presented a challenge during the evaluation with frontline staff, who were not yet familiar with the new guidelines and thus had a tendency to focus on the discrepancies between the 'new' vs. the current guidelines, rather than signage design.\"" (Limitations) - This limitation directly affected the designers' ability to perform evaluation activities and to quantitatively assess impact, forcing adaptation of evaluation methods."", ""\""Due to safety and feasibility concerns with this idea, during the prototyping phase these participants instead employed masks suspended in the doorway through which healthcare providers must walk, thereby automatically donning a mask upon room entry.\"" (Results - Designing alternatives) - Safety and feasibility concerns prevented implementation of an originally proposed forcing-function solution, forcing designers to change the design approach."", ""\""One such requirement is that the signage must be consistent with corporate design guidelines at the USZ, which indicate the colours and fonts that should be used for internal and external communication.\"" (Methods - Establishing design requirements / Table 2) - Corporate design guidelines imposed a non-functional constraint the design team had to satisfy, limiting design choices."", ""\""Colour printer must be available if units are to print their own copies of paper-based signage. Intranet connection must be available if units are to download the signs.\"" (Results - Table 2 / Non-functional requirements) - Technical/resource constraints identified that could limit implementation and required designers to account for printer and intranet availability.""]}",,Clack et al. - 2019 - User centred participatory design of visual cues for isolation precautions.txt,,"Condition A: satisfied - Clear evidence of active user involvement (interviews, workshops, co-design), explicit iterative refinement cycles, and documentation of all four lifecycle phases (understanding, ideation, prototyping, evaluation).; Condition B: satisfied - Multiple documented constraints directly affected designers' work (changing institutional guidelines that impeded evaluation, safety/feasibility preventing proposed forcing functions, corporate design and technical resource constraints).; Final rationale: The paper reports a full HCD cycle with participatory user involvement and iterative prototyping/evaluation, and it documents designer-facing constraints that impacted design and evaluation activities; therefore it meets both Condition A and Condition B and should be included.",User-centred participatory design of visual cues for isolation precautions
"Juandalyn Coffen-Burke, Kai-Wen K. Yang, Zoljargal Lkhagvajav, Yuzhi L. Lu, Tamisha Dzifa Segbefia, Natalie Wang, James Michael Stevenson, Casey Overby Taylor",Medium,Include,"{""HCD_fullcycle"": [""A1 User Involvement: [\""participatory design sessions, semi-structured interviews with experts on institutional review and approval processes for new genetic test offerings provided by a genomic medicine (GM) service team, and end-user testing sessions with institutional leaders that propose and implement such offerings (i.e., GM service leaders).\"" (Methods)]"", ""A2 Iteration: [\""Our human-centered design process was driven by a modified design sprint methodology... Fig. 1 illustrates the main design sprint steps including: (1) mapping out paths to a solution, (2) sketching potential new solutions, (3) deciding which sketched solutions to pursue further and creating a storyboard, (4) turning the storyboard into a prototype, and (5) testing the prototype with end users.\"" (Methods, Participatory Design Sessions)]"", ""A3 Lifecycle (Understanding/Ideation/Prototyping/Evaluation): [Understanding: \""we interviewed four experts that currently or previously participated in clinical decision support (CDS) review committees and/or pharmacy and therapeutic committees\"" (Results A); Ideation: \""sketching potential new solutions... creating a storyboard\"" (Methods); Prototyping: \""Figma was used to design and build a low-fidelity, clickable prototype\"" (Methods C); Evaluation: \""GM service leaders were interviewed and asked to complete role-specific tasks... think aloud while carrying out the end-user tasks... at the end of the session, the participants completed a brief semi-structured interview\"" (Methods D)]""], ""TASKS_elements"": [""[\""First, we performed our analysis with a sample size of seven GM service leaders. While this is a small number...\"" (Limitations)] - [Shows a designer/research constraint on data diversity and sample size that could limit the designers' ability to collect broad feedback and may have constrained evaluation and iteration choices during the project]"", ""[\""many of the synthesized comments were not relevant to the design considerations of focus in this work (39%, N=54).\"" (Limitations)] - [Shows data quality/noise encountered in participant feedback that limited the designers' ability to use all collected feedback for prioritization and design decisions]"", ""[\""Feasibility to provide the most accurate and up-to-date information in requested areas, however, requires further investigation. Individuals, for example, may change career roles, employment, expertise, and location which can create challenges to maintaining such up-to-date information.\"" (Discussion - Design Consideration #1)] - [Indicates a practical implementation/data maintenance challenge identified by the design team that constrains delivering a proposed feature and requires additional work]"", ""[\""More work is needed to understand data access requirements to incorporate such a tool into the user process.\"" (Discussion - Design Consideration #3)] - [Describes a technical/data access limitation experienced or recognized by the designers that prevented integrating the PRECISE-Value model earlier in the workflow]""]}",,Coffen-Burke J. et al. - 2023 - Designing Software for Genomics Medicine Service Leaders to Engage Stakeholders.txt,,"Condition A: satisfied - The manuscript documents active user involvement (participatory design sessions and semi-structured interviews), explicit iteration through a modified design sprint with prototype-refine-test steps, and evidence of the full lifecycle (understanding via expert interviews, ideation/sketching, prototyping in Figma, and evaluation via end-user testing).; Condition B: satisfied - The paper reports designer-facing constraints including small sample size limiting data diversity, a large portion of participant comments being irrelevant for prioritization, challenges maintaining up-to-date stakeholder metadata for search functionality, and data access requirements that prevented integrating certain analytic tools earlier—these represent resource/data/process constraints experienced or recognized by the design team during the project.; Final rationale: All three HCD cycle criteria are clearly met and the manuscript contains multiple statements of practical constraints and limitations that affected the designers' ability to perform or implement parts of the design and evaluation, so the study meets both Condition A and Condition B and is included.",Designing Software for Genomics Medicine Service Leaders to Engage Stakeholders
"Christian Colceriu, Sabine Theis, Sigrid Brell-Cokcan, Verena Nitsch",High,Exclude,"{""HCD_fullcycle"": [""A1 User Involvement: \""The first iteration includes a user analysis, the design of the interactive mockup, the heuristic evaluation and the measurement of the situation awareness. The second iteration includes the design of the GUI by implementing the findings from the previous evaluation and a usability test with end users.\"" - Methods 2.2"", ""A2 Iteration: \""In this research, the approach is carried out in two iterations.\"" - Methods 2.2"", ""A3 Lifecycle (Understanding/Ideation/Prototyping/Evaluation): \""The user analysis consists of two studies to obtain information about potential end users... The interactive mockup is developed by implementing design recommendations of the usability standards ISO 9241 – 110, 112 and 13... In the second iteration the design is done by implementing the outcomes from the heuristic evaluation and the controlled experiment. Also the intuitive programming mode from the previous work is implemented, so that it results in a high fidelity mockup.\"" - Methods 2.3 / 2.4 / 2.5""], ""TASKS_elements"": []}","Condition B not satisfied: No evidence in Methods/Results/Discussion/Limitations that designers experienced constraints or difficulties that affected the design process (no designer-facing resource, access, skill, emotional, or process barriers reported).",Colceriu C. et al. - 2023 - User centered design in mobile human robot cooperation consideration of usability and situation awar.txt,,"Condition A: satisfied - The paper documents active user involvement (quantitative survey n=31, qualitative interviews n=11, situation awareness measurement n=30, usability test n=20) and explicitly states that findings from evaluations were implemented into the GUI; the process was conducted in two explicit iterations and includes user analysis (understanding), design/concept implementation (ideation), interactive and high-fidelity mockups (prototyping), and heuristic and user evaluations (evaluation).; Condition B: not satisfied - The manuscript does not report any difficulties, constraints, or barriers experienced by the designers (no resource limits, participant-access problems affecting iteration, cognitive/skill gaps reported as experienced constraints, or process/technical issues that forced adaptations). Limitations discussed relate to scope, potential biases in evaluation, and future work rather than designer-facing constraints that affected the conduct of the design activities.; Final rationale: Condition A (full HCD cycle) is met but Condition B (evidence of designer-experienced tasks/constraints) is not met based on the provided Methods/Results/Discussion/Limitations text; per the decision rules both conditions must be satisfied to include the paper, so the paper is excluded.",User-centered design in mobile human-robot cooperation: consideration of usability and situation awareness in GUI design for mobile robots at assembly workplaces
"Kay Connelly, Katie A Siek, Beenish Chaudry, Josette Jones, Kim Astroth, Janet L Welch",High,Include,"{""HCD_fullcycle"": [""A1 User Involvement: The team utilized an iterative design process where the needs and abilities of the target patient population were integrated into the final design. - Methods (DIMA application design / Introduction)"", ""A2 Iteration: Overall, the DIMA application underwent four revisions, three b-tests, and a comprehensive review by health professionals before being deployed for evaluation. - Methods (DIMA application design)"", ""A3 Lifecycle (Understanding/Ideation/Prototyping/Evaluation): Understanding users: 'we were careful to incorporate foods, beverages, and supplements that were relevant to this particular disease and population' and prior work 'we tested three typical navigation structures with the target population' (Methods). Ideation/Prototyping: detailed design descriptions including the build-a-meal metaphor, icon interface, barcode scanning hardware, portion sizes, voice recording, and feedback mechanisms; DIMA 'runs on an iPAQ... DIMA utilizes a Socket SDIO In-Hand Scan Card...' and underwent multiple revisions (Methods). Evaluation: 'A pilot field study was conducted where 18 patients receiving hemodialysis were recruited... to use DIMA for 6 weeks. All interactions with DIMA were logged. At the end of the study, two face-to-face questionnaires were administered to assess usability and context of use.' - Methods/Results""], ""TASKS_elements"": [""Application logs showed that with the exception of barcode scanning, subjects were able to use most features within DIMA. ... Subjects could not successfully scan an item 87.9% of the time they attempted to do so. Only four subjects successfully scanned an item on their own. ... Most subjects did not scan when a barcode was available. - Results - Process/technical issue experienced by designers: the chosen barcode scanning hardware failed in practice, limiting a planned input modality and forcing design adaptations (decision to switch to camera-based scanning)."", ""One limitation of the study was that given the difficulty in obtaining actual consumption levels, we do not know how compliant subjects were in monitoring. Interdialytic weight gain values do tell us subjects only recorded 56% of the fluid they consumed. - Discussion/Limitations - Participant engagement issue that limited designers' ability to obtain complete usage data and accurately evaluate compliance and effectiveness of the design.""]}",,Connelly K. et al. - 2012 - An offline mobile nutrition monitoring intervention for varying literacy patients receiving hemodial.txt,,"Condition A: satisfied - The paper documents explicit user-centered design activities, multiple iterations (four revisions, three b-tests), and a full lifecycle including user understanding (prior tests and integration of needs), ideation/prototyping (detailed design and prototypes), and evaluation (6-week pilot with logged interactions and questionnaires).; Condition B: satisfied - The authors report concrete designer-facing constraints: major failure of the barcode scanning input (technical/process issue) and incomplete recording by participants (56% of fluid intake recorded), both of which limited data collection and required design reconsideration.; Final rationale: Both the full HCD cycle (A1,A2,A3) and at least one designer-experienced tasks/constraint were evidenced in Methods, Results, and Limitations; therefore the study meets inclusion criteria.",An ofﬂine mobile nutrition monitoring intervention for varying-literacy patients receiving hemodialysis: a pilot study examining usage and usability
Victor Philip Cornet; Tammy Toscos; Davide Bolchini; Romisa Rohani Ghahari; Ryan Ahmed; Carly Daley; Michael J Mirro; Richard J Holden,High,Include,"{""HCD_fullcycle"": [""A1 User Involvement: \""We involved patients and clinicians early in the P2P project in several ways, including informant interviews and feedback on analyses, requirements, and early design concepts.\"" - Formative Research Challenge 1: Determining Timing and Level of Stakeholder Involvement"", ""A2 Iteration: \""The design involved writing requirements and 5 months of iterative prototyping, concluding with an interactive prototype. Subsequently, we performed 3 rounds of formal laboratory-based usability testing with 24 participants, interleaved with periods of prototype redesign.\"" - Methods: Power to the Patient Project / Methods - Textbox 2 (Usability evaluations, round 1-3)"", ""A3 Lifecycle (Understanding/Ideation/Prototyping/Evaluation): \""The project began with a problem analysis or formative study of the domain as a precursor to design. This phase comprised interviews with 24 older adults with heart failure... Findings from the formative study were analyzed to develop personas... used to formulate requirements and early design concepts. The design involved... iterative prototyping... we performed 3 rounds of formal laboratory-based usability testing... The project concluded with a final refinement of the prototype and formal heuristic evaluations by 3 outside UCD experts.\"" - Methods: Power to the Patient Project / Textbox 1, Textbox 2""], ""TASKS_elements"": [""\""We planned the number of design-and-test iterations early in the project to satisfy the requirements of the funding agency and Institutional Review Board (IRB). Three iterations were originally estimated as feasible, given the timeline and amount of funding.\"" - UCD Process Challenge 1: Deciding on the Number of Iterations - Shows a resource constraint (funding/timeline/IRB) that forced the design team to limit the number of iterations."", ""\""Many of our recurring challenges were related to logistics, such as meeting recruitment goals, preparing and managing materials (ie, instructions, presentations, and design documentation), and arranging a specific time for members and advisors to meet despite being geographically dispersed.\"" - UCD Process Challenge 2: Managing UCD Logistics - Shows coordination and logistical burdens that constrained designers' ability to plan and execute design activities."", ""\""Over time, turnover greatly reduced the number of team members who had been present from the beginning of the project and had therefore participated in any formative research activities.\"" - Formative Research Challenge 3: Fostering Interactions Between Stakeholders and Designers - Shows personnel turnover that reduced designers' continuity and direct access to formative research, limiting design fidelity."", ""\""In-the-wild testing is expensive and time-intensive and may not be possible in every project.\"" - Evaluation Challenge 1: Conducting Laboratory or In-the-Wild Usability Sessions - Shows a resource limitation (time/cost) that prevented designers from performing in-context evaluations.""]}",,Cornet et al. - 2020 - Untold Stories in User Centered Design of Mobile Health Practical Challenges and Strategies Learned.txt,,"Condition A: satisfied - The paper documents active user and clinician involvement that shaped design (interviews, advisors), explicit iterative prototyping and testing (5 months, 3 rounds interleaved with redesign), and evidence of the four lifecycle phases (formative research, ideation/personas/requirements, prototyping, and multiple evaluation rounds).; Condition B: satisfied - The manuscript explicitly describes multiple designer-oriented constraints (funding/timeline limiting iterations, logistics and recruitment burdens, personnel turnover reducing designers' access to formative data, and inability to do in-the-wild testing due to cost/time) that affected the team's ability to perform design activities.; Final rationale: The study reports an implemented UCD process covering understanding, ideation, prototyping, and evaluation with iterative cycles and active stakeholder involvement (Condition A met), and it reports concrete, project-specific constraints experienced by the design team that impacted their work (Condition B met). Therefore the paper should be included.",Untold Stories in User-Centered Design of Mobile Health: Practical Challenges and Strategies Learned From the Design and Evaluation of an App for Older Adults With Heart Failure
"António Pedro Costa, Luís Paulo Reis, Maria João Loureiro",High,Include,"{""HCD_fullcycle"": [""A1 User Involvement: \""By developing a application in a Small and Medium Enterprise (SME) we were able to learn several lessons that may be useful for other educational software developers such as the need to involve the user in the evaluation (as verifier), but also to integrate him into the team, as informant or co-designer.\"" - (Abstract; 4.1 User Involvement)"", ""A2 Iteration: \""This is a simple, iterative and incremental development process that has as building blocks the principles of User Centered Design... The process consists of four main stages: specification/planning, design, implementation and maintenance. Prototyping and evaluation are carried out across the entire process.\"" - (Abstract; Introduction)"", ""A3 Lifecycle (Understanding/Ideation/Prototyping/Evaluation): \""In the phase concerning analysis a survey on software requirements, educational objectives and the target audience is performed.\"" (understanding) - (Section 2); \""Focus groups: Group discussion of potential users about what they intend to be designed into the software.\"" (ideation) - (Table 2); \""the development of prototypes are one of the most used ... and, when evaluated by end users techniques allow detecting errors\"" (prototyping/evaluation) - (4.4); \""After evaluation and distribution of Courseware Sere, identify ourselves with the first two indicators [external satisfaction and greater ease of use].\"" (evaluation outcomes) - (4.4)""], ""TASKS_elements"": [""\""Thus, being associated to the time and budget allotted for the project, demotivating factors [30] and knowing restrictions, the most relevant methods, 'Field studies' and 'Interviews with users' ... require a long time for its implementation and commonly greater investment [31], we opted to choose methods to balance these two factors.\"" - (4.2) - [Shows designers faced resource/time and budget constraints that forced method choices]"", ""\""These difficulties have focused primarily at the level of the difference in attitudes of the team members, as well as communication failures.\"" - (4.3 Multidisciplinary Teams) - [Shows designer-facing coordination/communication barriers within the team impacting the development process]"", ""\""The company that developed the Courseware Sere, the Ludomedia, you want it to have reduced development costs. On the other hand, an external developer might want to make the most of their collaboration.\"" - (4.3) - [Shows conflicting stakeholder expectations and cost pressures that constrained designers' decisions]""]}",,Costa et al. - 2015 - Lessons Learned on Developing Educational Systems Using a Hybrid User Centered Methodology.txt,,"Condition A: satisfied - The paper reports active user involvement (users as verifiers and integrated as informants/co-designers), explicit iterative and incremental development, and evidence of the four lifecycle phases (analysis/understanding, ideation via focus groups, prototyping, and evaluation with end users).; Condition B: satisfied - The paper describes designer-experienced constraints: limited time/budget affecting method selection, team communication/attitudinal difficulties, and conflicting stakeholder cost expectations that impacted development choices.; Final rationale: Both Condition A (full HCD cycle present) and Condition B (designer-facing task/constraint evidence) are met based on the Methods/Results/Discussion/Limits content, so the paper is included.",Using a Hybrid User Centered Methodology
Robert W S Coulter; Shannon Mitchell; Kelly Prangley; Seth Smallwood; Leyna Bonanno; Elizabeth N Foster; Abby Wilson; Elizabeth Miller; Carla D Chugani,High,Include,"{""HCD_fullcycle"": [""A1 User Involvement: \""We are conducting a web-based, longitudinal human-centered design study to engage with 45 to 60 SGMY participants in small groups to generate intervention concepts... participants will participate in four group-based sessions (1.5 hours each).\"" - Methods: Overview/Study Design"", ""A2 Iteration: \""In session 4, the SGMY will generate and refine intervention concepts (from session 3 ideations) to reduce ARA using round robin (for rapid iteration) and concept poster (for fleshing out ideas more fully).\"" - Methods: Session 4"", ""A3 Lifecycle (Understanding/Ideation/Prototyping/Evaluation): \""Session 1... elucidate what SGMY believe are healthy and unhealthy characteristics of intimate relationships\"" (Understanding) - Methods: Session 1; \""Session 3... brainstorm intervention ideas... creative matrix\"" (Ideation) - Methods: Session 3; \""The concept poster is used to illustrate and present the main points of the new intervention concepts... includes... what a prototype looks like\"" (Prototyping) - Methods: Session 4; \""In a follow-up survey, the SGMY will complete validated measures about the feasibility, acceptability, and appropriateness of the web-based human-centered design methods\"" (Evaluation) - Methods: Follow-Up Survey Measures""], ""TASKS_elements"": [""\""This approach allows SGMY from multiple geographic locations (eg, rural and urban areas and East and West) to enroll in the study without overextending our resources.\"" - Methods: Recruitment - Why it shows a designer barrier: Indicates resource constraints influenced methodological choices (resource limits faced by the research/design team)."", ""\""SGMY without internet access are excluded from our study, and sessions were only conducted in English.\"" - Discussion: Limitations - Why it shows a designer barrier: Explicitly limits participant access, reducing designers' ability to engage a subset of target users and thereby constraining data diversity available for design activities."", ""\""A total of 50 participants were invited to participate, and 22 consented to participate. In total, 16 SGMY participated in at least one human-centered design session.\"" - Results - Why it shows a designer barrier: Recruitment and participation numbers are substantially lower than planned (45-60), limiting the amount of stakeholder input available for iterative design and concept development."", ""\""Participants do not have to attend all sessions and can begin at any time, although we encourage attendance at all sessions because output from some sessions are then used as inputs in subsequent sessions.\"" - Methods: Human-Centered Design Activities - Why it shows a designer barrier: Staggered attendance and optional session participation create participant access/engagement issues that can hinder planned iterative cycles and force designers to adapt session flows and synthesis.""]}",,Coulter R.W.S. et al. - 2021 - Generating intervention concepts for reducing adolescent relationship abuse inequities among sexual.txt,,"Condition A: satisfied - The protocol documents active user involvement across four structured co-design sessions, explicit iterative refinement (round robin, carry-over of ideas between sessions), and evidence of the full HCD lifecycle: understanding (session 1), ideation (session 3), prototyping/artifact creation (session 4 concept posters/prototype descriptions), and evaluation (session 2 critiques and follow-up surveys assessing feasibility/acceptability/appropriateness).; Condition B: satisfied - The text contains multiple designer-oriented constraints: explicit resource-driven recruitment choices, exclusion of participants without internet access and English-only sessions, substantially lower-than-planned participation numbers, and optional/staggered attendance that could impede iterative use of outputs as inputs, all of which describe barriers affecting the design process.; Final rationale: Both Condition A (full HCD cycle) and Condition B (designer-facing task/constraint evidence) are met based on explicit statements in Methods, Results, Discussion, and Limitations; therefore the study is INCLUDED.","Generating Intervention Concepts for Reducing Adolescent Relationship Abuse Inequities Among Sexual and Gender Minority Youth: Protocol for a Web-Based, Longitudinal, Human-Centered Design Study"
Isabelle Counson; Alexandra Bartholomew; Joanna Crawford; Katherine Petrie; Geetanjali Basarkod; Victoria Moynihan; Josie Pires; Rachel Cohen; Nicholas Glozier; Samuel Harvey; Samineh Sanatkar,High,Include,"{""HCD_fullcycle"": [""A1 User Involvement: \""Junior physicians were involved at every stage of this process through qualitative interviews, user experience workshops, and participation in pilot-testing.\"" - Discussion, Principal Findings"", ""A2 Iteration: \""A 4-phase iterative development process was undertaken to create the content and features of Shift involving junior physicians\"" and \""a major redesign of the prototype was conducted... A series of 3 user-consultation workshops (N=51)... helped finalize the proposed changes\"" - Abstract; Phase 4: Shift App Redevelopment"", ""A3 Lifecycle (Understanding/Ideation/Prototyping/Evaluation): \""There were 4 project phases as follows: phase 1, needs assessment through qualitative end user interviews; phase 2, Shift app prototype development; phase 3, pilot-testing of the Shift app prototype; and phase 4, generation of an updated version of the Shift app.\"" - Methods Overview""], ""TASKS_elements"": [""\""The pilot study results indicated that the first version of the app did not engage junior physicians sufficiently well, which may have been an important factor contributing to small effect sizes in symptom change and help-seeking scores.\"" - Discussion, Principal Findings - This shows a design/process issue (failure to engage) that required designers to modify the app structure."", ""\""Inspection of app use data revealed that discontinuation of the 30-day challenge tended to appear around day 5... With the 30-day challenge format, users were unable to skip challenge topics or change the order of challenges, possibly facilitating the discontinuation of app use.\"" - Discussion, Principal Findings - This indicates a technical/process constraint in the prototype design (inflexible challenge structure) that limited effective user engagement and forced redesign decisions by the design team."", ""\""Pilot-testing revealed possible issues with the organization of the app content, which were addressed through a thorough restructuring and redesign of Shift with the help of junior physicians across 3 user experience workshops.\"" - Abstract/Results - This documents that pilot findings constrained the original design and necessitated iterative redevelopment by designers.""]}",,Counson et al. - 2021 - Development of the Shift Smartphone App to Support the Emotional Well Being of Junior Physicians Des.txt,,"Condition A: satisfied - The paper documents active end-user involvement (interviews, workshops, pilot feedback), explicit iterative cycles (4-phase iterative process with prototype, pilot, and redesign), and all four lifecycle phases (needs assessment/understanding, prototype ideation and development, prototyping, and evaluation via pilot-testing).; Condition B: satisfied - The manuscript reports concrete designer-facing process/technical issues (poor engagement with the initial 30-day challenge format, inability for users to skip/reorder content, and organizational problems revealed in pilot-testing) that constrained the design and required substantial redesign.; Final rationale: The study reports a full user-centered iterative HCD cycle with active user involvement and evaluation, and it explicitly describes designer-experienced barriers (process/technical limitations and engagement failures) that affected design activities and triggered redesign. Therefore it meets both Condition A and Condition B and is included.",Development of the Shift Smartphone App to Support the Emotional Well-Being of Junior Physicians: Design of a Prototype and Results of Usability and Acceptability Testing
"Anamaria Crisan, Geoffrey McKee, Tamara Munzner, Jennifer L. Gardy",High,Include,"{""HCD_fullcycle"": [""A1 User Involvement: \""We used Design Study Methodology—a human centered approach drawn from the information visualization domain—to redesign an existing clinical report. We used expert consults and an online questionnaire to discover various stakeholders’ needs around the types of data and tasks related to TB that they encounter in their daily workflow.\"" - Methods / Abstract"", ""A2 Iteration: \""The Design Study Methodology ... is an iterative framework ... We describe our work within each of the three stages of the Core Analysis phase: Discovery, Design, and Implementation (Fig. 2).\"" and \""We used a Design Sprint event to produce a series of prototype reports, which were then assessed through a second online questionnaire ... informing the final, redesigned, report.\"" - Materials and Methods / Overview & Design stage"", ""A3 Lifecycle (Understanding/Ideation/Prototyping/Evaluation): \""Our expert consults took the form of semi-structured interviews with seven individuals ... to identify the tasks and data types common to TB workflows\"" (Understanding users) - Discovery; \""The Design Sprint ... in which teams created alternative designs ... Teams developed paper prototypes ... the paper prototypes were then digitally mocked up\"" (Ideation & Prototyping) - Design stage; \""In the Design Choice Questionnaire ... we evaluated participants’ preferences for individual design elements ... these digital prototypes were ... used as the basis of the second online survey\"" (Evaluation) - Design stage""], ""TASKS_elements"": [""\""This created design constraints at the outset of the project—our redesigned report needed to be legible no matter the medium, ruling out online interactivity, and needed to be black and white.\"" - Results / Experts emphasized prioritizing information and revealed constraints - Why it shows a designer barrier: explicitly states a technical/format constraint that forced design adaptation (ruled out interactivity, color)."", ""\""[Clinicians have] extremely limited time to digest the information found on a clinical report. In describing their interaction with a laboratory report, one participant noted that '10 seconds [to review content] is likely, one minute is luxurious' ... This insight profoundly shaped downstream decisions around how much data to include...\"" - Results / Experts emphasized ... - Why it shows a designer barrier: a user-time constraint compelled designers to prioritize and adapt content/layout for very quick comprehension."", ""\""prior test results from a patient were deemed important; however, the earlier expert consults indicated that such data was difficult to obtain and unlikely to be included in future reports.\"" - Results / WGS data is vital ... - Why it shows a designer barrier: indicates data access limitation that prevented designers from including certain desired information."", ""\""[bolding or shading] may not transfer correctly\"" and \""shaded [text] won’t photocopy well.\"" which prompted us to test both printing and photocopying of the resulting report. - Results / Qualitative data affords additional insights - Why it shows a designer barrier: technical concerns about downstream media/IT fidelity required designers to test and constrain emphasis choices.""]}",,Crisan et al. - 2018 - Evidence based design and evaluation of a whole genome sequencing clinical report for the reference.txt,,"Condition A: satisfied - The paper documents active stakeholder involvement (expert consults and surveys), explicit iterative cycles (Discovery -> Design Sprint -> Evaluation -> Implementation), and evidence of all four lifecycle phases (user understanding, ideation, prototyping, and evaluation).; Condition B: satisfied - The paper reports multiple designer-facing constraints (format/media constraints requiring black-and-white, limited clinician review time shaping content prioritization, difficulty obtaining prior test results, and EHR/printing fidelity issues) that forced design adaptations.; Final rationale: Both the full HCD cycle criteria and at least one valid designer-experienced task/constraint are clearly evidenced in Methods/Results/Discussion. Therefore the study meets inclusion criteria.",Evidence-based design and evaluation of a whole genome sequencing clinical report for the reference microbiology laboratory
Victoria Cristancho-Lacroix; Florence Moulin; Jérémy Wrobel; Bénédicte Batrancourt; Matthieu Plichart; Jocelyne De Rotrou; Inge Cantegreil-Kallen; Anne-Sophie Rigaud,High,Include,"{""HCD_fullcycle"": [""A1 User Involvement: [\""There were 49 participants (12 health care professionals, 6 caregivers, and 31 healthy older adults) that were involved in a double iterative design allowing for the adaptation of program content and for the enhancement of website usability.\"" - Methods: Diapason Program Development Process / Results]"", ""A1 User Involvement: [\""Based on the project team and on caregivers’ suggestions, the website’s layout was simplified (Figure 3). The version v1.1 and the final version only offered three main sections: (1) thematic 'sessions', (2) a 'forum', and (3) the 'documents' providing access to other content (eg, relaxation or glossary).\"" - Results: Proof of Concept]"", ""A2 Iteration: [\""This was an exploratory-descriptive study, which consisted of a double iterative design allowing for the adaptation of the content and usability of the website.\"" - Methods: Design]"", ""A2 Iteration: [\""The development process resulted in four successive website versions\"" - Results]"", ""A2 Iteration: [\""We observed an important reduction in completion time and the total of requests for help after the website improvements were made between the first and the second iteration.\"" - Results: Quantitative Results of Usability Tests]"", ""A3 Lifecycle (Understanding/Ideation/Prototyping/Evaluation): [\""Project Team Workshops...their specifications and recommendations were collected by one of the moderators. Based on their feedback, the informatics engineer built the website prototype (V.0.0), and its successive versions for the proof of concept and usability tests.\"" - Methods: Project Team Workshops (ideation + prototyping)]"", ""A3 Lifecycle (Understanding): [\""Each participant received a clear explanation of the program’s aim, and then browsed the Diapason website offline v1.0. After that, a semistructured in-person interview carried out by a psychologist (≈ 40 minutes) was recorded in order to evaluate the opinions of caregivers.\"" - Methods: Proof of Concept (understanding users)]"", ""A3 Lifecycle (Prototyping): [\""the informatics engineer built the website prototype (V.0.0), and its successive versions for the proof of concept and usability tests.\"" - Methods: Project Team Workshops / Diapason Program Development Process (prototyping)]"", ""A3 Lifecycle (Evaluation): [\""The usability tests were based on a mixed methodology using behavioral analysis, semistructured interviews, and a usability questionnaire.\"" - Abstract / Methods: Usability Tests (evaluation)]""], ""TASKS_elements"": [""[\""Unfortunately the option 'contact a professional' and the videoconferencing options were not implemented, owing to a lack of resources.\"" - Results: Proof of Concept] - [Why it shows a designer barrier: Explicit resource limitation (lack of resources) prevented implementation of planned features, affecting designers' ability to deliver intended functionality.]"", ""[\""The section 'My journey', a private diary for caregivers, was removed because the system could not encrypt the data.\"" - Results: Proof of Concept] - [Why it shows a designer barrier: Technical/security limitation (inability to encrypt data) forced removal of a planned feature, constraining design decisions.]"", ""[\""Some other issues remained unsolved due to technical or logistical reasons: (1) the font size and symbols in the forum and video-player interfaces did not facilitate reading; (2) the post button for forum messages was at the bottom of the screen, requiring the use of the scrollbar; and (3) the least experienced participants often double clicked in the website, which was in conflict with the one-click activated 'light box' effect\"" - Results: Usability Test of v1.1] - [Why it shows a designer barrier: Technical/logistical issues persisted and limited the team's ability to fully resolve usability problems, requiring workarounds (user manual) rather than design fixes.]"", ""[\""[no quick solution] Dimensions of the website vary depending on Internet browser and computer models\"" - Results / Table 2 / Usability testing #2 and PT workshops] - [Why it shows a designer barrier: Environmental/technical variability (browser and hardware differences) constrained designers' ability to ensure consistent behavior across platforms and prevented easy resolution.]""]}",,Cristancho-Lacroix V. et al. - 2014 - A web based program for informal caregivers of persons with alzheimer s disease An iterative user ce.txt,,"Condition A: satisfied - The study documents active user involvement (caregivers and older adults shaped content and layout), explicit repeated iterative cycles with multiple prototype versions, and evidence of all lifecycle phases (user understanding via interviews/observations, ideation via project team workshops, prototyping by the informatics engineer, and evaluation via two usability tests with mixed methods).; Condition B: satisfied - The paper reports multiple designer-facing constraints: lack of resources preventing features (contact/professional/videoconf), technical/security limitations removing 'My journey', and unresolved technical/logistical/browser compatibility issues that affected design and implementation.; Final rationale: The study reports a full user-centered HCD cycle (A1-A3 all met) and documents concrete design-task constraints experienced by the team, therefore it meets both Condition A and Condition B and should be included.",A Web-Based Program for Informal Caregivers of Persons With Alzheimer’s Disease: An Iterative User-Centered Design
Humphrey Curtis; Zihao You; William Deary; Miruna-Ioana Tudoreanu; Timothy Neate,High,Include,"{""HCD_fullcycle"": [""A1 User Involvement: We developed the three high-fidelity discreet and wearable AAC prototypes harnessing user-centred design activities with a broad demographic of communities with CCNs, specialists and stakeholders. (Section 3)"", ""A1 User Involvement: Prompt Me Out prototype was iterated on the basis of feedback solicited from two SLTs during the development process. (Subsection 3.1)"", ""A1 User Involvement: My Speech OS was developed in collaboration with 3 interviewed specialists from a Center for Children with IDD and ASD and shaped by a questionnaire delivered to eighteen stakeholders and students. (Subsection 3.2)"", ""A1 User Involvement: The STT Badge prototype was built using a user-centred design process with survey results from 9 DHH participants and iterative feedback from a specialist. (Subsection 3.3)"", ""A2 Iteration: A final version of the [Prompt Me Out] prototype underwent a small round of user-testing with the two SLTs – both qualitative data via think-aloud protocol and quantitative data (i.e., task completion metrics) was used to make final changes to the prototype. (Subsection 3.1)"", ""A2 Iteration: My Speech OS prototype was iterated on the basis of further suggestions and feedback from user-testing of the prototype with 5 specialists. (Subsection 3.2)"", ""A2 Iteration: STT Badge user testing used quantitative survey data and qualitative suggestions for improvement which were harnessed to make changes to the prototype. (Subsection 3.3)"", ""A3 Lifecycle - Understanding users: The prototypes were designed in collaboration with communities with CCNs, specialists and stakeholders specifically SLTs, specialists from a Centre for Children with IDD and ASD and members of the DHH community; surveys and ethnographic data informed design choices. (Section 3; Subsections 3.1-3.3)"", ""A3 Lifecycle - Ideation: Focus group one instigated divergent thinking and co-design methods enabling people with aphasia to extensively ideate and prototype ideas for AAC, including video prompts and low-fidelity prototyping activities. (Section 4.5)"", ""A3 Lifecycle - Prototyping: The team built three high-fidelity prototypes: Prompt Me Out (earable), My Speech OS (smartwatch), and STT Badge (wearable badge). Additionally participants co-created seven low-fidelity prototypes during focus group one. (Section 3; Subsection 5.1.3)"", ""A3 Lifecycle - Evaluation: Prototypes underwent user-testing (think-aloud, task completion metrics) with specialists and were subsequently evaluated by people with aphasia across two complementary focus groups (divergent ideation and convergent critique). (Subsection 3.1; Sections 4 and 5)""], ""TASKS_elements"": [""We should note, here, that during testing using this as an 'earable' was not always practical as we wished for multiple people to experience the technology for demonstration purposes. In this case, we used laptop speakers. (Subsection 3.1) - This describes a practical testing constraint that forced the research team to adapt evaluation methods (unable to test in intended earable form for multiple participants), i.e., a process/technical barrier experienced by the designers.""]}",,Curtis H. et al. - 2023 - Envisioning the In Visibility of Discreet and Wearable AAC Devices.txt,,"Condition A: satisfied - The paper documents active user/stakeholder involvement (SLTs, DHH participants, centre specialists and people with aphasia), explicit iteration cycles on prototypes, and evidence of all four lifecycle phases (understanding users, ideation, prototyping, evaluation).; Condition B: satisfied - The methods report a designer-facing process/technical constraint during testing (earable impractical for multi-person demonstrations requiring adaptation), which qualifies as a TASKS element experienced by designers.; Final rationale: Both the full HCD cycle (A) and at least one designer-facing task/constraint (B) are evidenced in Methods/Results/Discussion/Limitations. Therefore the study meets inclusion criteria.",Envisioning the (In)Visibility of Discreet and Wearable AAC Devices
"Maurizio Cutini, Giada Forte, Marco Maietta, Maurizio Mazzenga, Simon Mastrangelo, Carlo Bisaglia",High,Exclude,"{""HCD_fullcycle"": [""A1 User Involvement: \""The manual was devised, created, and tested based on a human-centred design (HCD) process, which identified the operators’ requirements using a participatory ergonomics (PE) strategy.\"" - Abstract"", ""A1 User Involvement: \""The users were involved right up to the choice of graphics and print layout in order to orient the publication to the farming context.\"" - Abstract/Introduction"", ""A2 Iteration: \""The iterative design phase began after the focus group and noun prioritization activities... Prototypes were tested through expert observation and user workshops (WS2), until the final publication design was reached.\"" - Methods (section 2)"", ""A2 Iteration: \""To arrive at the final version of the publication, another four prototypes were made, which were assessed iteratively with direct user involvement.\"" - Results (3.5 Iterative Design)"", ""A3 Lifecycle (Understanding/Ideation/Prototyping/Evaluation): \""The first phase of the project set out to analyse the context in question... existing manuals were acquired... individual interviews with three expert workers... a workshop was organized with a larger group of operators... focus groups... once the context as well as the workers’ real knowledge requirements had been defined, the layout of the new publication was devised and then checked using noun prioritization... The prototype was tested with the users in workshops (WS2) using the 'walk-through/talk-through' method...\"" - Methods (sections 2, 2.2-2.5) and Results (3.5)""], ""TASKS_elements"": []}","Condition B not satisfied: no evidence of designers experiencing task-related constraints or barriers during the project (no documented resource, access, process, skill, or emotional difficulties affecting design activities).",Cutini et al. - 2017 - Safety Critical Manuals for Agricultural Tractor Drivers A Method to Improve Their Usability.txt,,"Condition A: satisfied - The paper documents active user involvement (interviews, workshops, focus groups, participatory activities), explicit iterative refinement (multiple prototypes and workshops), and a complete lifecycle covering understanding, ideation, prototyping, and evaluation.; Condition B: not satisfied - The manuscript does not provide evidence describing difficulties or constraints experienced by the designers (no documented resource limits, participant-access issues that impeded design, designer cognitive/emotional strain, skill gaps, or process/technical problems that affected design activities).; Final rationale: Although the study clearly follows a full HCD cycle (Condition A satisfied), it lacks any documented designer-facing task/constraint evidence required by Condition B, so it does not meet all inclusion criteria and is excluded.",Safety-Critical Manuals for Agricultural Tractor Drivers: A Method to Improve Their Usability
"Elizabeth Cutting, Meghan Banchero, Amber L. Beitelshees, James J. Cimino, Guilherme Del Fiol, Ayse P. Gurses, Mark A. Hoffman, Linda Jo Bone Jeng, Kensaku Kawamoto, Mark Kelemen, Harold Alan Pincus, Alan R. Shuldiner, Marc S. Williams, Toni I. Pollin, Casey Lynnette Overby",High,Include,"{""HCD_fullcycle"": [""A1 User Involvement: \""Responses from focus group sessions were transcribed, coded and analyzed by two team members. Notification mechanisms and information resources preferred by participants from our first phase of focus groups were incorporated into scenarios and the design of a software prototype for delivering GS reports.\"" - Abstract/Methods"", ""A2 Iteration: \""The goal for the first study (phase 1) was to understand current genetic and laboratory testing processes for documenting results, notifying clinicians of those results, and viewing the results. Findings from the first study were used to propose the design of software, which we called the Genomic Medicine Assistant (GMA)... The goal for the second study (phase 2) was to gather feedback on the proposed design of the GMA software including preferences for interactions with, content contained in and the perceived usability of the design.\"" - Introduction/Methods"", ""A3 Lifecycle (Understanding/Ideation/Prototyping/Evaluation): \""In phase 1, three focus groups were conducted in order to examine existing and anticipated genetic testing processes...\"" (understanding) ; \""We designed project-specific 'storybook packets' that included two scenarios, each of which had associated tasks for accessing GS reports, mockups of those reports and information resources viewed using GMA. One team member (EC) proposed initial GMA design mockups informed by participant recommendations from phase 1 focus groups...\"" (ideation & prototyping) ; \""In phase 2, storybook packets were administered... Participants were first asked to spend 15-20 min reviewing and writing down comments... For the second part, the moderator led a discussion... Sessions were audio recorded, transcribed, and analyzed...\"" and \""Participants perceived the GMA design to be usable with scores ranging from 72.5 to 95 out of 100 on the SUS Survey.\"" (evaluation) - Methods/Results""], ""TASKS_elements"": [""\""Some challenges brought up in phase 1 focus groups could not be addressed directly in the design of the GMA. For example, a clear need identified by participants was to improve the communication between laboratory systems and the EHR... In both instances, solutions for these needs were beyond the scope of this project.\"" - Limitations - Why it shows a designer barrier: This explicitly states an integration limitation (laboratory systems to EHR) that the design team could not address, constraining the design outcomes and indicating a resource/scope constraint affecting their ability to implement necessary design functionality."", ""\""While actual navigation of the GMA software interface could not be tested during our task walkthroughs, participants still proposed several areas to improve (Table 5).\"" - Discussion/Limitations - Why it shows a designer barrier: This indicates the team was unable to perform interactive usability testing (preventing a planned evaluation activity), limiting designers' ability to fully evaluate and refine the prototype based on hands-on user interaction.""]}",,Cutting E. et al. - 2016 - User centered design of multi gene sequencing panel reports for clinicians.txt,,"Condition A: satisfied - The study documents active user involvement via multiple focus groups that informed design choices (phase 1) and feedback on prototypes via task walkthroughs (phase 2), shows an explicit two-phase feedback-design cycle, and provides evidence of all four lifecycle phases (understanding users, ideation, prototyping, and evaluation including SUS).; Condition B: satisfied - The manuscript reports designer-facing constraints: inability to address lab-EHR integration within the project's scope and inability to perform interactive prototype usability testing, both of which affected designers' ability to carry out design and evaluation activities.; Final rationale: The paper reports a full user-centered design cycle with iterative user involvement and explicit evaluation, and it also documents concrete constraints experienced by the design team that affected their work; therefore it meets both Condition A and Condition B and should be included.",User-centered design of multi-gene sequencing panel reports for clinicians
"Roy O. Dahildahil, Iris Thiele Isip-Tan, Portia Grace F. Marcelo, Lorelie C. Grepo",High,Include,"{""HCD_fullcycle"": [""A1 User Involvement: \""three low-fidelity prototypes, in the form of paper drawings and cut-outs, were shown to the HCWs. They walked through each of the pages and were asked to comment or suggest in terms of design, content, or function, which of the designs were preferred and not preferred. They were also asked the level of priority of each requirement. Frequently requested must-have and should-have features were noted and translated to design solutions.\"" - Methods"", ""A2 Iteration: \""Feedback on the prototypes was integrated to the Medium Fidelity Prototype. After incorporating the feedback, it was rendered to a mobile version mock-up (medium fidelity prototype) and deployed in a mobile tablet with dimensions almost similar to the HeLe device's.\"" - Methods / Ideation Phase"", ""A3 Lifecycle (Understanding/Ideation/Prototyping/Evaluation): \""Applying the UCD method, the study had three phases: 1) User Profiling, which involved administering questionnaires, 2) Inspiration Phase, which involved workflow analysis, participant observation, focus group discussion, and expert interview; and 3) Ideation Phase, which involved design and testing of prototypes.\""; and \""Self-administered System Usability Scale were administered to gauge the system's usability level.\"" - Methods""], ""TASKS_elements"": [""\""These methods were chosen considering the time and resource constraints in the RHU.\"" - Results ('Application of UCD in the HeLe UI design') - Why it shows a designer barrier: Explicit statement that time and resource constraints shaped method choice, indicating resource limits constrained designers' ability to carry out ideal or additional design activities."", ""\""Three of these 30 health workers dropped out of the two-month long UCD process when they resigned from the RHU within the duration of this study. Hence, the change of 'respondents' data reported for subsequent questions.\"" - Results (Phase I: User and Rural Health Unit Profile) - Why it shows a designer barrier: Participant drop-outs during the design process reduced available user input and changed respondent composition, directly limiting designers' data and continuity of user involvement."", ""\""Due to resource constraints, the study's sample size is small and insufficient... The Implementation Phase of the UCD methodology was not done. The usability testing is also limited to user feedback and does not provide sufficient insight to predict utilization or acceptance of the actual HeLe device.\"" - Recommendations / Limitations - Why it shows a designer barrier: Authors explicitly state resource constraints prevented completing the full UCD implementation phase and limited evaluation scope, constraining designers' ability to perform later-stage design, deployment, and evaluation activities.""]}",,Dahildahil R.O. et al. - 2023 - User centered Design in Time and Resource limited Settings Enhancing the Usability of Hearing for Li.txt,,"Condition A: satisfied - The paper documents active user involvement (FGDs, card sorting, prototype walkthroughs), explicit iteration (low-fidelity → medium-fidelity with incorporated feedback), and evidence of the full lifecycle components (user profiling/understanding, ideation, prototyping, and evaluation via CTA and SUS).; Condition B: satisfied - The paper reports designer-facing constraints: time and resource limitations that determined method choices, participant drop-outs during the UCD process affecting respondent data, and an explicitly omitted Implementation Phase due to resource limits, all of which limited designers' ability to carry out or complete design activities.; Final rationale: Both Condition A (full HCD cycle with active user shaping and iteration) and Condition B (documented designer-facing resource and participant-access constraints affecting the project) are met based on the Methods, Results, and Limitations; therefore the study should be included.",User-centered Design in Time and Resource-limited Settings: Enhancing the Usability of 'Hearing for Life' (HeLe) Device
"Sara B. Danitz, Shannon Wiltsey Stirman, Alessandra R. Grillo, Melissa E. Dichter, Mary Driscoll, Megan R. Gerber, Kristin Gregor, Alison B. Hamilton, Katherine M. Iverson",High,Include,"{""HCD_fullcycle"": [""A1 User Involvement: Prior to the interview, participants received the draft RISE manual to review if time permitted; interview questions were semi-structured with a focus on eliciting provider perspectives on RISE, including potential contextual barriers and facilitators to RISE implementation (Methods)."", ""A2 Iteration: The study is described as a sub-study in a larger multi-phase project and findings from these provider interviews 'have guided refinements to RISE prior to formal effectiveness testing in VHA' indicating iterative refinement cycles (Discussion/Conclusion)."", ""A3 Lifecycle (Understanding/Ideation/Prototyping/Evaluation): The team conducted semi-structured key-informant interviews to assess provider needs and perspectives (Understanding/Evaluation), provided a draft RISE manual for review (Prototyping), elicited suggested content and context modifications (Ideation), and used rapid content analysis to identify themes to inform refinements (Evaluation/Methods; Discussion).""], ""TASKS_elements"": [""Nearly 40% of the sample were psychologists, and as such other professions may be under represented in the current study, possibly due to that physicians busy schedules may reduce engagement in voluntary research studies (Limitations) - This indicates a recruitment/participant access constraint experienced by the study team that limited diversity of provider input."", ""Possible undue influences (e.g., social desirability) may have impacted provider response to study team members about the RISE intervention (Limitations) - This identifies a data-quality constraint affecting the designers' ability to obtain unbiased feedback during design refinement.""]}",,Danitz S.B. et al. - 2019 - When user centered design meets implementation science Integrating provider perspectives in the deve.txt,,"Condition A: satisfied - The manuscript documents active user/stakeholder involvement (provider review of draft manual and interviews that directly informed refinements), explicit iterative refinement prior to effectiveness testing, and evidence of the four lifecycle phases via needs assessment interviews, prototype manual review, elicited modification ideas, and analysis feeding back into refinements.; Condition B: satisfied - The paper reports designer-facing task constraints (limited recruitment diversity due to clinician schedules and potential social desirability bias) that affected the research team's ability to collect diverse/unbiased feedback for design activities.; Final rationale: The study meets the full HCD cycle criteria with documented user involvement, iteration, and all lifecycle phases, and it reports concrete designer-experienced constraints in the Limitations that affected design activities; therefore it should be included.",When user-centered design meets implementation science: integrating provider perspectives in the development of an intimate partner violence intervention for women treated in the United States’ largest integrated healthcare system
"Cristian Deliv, Declan Devane, El Putnam, Patricia Healy, Amanda Hall, Sarah Rosenbaum, Elaine Toomey",High,Include,"{""HCD_fullcycle"": [""A1 User Involvement: Seven members of the public provided input on this draft and the key messages through think-aloud interviews, which we used to develop an SAV prototype. - Abstract/Methods"", ""A2 Iteration: We drew on a user-centred design approach to develop a spoken animated video (SAV) by conducting two cycles of idea generation, prototyping, user testing, analysis, and refinement. - Abstract/Methods"", ""A3 Lifecycle (Understanding/Ideation/Prototyping/Evaluation): User-centred design entails an iterative design cycle with multiple steps: idea generation, prototyping, user testing and analysis and refinement in collaboration with end users; and The user testing sought to obtain feedback on the storyboard prototype and determine necessary changes to the narration script, the storyboard, and the proposed animation's visual and aesthetic style. (shows understanding users via user testing, ideation via KT Planning Primer/Idea Generation, prototyping via storyboard/video prototypes, evaluation via think-aloud interviews and questionnaires) - Methods/Results""], ""TASKS_elements"": [""Resource-use for the project was minimal, as this was conducted over 8 weeks as an undergraduate summer student project supported by Evidence Synthesis Ireland for €2000. - Results - Why it shows a designer barrier: explicit resource limitation (budget and time) that constrained the design process and choices."", ""limited time and resources hindered our ability to outsource expertise (e.g., the hiring of a digital media company as used by Archibald et al.). - Strengths and limitations/Discussion - Why it shows a designer barrier: designers were prevented from using external expertise and had to adapt by relying on in-team skills."", ""a limitation of our approach is the use of convenience sampling. This meant that some of the members of the public involved were known to the lead authors (CD and ET), and therefore may have felt some degree of pressure not to be too critical of the resource for fear of offending. - Strengths and limitations - Why it shows a designer barrier: participant recruitment approach and familiarity potentially limited candid feedback, affecting designers' ability to obtain unbiased user input."", ""further user testing cycles could have been applied with additional users who may have yielded extra insights. However, the costs (in time and resources) of conducting additional feedback cycles need to be weighed against that effort’s likelihood resulting in significant improvements. We deemed that two rounds of testing were sufficient as no new insights were identified during the second round of testing. - Strengths and limitations - Why it shows a designer barrier: time/resource constraints limited the number of iteration cycles the designers could undertake.""]}",,Deliv et al. - 2023 - Development of a video based evidence synthesis knowledge translation resource Drawing on a user cen.txt,,"Condition A: satisfied - The study documents active user involvement (think-aloud sessions and questionnaires), explicit repeated iteration (two cycles of prototyping, testing, analysis, refinement), and the full lifecycle (idea generation/understanding via KT primer and stakeholder input, ideation, prototyping of storyboard and video, and evaluation via user testing).; Condition B: satisfied - The paper reports multiple designer-facing constraints (limited budget and time, inability to outsource expertise, convenience sampling affecting candidness of feedback, and limiting the number of testing cycles) meeting the TASKS criteria (resource limits and participant access/engagement issues that affected design activities).; Final rationale: The manuscript describes an in-team conducted user-centred design process that includes user involvement, clear iterative cycles, and all lifecycle phases, and it also reports concrete constraints experienced by the design team; therefore both Condition A and Condition B are met and the study should be included.",Development of a video-based evidence synthesis knowledge translation resource: Drawing on a user-centred design approach
,High,Exclude,"{""HCD_fullcycle"": [""A1 User Involvement: \""Future work: planning to add a user accessible settings menu which provides the primary users options to change settings that affect the ‘look and feel’ of the app\"" - Future work (No evidence that users actively shaped the design; this is a planned future feature)."", ""A2 Iteration: \""No iteration evidence in provided text\"" - Methods/Results/Discussion missing any description of repeated refinement cycles or multiple rounds of feedback."", ""A3 Lifecycle (Understanding/Ideation/Prototyping/Evaluation): \""No evidence of understanding, ideation, prototyping, or evaluation in provided text\"" - Methods/Results/Discussion do not describe user research, ideation activities, prototype creation, or evaluation.""], ""TASKS_elements"": [""No designer-facing task constraints reported in provided text - no statements about resource limits, participant access issues, cognitive/emotional strain, skill/knowledge gaps, or process/technical problems that affected designers' work.""]}",Missing evidence of full HCD cycle and no designer-facing task constraints (insufficient information),Derks et al. - 2019 - Development of an Ambulatory Biofeedback App to Enhance Emotional Awareness in Patients with Borderl.txt,,"Condition A: not satisfied - the supplied text contains only a future work note and lacks evidence of user involvement, explicit iteration, and the full HCD lifecycle.; Condition B: not satisfied - there is no reported evidence of designer-experienced difficulties or constraints in the provided text.; Final rationale: The excerpt provides insufficient methodological detail to demonstrate a completed HCD process or designer-facing task constraints required for inclusion; therefore the paper is excluded.",
Marloes E Derksen; Monique WM Jaspers; Sander van Strijp; Mirjam P Fransen,High,Include,"{""HCD_fullcycle"": [""A1 User Involvement: \""Disadvantaged women (n=9), members of their social networks (n=4), and nurses supporting these women (n=51) were informants throughout the iterative prototype development of Kindle according to the International Organization for Standardization 9241-11:2018.\"" - Methods: Design"", ""A2 Iteration: \""In the iterative user-centered design process of Kindle, we followed the standards of the International Organization for Standardization 9241-11:2018, which supports the identification and planning of effective human-centered design activities. These design activities entail four phases...\"" and \""After each round, designers, researchers, and the VoorZorg program representative discussed the output of the sessions... Thereafter, the designers prepared the next session with end users.\"" - Methods: Design / Procedure Design Sessions; also \""A final iteration round following the recommendations resulted in a final version of Kindle.\"" - Results: Recommendations to Improve the Usability"", ""A3 Lifecycle (Understanding/Ideation/Prototyping/Evaluation): \""Phase 1: Understand and Specify the User Context - We performed a secondary analysis on unpublished, empirical data from our earlier qualitative studies among VoorZorg nurses, clients, and the social networks of clients.\"" - Methods: Phase 1; \""Phase 2: ... two intervention design inquiry sessions, one among VoorZorg nurses and one among clients and members of their social networks.\"" - Methods: Phase 2; \""Phase 3 resulted in a prototype of Kindle, combining the interface for nurses and clients, including the following functionalities...\"" - Results: Outcomes Phase 3; \""Phase 4: Heuristic Evaluation... along with user testing by a think aloud method (5 disadvantaged women and 5 nurses; phase 4).\"" and \""the heuristic evaluation and thinking aloud method in phase 4 revealed 78 usability problems\"" - Methods: Phase 4 / Results""], ""TASKS_elements"": [""\""Approximately half of the recruited participants (n=9) did not show up at these design rounds (phases 2 and 3).\"" - Methods: Participant Recruitment / Table 2 - This indicates participant no-shows that limited designers' ability to conduct planned design rounds and obtain intended input (participant access issue limiting iteration/data)."", ""\""The design sessions were attended by fewer clients than intended and recruited. The clients often did not show up to a session they had confirmed to attend.\"" - Discussion: Strengths and Limitations - This explicitly describes recruitment/attendance problems that constrained designers' ability to involve end users in multiple rounds (resource/participant access constraint)."", ""\""Another limitation was the involvement of a limited number of members of women's social networks in most rounds of intervention design... we were not able to recruit as many members of social networks as intended.\"" - Discussion: Strengths and Limitations - Shows reduced participant availability from social networks that limited designers' ability to gather broader input (participant access issue affecting design)."", ""\""We evaluated the usability of a prototype with limited functionality... The limited functionality of the prototype may also have resulted in an incomplete insight into usability problems.\"" - Discussion: Strengths and Limitations - This production limitation affected designers' ability to fully assess usability and iterate on a fully functional system (technical/production constraint)."", ""\""Owing to the geographical disparity of end users, some design rounds entailed multiple sessions at different locations.\"" - Methods: Participant Recruitment / Procedure Design Sessions - Indicates logistical constraints which increased complexity of conducting iterative sessions (process/logistical constraint).""]}",,Derksen et al. - 2021 - Mobile Health for Smoking Cessation Among Disadvantaged Young Women During and After Pregnancy User.txt,,"Condition A: satisfied - The manuscript documents active user involvement (clients, social networks, nurses) shaping the design, explicit iterative rounds and a final iteration, and all four lifecycle phases (understanding via secondary analysis, ideation/design inquiry sessions, prototyping, and evaluation via heuristic and think-aloud).; Condition B: satisfied - The authors report designer-facing constraints: repeated participant no-shows reducing attendance in design rounds, limited involvement of social network members, a prototype with limited functionality restricting usability insights, and logistical/geographical burdens; these affected the designers' ability to perform planned design activities and obtain intended data/feedback.; Final rationale: Both Condition A (full HCD cycle present) and Condition B (designer-experienced task/constraint evidence) are satisfied based on the Methods/Results/Discussion/Limitations text, so the study meets inclusion criteria.",Mobile Health for Smoking Cessation Among Disadvantaged Young Women During and After Pregnancy: User-Centered Design and Usability Study
"Arti D. Desai, Elizabeth A. Jacob-Files, Julia Wignall, Grace Wang, Wanda Pratt, Rita Mangione-Smith, Maria T. Britto",High,Exclude,"{""HCD_fullcycle"": [""A1 User Involvement: \""We followed a user-centered design methodology and conducted in-depth semistructured interviews with caregivers and providers of CMC...\"" - Methods"", ""A1 User Involvement: \""Participants were also asked to draw designs of their recommendations for these care plans.\"" - Data Collection / Methods"", ""A2 Iteration: \""Analysis occurred concurrently with data collection; therefore, the interview guide was iteratively revised as new questions and themes emerged.\"" - Abstract / Methods"", ""A3 Lifecycle (Understanding/Ideation/Prototyping/Evaluation): \""Through a user-centered design process, stakeholders are actively engaged in iterative cycles of developing new technologies by doing the following: (1) identifying their needs and establishing requirements for the technology, (2) developing designs, (3) building interactive versions of the designs, and (4) evaluating designs. In this study, we aimed to conduct the first step of the user-centered design process by understanding the needs of caregivers... and to establish requirements for shared care plans...\"" - Introduction / Methods"", ""A3 Lifecycle (missing phases): \""usability testing will help to identify whether team leaders are willing to take on the responsibility... Involvement of a clinical informaticist... User-centered design methods allow for iterative cycles of development and testing. Within these cycles, stakeholder needs, requirements, and constraints are continually revisited; designs are revised on the basis of usability testing; and implementation strategies are modified until these care plans are proven to be effective...\"" - Discussion (indicates prototyping/usability testing/evaluation have not yet been performed)""], ""TASKS_elements"": [""\""This study has some limitations. First, we interviewed only 1 individual within many of the provider categories, thus limiting our ability to develop an in-depth understanding of particular needs and requirements of different provider groups.\"" - Limitations - This describes a sampling limitation that affected the researchers' (designers') ability to develop in-depth understanding necessary for design activities (reduced data diversity limiting design decisions)."", ""\""Second, the caregivers we interviewed were all English speaking, predominantly white, and reported high comfort levels with technology.\"" - Limitations - This limitation constrained the designers' access to diverse user perspectives (language, racial/ethnic diversity, and technology comfort), limiting ability to design for broader user populations."", ""\""Finally, we did not conduct observations of how information is currently shared or retrieved and how care plans are currently used.\"" - Limitations - The absence of observational data hindered designers' ability to understand real-world workflows and workarounds, constraining design-relevant insights and limiting iterative design activities.""]}",Condition A not satisfied: incomplete HCD lifecycle (requirements elicitation only; no prototyping or evaluation/usability testing performed),Desai AD - 2018 - Caregiver and Health Care Provider Perspectives on Cloud Based Shared Care Plans for Children With M.txt,,"Condition A: not satisfied - While the study clearly performed user involvement (interviews and elicitation of design ideas) and used an iterative interview/analysis process, it did not complete the full HCD lifecycle: the study explicitly states it was the first step (requirements elicitation) and did not perform prototyping or evaluation/usability testing.; Condition B: satisfied - The authors report concrete limitations that constrained their ability to perform design activities (limited provider sampling reducing in-depth understanding, non-diverse caregiver sample limiting perspectives, and lack of observational data), which are barriers experienced by the research/design team during this project.; Final rationale: The paper conducted user-centered requirements elicitation with iterative qualitative data collection (A1 and partial A2 present) and reported designer-facing constraints, but it did not include prototyping or evaluation phases required for a complete HCD cycle (A3 missing). Therefore it does not meet Condition A and must be excluded despite Condition B being satisfied.",Caregiver and Health Care Provider Perspectives on Cloud-Based Shared Care Plans for Children With Medical Complexity
Anjali Varma Desai; Chelsea L Michael; Gilad J Kuperman; Gregory Jordan; Haley Mittelstaedt; Andrew S Epstein; MaryAnn Connor; Rika Paula B Villar; Camila Bernal; Dana Kramer; Mary Elizabeth Davis; Yuxiao Chen; Catherine Malisse; Gigi Markose; Judith E Nelson,High,Include,"{""HCD_fullcycle"": [""A1 User Involvement: \""we conducted in-depth, semistructured, audiorecorded interviews of over 100 key stakeholders\"" - Methods"", ""A1 User Involvement: \""The designer conducted usability testing with physicians, nurses, and other health professionals\"" - User Testing (Methods)"", ""A2 Iteration: \""During this iterative process, the designer shared mock-up options and elicited feedback from the core team via email and throughout the series of biweekly core team meetings.\"" - Refinement and Validation (Methods)"", ""A2 Iteration: \""Guided by this diverse user input, we have continued cycles of refinement and deployment to additional groups incrementally\"" - Further Iteration and Evaluation (Results)"", ""A3 Lifecycle (Understanding/Ideation/Prototyping/Evaluation): \""We first convened a working group...we also conducted in-depth, semistructured, audiorecorded interviews...The core team sought consensus on the Patient Values Tab’s main content...Our user experience designer then created wireframes of the tab design. The designer conducted usability testing with physicians, nurses, and other health professionals. Data validation testing was conducted.\"" - Methods""], ""TASKS_elements"": [""\""we assessed the time to launch the tab content for selected patients. If time delays were identified, we worked with the information systems team to identify the source of the delay so that it could be rectified; specifically, technical optimizations were made to bring the load times in line with other feature load times in our EHR (ie, no longer than a few seconds).\"" - Refinement and Validation (Methods) - This describes a technical performance issue that the design team encountered and had to resolve, indicating a process/technical constraint experienced by the designers."", ""\""Our early pilot data have also revealed potential barriers to large-scale implementation, which include perceived lack of time to engage with the tab, competing priorities, incomplete or inaccurate tab content, technical glitches, and difficulty remembering to launch the tab as part of routine workflow.\"" - Early Findings (Results) - These implementation barriers affected adoption and required the working group to enact educational and technical strategies, indicating constraints the design team faced during implementation.""]}",,Desai et al. - 2021 - A Novel Patient Values Tab for the Electronic Health Record A User Centered Design Approach.txt,,"Condition A: satisfied - The methods document active user involvement (100+ stakeholder interviews; usability testing), explicit iterative refinement cycles, and evidence of all four HCD phases (understanding via interviews, ideation/workgroup consensus and design principles, prototyping via wireframes/mock-ups, and evaluation via usability testing and pilot deployment).; Condition B: satisfied - The team reported concrete designer-facing constraints (technical load-time delays requiring optimization and broader implementation barriers such as incomplete/inaccurate content and technical glitches that forced design/implementation adaptations).; Final rationale: The paper describes an author-led, user-centered, iterative design process that includes full HCD lifecycle activities and reports specific, project-level technical and implementation constraints experienced by the design team; therefore it meets both Condition A and Condition B and is included.",A Novel Patient Values Tab for the Electronic Health Record: A User-Centered Design Approach
"Nienke Elske Dijkstra, Carolina Geertruida Maria Sino, Eibert Rob Heerdink, Marieke Joanna Schuurmans",High,Include,"{""HCD_fullcycle"": [""A1 User Involvement: \""The users and stakeholders were involved throughout the development phase by means of the human-centered design (HCD) for interactive systems [17] to develop a usable eHOME-instrument that fits the needs of the end users.\"" (Methods: Design)"", ""A2 Iteration: \""The HCD approach was divided into 6 phases: (1) the Delphi round; (2) the development, evaluation, and redesign of the prototype report webpage and the monitoring webpage interfaces for home care; (3) the usability evaluation pilot of the report webpage and the monitoring webpage interfaces for home care; (4) the expansion and development of the monitoring and consulting webpage interfaces for home care, GPs, and pharmacists; (5) the usability evaluation pilot of the report webpage and the monitoring and consulting webpage interfaces; and (6) the development of the final webpages interfaces.\"" (Methods: Setting and Procedure)"", ""A3 Lifecycle (Understanding/Ideation/Prototyping/Evaluation): \""Understanding users: In the Delphi round... the context in which eHOME should be used and the requirements of the users for a report system... were identified.\"" (Methods: Delphi Round); \""Ideation: The workgroup meeting resulted in a plenary discussion with a set of adjustments to improve the usability of the prototype webpage interfaces.\"" (Methods: Development, Evaluation, and Redesign); \""Prototyping: Two software developers developed a prototype of the report webpage and the monitoring webpage interfaces and a link between these 2 interfaces, based on the formulated requirements of phase one.\"" (Methods: Development, Evaluation, and Redesign); \""Evaluation: To assess the usability of the webpage interfaces, a usability evaluation pilot among the home care team was performed... the home health care assistants answered a questionnaire... To explore the usability of the monitoring webpage, a semistructured interview with the home care nurse was carried out.\"" (Methods: Usability Evaluation Pilot)""], ""TASKS_elements"": [""\""Home care nurses indicated that the daily triage of the report problems was necessary but not performed as intended because of workload and because they needed to get used to the daily task. Therefore, some home care nurses decided to share the triage task with nurses who had the capability to perform a triage.\"" (Results: Usability Evaluation Pilot of the Report Webpage and the Monitoring and Consulting Webpage Interfaces) - This shows a designer-facing barrier: user workload prevented intended daily triage, forcing designers to adapt workflow (sharing tasks) and consider notifications/pop-ups to ensure triage."", ""\""Adding new client profiles in the monitoring and consulting webpage was experienced as time-consuming. During the pilot, the home care nurses decided to share this task with home health care assistants.\"" (Results: Usability Evaluation Pilot of the Report Webpage and the Monitoring and Consulting Webpage Interfaces) - This indicates a resource/interaction constraint that limited designers' intended workflow and required redistribution of tasks or design changes to reduce time burden."", ""\""In this study, the GPs, one group of users, are not involved in the context of use and user requirements analysis and the first usability evaluation pilot.\"" (Limitations) - This limitation affected designers' ability to perform full user-involvement activities for that stakeholder group, restricting early design input from GPs and thereby constraining the design process.""]}",,Dijkstra NE - 2018 - Development of eHOME a Mobile Instrument for Reporting Monitoring and Consulting Drug Related Proble.txt,,"Condition A: satisfied - The Methods and Results explicitly document user involvement (Delphi, workgroups, pilots), multiple iterative cycles with redesigns, and all four lifecycle phases (understanding via Delphi, ideation/plenary adjustments, prototyping by developers, and evaluation via pilots, questionnaires, and interviews).; Condition B: satisfied - Multiple passages describe designer-facing constraints (user workload preventing intended triage, time-consuming profile creation leading to task redistribution, and lack of early GP involvement) that forced adaptations to the design and implementation.; Final rationale: Both Condition A (full HCD cycle) and Condition B (designer-oriented task constraints) are clearly supported by the provided Methods, Results, and Limitations text; therefore the paper should be included.","Development of eHOME, a Mobile Instrument for Reporting, Monitoring, and Consulting Drug-Related Problems in Home Care: Human-Centered Design Study"
"Esther Díaz-Mohedo, Antonio L. Carrillo-León, Andrés Calvache-Mateo, Magdalena Ptak, Natalia Romero-Franco, Juan Carlos-Fernández",High,Include,"{""HCD_fullcycle"": [""A1 User Involvement: \""Rehabilitation researchers, the software development team, and stakeholders (people with CPP) were involved in a collaborative, iterative and user-centered software development process.\"" [Methods - opening paragraph]; \""Three individuals with CPP were included as stakeholders and end users, and collaborated with the two teams throughout the process, mainly in prototyping and interface evaluation tasks.\"" [Methods - opening paragraph]"", ""A2 Iteration: \""We iteratively refined the app prototypes to meet the end user’s needs, while remaining true to the goals of the project.\"" [Methods - App prototyping summary]; description of multiple prototyping phases (Phase 1: Planning and requisites analysis; Phase 2: Low fidelity prototyping; Phase 3: High fidelity prototyping; Phase 4: Images classification; Phase 5: Final implementation) [Methods - Sections 2.1–2.3]"", ""A3 Lifecycle (Understanding/Ideation/Prototyping/Evaluation): \""The first step was to describe and specify the methodology to be applied to the development of the project, and then we identified and analyzed the main goals, requirements, and cases of use.\"" (Understanding) [Methods - Phase 1]; \""Sketching. Through drawing and sketch design, we captured the basic objectives and requirements...\"" (Ideation) [Methods - Phase 2.1.2.1]; \""Low-fi prototypes... Wireframing... Interactive mockups design...\"" (Prototyping) [Methods - Phase 2.1.2/2.1.3]; \""User testing. This empirical study involved ten volunteer participants... The Thinking Aloud technique was applied... The results of this user testing were considered for the final development of the app\"" (Evaluation) [Methods - Phase 2.1.3.3]""], ""TASKS_elements"": [""\""it was observed that the user required an excessive amount of time to identify certain images, which made us consider the need to classify such content by difficulty levels and, therefore, to include an intermediate study in the development process\"" [Methods - Phase 2.1.3 User testing] - This shows a designer barrier because participant performance (slow identification) forced the team to alter the planned development flow and add an intermediate empirical study to classify images, constraining the original design process."", ""\""Platform native code development would have been a costly and unnecessary delay in this work.\"" [Discussion - 4.1] - This indicates a resource constraint (time/cost) that influenced the designers' choice of development approach (use of multiplatform tools) and thus affected design decisions and process.""]}",,Díaz-Mohedo et al. - 2024 - App Mohedo r A mobile app for the management of chronic pelvic pain A design and development study.txt,,"Condition A: satisfied - The paper documents active user/stakeholder involvement (including three people with CPP and iterative user testing), explicit iterative refinement across multiple prototyping phases, and evidence of the full lifecycle (understanding users, ideation/sketching, prototyping low-fi and hi-fi, and evaluation via user testing and empirical image-classification study).; Condition B: satisfied - The team reports participant-related issues that forced an added empirical study to classify images by difficulty (participant slow responses limited the initial design), and explicitly cites resource/time/cost considerations driving technology choices, both constituting designer-facing constraints that influenced the project.; Final rationale: Both Condition A (full HCD cycle) and Condition B (designer-experienced tasks/constraints) are met based on the Methods/Results/Discussion content, so the study should be included.",App-Mohedo®: A mobile app for the management of chronic pelvic pain. A design and development study
"Nicole Ippoliti, Mireille Sekamana, Laura Baringer, Rebecca Hope",High,Include,"{""HCD_fullcycle"": [""A1 User Involvement: \""Design research ... consisted of interactive codesign workshops, focus group discussions, and in-depth interviews with young people, health care providers in both public and private facilities and pharmacies, parents, government officials, and other critical stakeholders.\"" - [Design Research / Methods]"", ""A2 Iteration: \""Prototyping was conducted in 2 phases to enable the team to iterate ideas and develop increasingly high-fidelity prototypes based on learnings from the previous phase... these rough prototypes not only enabled the team to test and iterate on ideas quickly and cheaply but also signaled to young people and pharmacists that they could provide honest feedback.\"" - [Prototyping / Methods]"", ""A3 Lifecycle (Understanding/Ideation/Prototyping/Evaluation): \""We describe the methods used to design CyberRwanda and the populations engaged throughout the phases of design research, prototyping of initial and refined concepts, product and content development, pilot, and adaptive implementation and evaluation.\"" - [Methods]; plus specific examples: \""Design research ... interactive codesign workshops...\"" (Understanding) - [Design Research], \""Ideation and co-creation: used to design and iterate on the cast of CyberRwanda webcomic characters\"" (Ideation) - [Table 3 / Prototyping Methods], \""Paper prototyping...Low- and high-fidelity interactive prototyping/digital prototyping\"" (Prototyping) - [Table 3 / Prototyping Methods], \""an 8-week pilot was conducted ... Through post-pilot in-depth interviews and focus groups with 158 stakeholders and students... the team gained critical learning and iterated appropriately.\"" (Evaluation) - [Pilot / Results]""], ""TASKS_elements"": [""\""Recruitment of diverse participants was a recurring challenge during this project, and appropriate time and funding are needed to support inclusive recruitment.\"" - [Implications for Future Practice and Research] - [Why it shows a designer barrier: recruitment difficulties constrained the designers' ability to engage a diverse sample and required additional time/funding, a resource limitation that affected design activities.]"", ""\""Some schools and youth centers are in areas where Internet connectivity is not reliable, which delays the loading of content for users. As a backup, the team also developed a native app that is installed on tablets at schools and youth centers.\"" - [Box 1 / Prototyping] - [Why it shows a designer barrier: technical/infrastructure constraints impeded product delivery and forced the design team to adapt the implementation and product architecture.]"", ""\""No identifiable data were collected from youth, even though this limited the ability to track individual user engagement.\"" - [Table 4 / Key Findings and Iterations] - [Why it shows a designer barrier: a deliberate data-collection limitation constrained designers' and evaluators' ability to monitor and iterate on individual user engagement and evaluate usage patterns.]""]}",,Ippoliti et al. - 2021 - Using Human Centered Design to Develop Launch and Evaluate a National Digital Health Platform to Imp.txt,,"Condition A: satisfied - The paper documents explicit user involvement (codesign workshops, youth-led research), clear iterative prototyping cycles, and evidence of the full HCD lifecycle including design research, ideation, prototyping, and pilot evaluation.; Condition B: satisfied - The manuscript reports multiple designer-facing constraints (recruitment challenges, unreliable Internet in implementation sites requiring product redesign, and limitations on data collection that limited tracking), which affected the team's ability to perform design and evaluation activities.; Final rationale: All three HCD criteria (user involvement, iteration, complete lifecycle) are clearly met and at least one valid designer-facing tasks element is present; therefore the study should be included.","Using Human-Centered Design to Develop, Launch, and Evaluate a National Digital Health Platform to Improve Reproductive Health for Rwandan Youth"
"Taylor Irvine, Monica Brundage, Ashna Hudani, Joy Kabiru, Kahaki Kimani, Festus Njuguna, Lucy Njambi, Helen Dimaras",High,Include,"{""HCD_fullcycle"": [""A1 User Involvement: \""the study team consulted with health care and patient knowledge user groups to design, produce and refine the educational booklet.\"" - Methods (2.1 Phase I: Development of educational booklet)"", ""A2 Iteration: \""A human-centered design approach was employed to iterate the content and design of the educational booklet. Over three rounds of consultation, the study team met with knowledge users to review booklet prototypes and collect feedback for its further refinement.\"" - Methods (2.1.2 Design of educational booklet)"", ""A3 Lifecycle (Understanding/Ideation/Prototyping/Evaluation): \""In Round 1, consultations were focused on determining the optimal content for the booklet.\"" (understanding users); \""In Round 2, consultations were focused on developing figures and images ... Initial designs were sketched by a graphic design student...\"" (ideation/prototyping); \""Round 3, the final phase of consultation, was focused on refining the language of the booklet...\"" (prototyping/refinement) - Methods (2.1.2); \""The preliminary evaluation was composed of a quantitative knowledge test and qualitative focus group discussion. A pre- and post-test questionnaire ... assessed baseline knowledge and changes immediately after independent review of the booklet.\"" (evaluation) - Methods (2.2.2)""], ""TASKS_elements"": [""\""The main limitation of our evaluation was the small sample in Phase II, a result of limited time and funding.\"" - Discussion/Limitations - [Why it shows a designer barrier: explicitly states resource limits (time and funding) that reduced sample size and thus affected the ability to perform a more comprehensive evaluation]"", ""\""For the ease of recruitment and to facilitate a rapid preliminary evaluation, participants were recruited only at KNH and a convenience sample was sought.\"" - Methods (2.2.1 Participant recruitment and selection) - [Why it shows a designer barrier: describes constrained participant access and use of a convenience sample which limited broader recruitment and data diversity, affecting design evaluation]"", ""\""we were able to recruit 11 patient partners, we did not achieve a 1:1 ratio of patients to non-patients recommended for such work.\"" - Discussion - [Why it shows a designer barrier: indicates participant engagement challenges that prevented achieving target engagement structure, limiting co-design capacity]""]}",,Irvine T - 2024 - Development and preliminary evaluation of a genetics education booklet for retinoblastoma.txt,,"Condition A: satisfied - Clear evidence of active user involvement (knowledge users in multiple rounds), explicit iterative refinement (three rounds, prototypes revised), and all four lifecycle phases (understanding needs in Round 1, ideation and sketching in Round 2, prototyping/refinement in Round 3, and evaluation via pre-post testing and focus groups in Phase II).; Condition B: satisfied - The manuscript reports concrete designer-facing constraints: limited time and funding reducing sample size, recruitment limited to a single site and convenience sampling, and difficulty achieving recommended patient engagement ratios; these affected the team's ability to perform comprehensive evaluation and engagement activities.; Final rationale: The paper reports an HCD process led by the study team with active, iterative user involvement across multiple rounds and includes prototyping and a formal preliminary evaluation. It also documents designer-facing resource and participant-access constraints that impacted study activities. Therefore it meets both Condition A (full HCD cycle) and Condition B (designer-experienced tasks/elements) and should be included.",Development and preliminary evaluation of a genetics education booklet for retinoblastoma
Nino Isakadze; Nancy Molello; Zane MacFarlane; Yumin Gao; Erin M Spaulding; Yvonne Commodore Mensah; Francoise A Marvel; Shireen Khoury; Joseph E Marine; Erin D Michos; David Spragg; Ronald D Berger; Hugh Calkins; Lisa A Cooper; Seth S Martin,High,Exclude,"{""HCD_fullcycle"": [""A1 User Involvement: \""We conducted virtual meetings with patients with atrial fibrillation (n=8), their caregivers, and clinicians (n=8).\"" - Methods: Patient Recruitment / Abstract"", ""A2 Iteration: \""Once specific functionalities were prioritized, the engineering team began to integrate the selected features into the app.\"" and \""The app functionalities informed by our iDesign process will be modified iteratively until no further major feedback is obtained from pilot clinical testing in a larger group of patients (N=100).\"" - Methods: Step 6 Engineering Work; Step 7 Testing (Future)"", ""A3 Lifecycle (Understanding/Ideation/Prototyping/Evaluation): Understanding: \""We conducted a virtual 1.5-hour meeting ... to understand challenges patients experience while living with AF and to understand their journey after the diagnosis.\"" - Methods: Step 1 Defining Challenges and Empathizing; Ideation: \""We conducted a 1.5-hour meeting via Zoom with the goal of brainstorming and ideating solutions...\"" - Methods: Step 2 Ideating Solutions; Prototyping: \""Participants were then split into 3 groups, and the groups were given the task of prototyping the intervention... Virtual prototyping was conducted using Google Jamboard\"" - Methods: Step 4 Virtual Prototyping; Evaluation: \""Step 7: Testing (Future) - The app functionalities informed by our iDesign process will be modified iteratively until no further major feedback is obtained from pilot clinical testing in a larger group of patients (N=100).\"" - Methods: Step 7 Testing (Future) (Note: evaluation described as planned/future, not completed)""], ""TASKS_elements"": [""\""We were not successful in enrolling Hispanic or Native American individuals due to the very small number of eligible individuals in the source population.\"" - Patient Recruitment / Limitations - This shows a participant access/recruitment constraint that limited designers' ability to achieve intended diversity."", ""\""While the study team carefully considered providing a loaner phone with a data plan to patients who did not own that technology or have internet access, we decided at the time that device recirculation may have posed an undue risk of COVID-19 transmission.\"" - Study Setting / Patient Recruitment - This is a resource/access decision that constrained designers' options to include participants without devices."", ""\""The time required for onboarding each participant varied considerably, ranging from 15 minutes to 2 hours, based on the participant’s digital health literacy.\"" - Methods: Step 3 Individualized Virtual Onboarding / Results - Indicates resource/time burden and technical support challenges experienced by the design team."", ""\""A virtual environment may not be ideal for participants who have limited technology skills or do not have access to technology or the internet.\"" - Limitations - Indicates a constraint that affected designers' ability to engage certain participants and thus the design process.""]}",Incomplete HCD cycle — no completed evaluation/user testing reported (testing described as future/pilot N=100),Isakadze et al. - 2022 - The Virtual Inclusive Digital Health Intervention Design to Promote Health Equity iDesign Framework.txt,,"Condition A: not satisfied - Although understanding, ideation, and prototyping are documented, a completed evaluation phase (user testing/usability or pilot results) is not reported; testing is described as future/pilot (N=100).; Condition B: satisfied - Multiple designer-facing constraints are documented (participant recruitment limits, device/access decisions, variable and substantial onboarding time), indicating barriers experienced by the design team.; Final rationale: The study reports active user involvement, iteration, and prototyping, and documents designer-facing constraints; however it lacks a completed evaluation phase (user testing/pilot results). Because the full HCD cycle (including completed evaluation) is not evidenced, the paper is excluded.",The Virtual Inclusive Digital Health Intervention Design to Promote Health Equity (iDesign) Framework for Atrial Fibrillation: Co-design and Development Study
"Kahabi Isangula, Eunice S. Pallangyo, Eunice Ndirangu-Mugo",High,Include,"{""HCD_fullcycle"": [""A1 User Involvement: \""a transdisciplinary team of purposively sampled MCH nurses and midwives, clients, administrators, and other relevant stakeholders (30 members) gathered to define the challenges based on discovery findings and design an intervention package (prototype) with the highest potential to improve nurse-client relationships considering acceptability and feasibility.\"" - Methods (Step 2: Consultative co-design meetings)"", ""A2 Iteration: \""We employed a 5-step HCD process (Fig. 1) each with distinct study population, sampling and sample size and data collection approaches.\"" and detailed steps: Step 1 (Community-driven discovery), Step 2 (consultative co-design meetings), Step 3 (validation/insight gathering), Step 4 (refinement and adaptation meeting), Step 5 (document and share) which were used sequentially and informed each subsequent step. - Methods (Study design & Study population, sampling and data collection)"", ""A3 Lifecycle (Understanding/Ideation/Prototyping/Evaluation): \""Step 1. Community-driven discovery inquiry... semi-structured interview guide... about 9 FGDs and 12 KIIs\"" (Understanding users); \""Step 2. Consultative co-design meetings... ideation meeting to brainstorm and generate 'how might we' questions... prototype and co-creation meeting to evaluate the ideas generated... develop the initial (rough) prototype model(s)\"" (Ideation & Prototyping); \""Step 3. Validation and insight gathering inquiry... gather qualitative feedback using guided FGDs (6 sessions) to identify features appealing to both nurses and clients\"" (Evaluation). - Methods (Steps 1-3 descriptions)""], ""TASKS_elements"": [""\""Partnering with MCH administrators, nurses and clients strengthened data source triangulation however, it may have introduced power dynamics in some HCD steps.\"" and \""To minimize power dynamics, KIIs with administrators and, FGDs with clients and nurses were conducted separately. During consultative meetings, a requirement was made for the discussion groups to have a client as a chairperson and a research team member was assigned to each group to ensure equal participation.\"" - Discussion - Why it shows a designer barrier: The research team explicitly reports encountering power dynamics during HCD steps that affected the conduct of co-design meetings and required procedural adaptations (separate KIIs/FGDs, changing facilitation roles), indicating a process constraint experienced by designers during the project."", ""\""In general, all the interventions were considered acceptable, however, there were some disagreements on the feasibility of curriculum and resource-related intervention... [they] were deemed less feasible in the study contexts because of the time and multistakeholder efforts needed for their successful implementation.\"" - Results (Validation/insight gathering) - Why it shows a designer barrier: The design team noted time, resource, and multi-stakeholder effort constraints that limited the feasibility (and therefore inclusion) of certain prototype components, indicating practical resource/time constraints influencing design decisions.""]}",,Isangula et al. - 2023 - Interventions co designed by healthcare providers and clients for improving therapeutic relationship.txt,,"Condition A: satisfied - The Methods detail active user involvement (FGDs, KIIs, co-creation meetings), explicit iterative cycles across five HCD steps (discovery, ideation, prototyping, validation, refinement), and evidence of the four lifecycle phases (understanding via discovery FGDs/KIIs, ideation in consultative meetings, prototyping of a rough model, and evaluation through validation FGDs and refinement).; Condition B: satisfied - The team reported concrete process constraints experienced during the project (power dynamics that required methodological adaptations) and noted resource/time/multistakeholder feasibility limits that affected which interventions were retained, meeting the requirement for designer-oriented task/constraint evidence.; Final rationale: Both Condition A (full HCD cycle with user involvement, iteration, and complete lifecycle) and Condition B (at least one designer-facing task/constraint) are met based on Methods, Results, and Discussion text, so the paper should be included.",Interventions co‑designed by healthcare providers and clients for improving therapeutic relationships in maternal and child healthcare: a pilot study using human centered design in rural Tanzania
Not provided,High,Exclude,"{""HCD_fullcycle"": [""A1 User Involvement: \""We then brought together a group of nurses, clients and other MCH stakeholders and developed an intervention package\"" - [Prototype Validation section]"", ""A2 Iteration: \""Prototype meetings and co-creation meeting to evaluate the ideas generated ... and to develop initial (rough) prototype model(s)\"" and \""PROTOTYPE VALIDATION\"" and \""REFINEMENT/ADAPTATION MEETING\"" - [Co-design meetings agenda; Prototype Validation; Refinement/Adaptation Meeting sections]"", ""A3 Lifecycle (Understanding/Ideation/Prototyping/Evaluation): \""We conducted research in Shinyanga to examine the drivers of poor nurse-client relationships in MCH care\"" (Understanding) ; \""Ideation meeting to brainstorm and generate 'how might we' questions\"" (Ideation) ; \""to develop initial (rough) prototype model(s)\"" (Prototyping) ; \""What do you think about this intervention package? ... What modifications do you suggest\"" (Evaluation) - [FGD/KII sections; Co-design meetings agenda; Prototype Validation section]""], ""TASKS_elements"": []}",No designer-facing task constraints reported (Condition B not satisfied),Isangula K - 2022 - Strengthening Interpersonal Relationships in Maternal and Child Health Care in Rural Tanzania Protoc.txt,,"Condition A: satisfied - The manuscript describes active user involvement (FGDs, KIIs, co-design with nurses, clients, stakeholders), explicit iterative steps (ideation, prototype meetings, prototype validation, refinement/adaptation), and evidence of the full HCD lifecycle (understanding drivers, ideation, prototyping, evaluation).; Condition B: not satisfied - The provided text contains no statements describing difficulties, constraints, or barriers experienced by the designers (no reports of lack of time/funding/personnel, recruitment or engagement problems, skill gaps, or process/technical issues that impacted the design work).; Final rationale: Although the study describes a full HCD process with user involvement and iteration (Condition A met), there is no evidence in the provided Methods/Results/Discussion/Limits text that the designers encountered or reported task-related constraints affecting the design process (Condition B not met); therefore the paper is excluded.",IMPROVING NURSE-CLIENT RELATIONSHIPS IN MATERNAL AND CHILD HEALTH CARE IN RURAL TANZANIA: A HUMAN CENTERED DESIGN (HCD) APPROACH
"Barbara N. Jandasek, Sheryl J. Kopel, Cynthia A. Esteban, Susan A. Rudders, Josh S. Spitalnick, Margo Adams Larsen, Grace K. Cushman, Elizabeth L. McQuaid",High,Include,"{""HCD_fullcycle"": [""A1 User Involvement: \""Development of the 'Friends, Family, and Food Application (F3-App)' employed an iterative, user-centered design approach with input from children with FA, their caregivers, and other key experts.\"" - (Method/Abstract)"", ""A2 Iteration: \""Phase 1 (prototype development/pilot evaluation) ... Phase 2 (full F3-App development/open trial) included refinement and expansion of the prototype per advisory panel and end-user recommendations, followed by an open trial with additional iterative refinement.\"" and \""Families were enrolled in the open trial in one of three staggered cohorts to allow for iterative waves of feedback.\"" - (Method / Phase descriptions & Phase 2 Procedures)"", ""A3 Lifecycle (Understanding/Ideation/Prototyping/Evaluation): \""families completed demographic and medical history questionnaires and participated in focus groups\"" (Understanding users) ; \""Executive summaries were then presented to the other research and technology team members for intervention development\"" (Ideation) ; \""The prototype included one experiential context (school cafeteria) and three social vignettes... Two interactive games...\"" (Prototyping) ; \""Feasibility, acceptability, and credibility of the F3-App prototype were assessed with 32 families... Caregiver postintervention surveys assessed treatment feasibility... Semistructured exit interviews conducted with families assessed acceptability and credibility.\"" (Evaluation) - (Phase 1 Methods/Results & Phase 1B Procedures/Results)""], ""TASKS_elements"": [""\""few installation difficulties (two cases; 6.4%), which were resolved through consultation with VBI.\"" - (Results, Phase 1B Feasibility) - Why it shows a designer barrier: Technical/implementation problems arose that required developer consultation and resolution, indicating a process/technical issue experienced during development."", ""\""Our study samples were primarily NLW and overrepresented higher socioeconomic status... More diverse samples would promote broader inclusion of culturally based FA beliefs and family management practices and is an important consideration prior to dissemination of this intervention.\"" - (Study Limitations) - Why it shows a designer barrier: Reduced participant diversity limited the developers' ability to capture diverse user perspectives and incorporate them into the design (reduced data diversity/participant access constraint affecting design activities).""]}",,Jandasek et al. - 2024 - Friends Family and Food Development of a Food Allergy Intervention F3 App for Children.txt,,"Condition A: satisfied - The paper documents active user involvement (focus groups, advisory panel), explicit iterative refinement across multiple phases/cohorts, and evidence of the full HCD lifecycle (user understanding, ideation with team/advisory input, prototyping, and multiple rounds of evaluation).; Condition B: satisfied - The manuscript reports process/technical issues (installation difficulties requiring developer intervention) and a limitation of reduced participant diversity that constrained inclusion of broader user perspectives, both qualifying as designer-facing constraints.; Final rationale: Both the full HCD cycle and at least one valid designer-facing task/constraint are documented, meeting inclusion criteria.","Friends, Family, and Food: Development of a Food Allergy Intervention, F3-App, for Children"
"Mark Jayes, Rebecca Palmer, Pamela Enderby",Medium,Needs Review,"{""HCD_fullcycle"": [""A1 User Involvement: \""Professionals involved in co-designing the screening tool stated that they wished to be able to use it without undergoing significant training, as this would be impractical in busy healthcare settings.\"" - Limitations and suggestions for further research"", ""A2 Iteration: \""Further development and research need to include consideration of how best to implement efficient training about when and how to use the tool to reliably identify communication needs.\"" - Limitations and suggestions for further research (note: explicit description of repeated refinement cycles in the reported methods/results is not present in these sections)"", ""A3 Lifecycle (Understanding/Ideation/Prototyping/Evaluation): \""This study investigated the screening tool’s usability, reliability and validity.\"" - Discussion (evaluation present). \""Professionals involved in co-designing the screening tool...\"" - Limitations (ideation/user involvement). Prototyping is implied by references to a screening tool used in feasibility testing, and evaluation is explicit in Methods/Results (usability, interrater reliability, criterion validity).""], ""TASKS_elements"": [""\""Although we did not observe professionals using the tool, our documentary analysis suggests that some individuals did not adhere to all of its administration instructions. This may have affected the outcomes they obtained.\"" - Limitations and suggestions for further research - [Shows a process/usage adherence issue experienced by the research team that affected their ability to evaluate the tool]"", ""\""we were unable to counterbalance the order in which patients were tested by professional participants A and B and the first author, due to practical constraints. Furthermore, not all patients were tested within a 48-hour period, which meant that patients’ communication skills may have varied between tests.\"" - Limitations and suggestions for further research - [Shows logistical/practical constraints limiting the designers' ability to perform controlled evaluation]"", ""\""Finally, we were only able to collect validity and reliability data for nine patients. This small sample size is likely to have affected the precision of the statistics calculated.\"" - Limitations and suggestions for further research - [Shows resource/participant access limitations reducing data for psychometric evaluation]"", ""\""Three of the 15 survey respondents reported they felt they did not need to use the screening tool... or because 'the patient didn’t appear to have any communication difficulties'... The first author’s documentary analysis and field notes suggested that other professionals chose not to use the screening tool because they did not identify any communication difficulties when they engaged patients in conversation; for example, one professional reported they did not use the screening tool because the patient was 'able to verbalise'...\"" - Results / Communication screening tool usability - [Shows participant engagement/access issues and implementer judgment limiting data and correct use]""]}",,Jayes et al. - 2021 - Giving voice to people with communication disabilities during mental capacity assessments.txt,,"Condition A: not satisfied - While there is evidence in the Limitations and Discussion that professionals were involved in co-design and the study conducted evaluations (usability, reliability, validity), the Methods/Results/Discussion/Limitations provided here do not include clear, explicit documentation within these sections of repeated refinement cycles (iteration) and all distinct early-stage HCD activities (explicit ideation and prototyping steps) as required by Condition A.; Condition B: satisfied - Multiple documented constraints affected the research/design process: practitioner non-adherence to administration instructions, inability to counterbalance testing order, small sample size (only nine patients with validity/reliability data), and professionals electing not to use the tool for certain patients. These issues limited the designers' ability to evaluate and refine the tool.; Final rationale: The manuscript shows clear user involvement and evaluation activities, and documents several implementation/operational constraints that affected the authors' ability to evaluate the tool (supporting Condition B). However, within the Methods/Results/Discussion/Conclusion/Limitations text provided, explicit evidence of iterative cycles and a clearly reported complete HCD lifecycle (explicit ideation sessions, successive prototype iterations described within these sections) is insufficiently documented to confidently satisfy Condition A. Therefore the record is ambiguous with respect to the full HCD cycle and requires further review (e.g., inspection of Introduction/Appendix or earlier development reporting) to confirm whether iteration and the full lifecycle were performed and reported.",Giving voice to people with communication disabilities during mental capacity assessments
"Brian P. Jenssen, Dean J. Karavite, Shannon Kelleher, Ekaterina Nekrasova, Jeritt G. Thayer, Raj Ratwani, Judy Shea, Emara Nabi-Burza, Jeremy E. Drehmer, Jonathan P. Winickoff, Robert W. Grundmeier, Robert A. Schnoll, Alexander G. Fiks",High,Include,"{""HCD_fullcycle"": [""A1 User Involvement: \""We applied a rigorous HCD process that engaged participants from three cohorts in workflow analysis and a series of iterative formative scenario-based usability testing sessions that captured a range of objective and subjective metrics on CDS system usability, utility, and intent to use.\"" - Methods"", ""A2 Iteration: \""Formative testing of the parent system (the screening questionnaire) was performed over four iterative versions of system prototypes.\"" and \""Formative testing of the clinician system was performed over six iterative versions of system prototypes.\"" - Results"", ""A3 Lifecycle (Understanding/Ideation/Prototyping/Evaluation): \""analysis of the work environment, user involvement in formative design, iterative improvements, and evaluation of the system’s use in context\"" (underlying HCD process) - Methods; \""initial design of the CDS system was based on clinical expertise and research... and the application of HCD methods such as usability heuristics, scenario development, and cognitive walkthrough.\"" - System Design/Methods; \""Functional interactive prototypes of the system’s component intended for use by parents were developed using REDCap...\"" and \""High fidelity, semi-interactive, and scenario-based mockups of the system components used by clinicians were created in a rapid prototyping application (Axure...)\"" - Methods (Prototyping); \""participants completed a system usability, utility, and trust questionnaire based on the Technology Acceptance Model (TAM)\"" and \""Objective data included critical errors... and non-critical errors...\"" - Methods (Evaluation)""], ""TASKS_elements"": [""\""Despite our success in achieving our objectives, the EHR presented many barriers to usability and functionality, primarily due to the inability to account for family relationships.\"" - Discussion - This describes a technical/process barrier in the EHR that constrained designers' ability to implement required family-level functionality (process/technical issue affecting design implementation)."", ""\""Pediatric clinician usability testing was conducted remotely, using web conferencing software, which did not fully support direct interaction with the prototypes. Thus, we did not have recorded error metrics for participant interactions with the system.\"" - Limitations - This limitation affected the designers' ability to collect objective usability data and evaluate interactions (participant access/evaluation constraint impacting design activities).""]}",,Jenssen et al. - 2022 - Electronic Health Record Embedded Behavioral Science Informed System for Smoking Cessation for the P.txt,,"Condition A: satisfied - The manuscript documents active user involvement across three cohorts, explicit repeated iterative refinements (multiple prototype versions), and evidence of the HCD lifecycle including work environment analysis (understanding), scenario development and design reviews (ideation), interactive/high-fidelity prototypes (prototyping), and usability testing with objective/subjective measures (evaluation).; Condition B: satisfied - The study reports concrete designer-facing constraints: EHR technical limitations that prevented implementing family-linked functionality and remote testing that limited collection of recorded error metrics, both of which affected the team's ability to perform design and evaluation activities.; Final rationale: Both Condition A (full HCD cycle) and Condition B (designer-experienced tasks/constraints) are met based on explicit statements in Methods, Results, Discussion, and Limitations, so the paper is included.","Electronic Health Record-Embedded, Behavioral Science-Informed System for Smoking Cessation for the Parents of Pediatric Patients"
,High,Exclude,"{""HCD_fullcycle"": [""A1 User Involvement: \""Wisp Heart will help you keep on top of your medication regimen.\"" - App content; no Methods/Participants or descriptions of co-design, participatory sessions, contextual inquiry or early user shaping of the design are present in the provided text."", ""A2 Iteration: \""Watch the video above to see how you can set-up medication reminders on your phone.\"" - App content; no statements about repeated refinement cycles, multiple rounds of feedback, or iterative redesign are present in the provided text."", ""A3 Lifecycle (Understanding/Ideation/Prototyping/Evaluation): \""How to use Wisp Heart\"" / \""Check out how to add your medications and set reminders\"" - App content; the provided text contains UI and instructional content but no evidence of research phases such as user understanding (interviews/observations), ideation workshops, prototyping process, or evaluations/user testing.""], ""TASKS_elements"": [""No designer-facing constraints described in the provided text - [App content / no Methods or Limitations section] - No statements reporting resource limits, participant access issues, cognitive/emotional strain on designers, skill gaps, or process/technical issues that affected designers' ability to carry out design activities are present.""]}","No reported HCD process: missing evidence of user involvement, iteration, and full lifecycle (Condition A not satisfied); no designer-facing task constraints reported (Condition B not satisfied).",Johnston et al. - 2022 - Human Centered Design of a Digital Health Tool to Promote Effective Self care in Patients With Heart.txt,,"Condition A: not satisfied - The supplied text contains only app UI/instructional content and lacks any Methods/Results/Discussion describing user involvement, iteration cycles, or the full HCD lifecycle (understanding, ideation, prototyping, evaluation).; Condition B: not satisfied - There is no description of difficulties or constraints experienced by designers in the provided text; no designer-facing task elements are reported.; Final rationale: Because the provided text does not report the design process, user involvement, iterative development, or any designer constraints, it fails Condition A and Condition B and must be excluded.",Wisp Heart app content
Johnblack K Kabukye; Rosemary Namagembe; Juliet Nakku; Vincent Kiberu; Marie Sjölinder; Susanne Nilsson; Caroline Wamala-Larsson,High,Include,"{""HCD_fullcycle"": [""A1 User Involvement: \""Stakeholders, including patients, caregivers, mental healthcare providers, and implementation experts (N=65), participated in focus group discussions ... and the consolidated framework for implementation research to derive requirements for the digital solution, which was iteratively co-created with users.\"" - [Abstract; Methods 2.2 Step 1]"", ""A2 Iteration: \""There was overlap and iterations over the steps as per UCD best practice. The team held eight online meetings from December 2021 to March 2022 to iteratively discuss the system features, content (mental health information), and set up considerations.\"" - [Methods 2.3 Step 2 Procedure and Team]"", ""A3 Lifecycle (Understanding/Ideation/Prototyping/Evaluation): \""We conducted semi-structured focus group discussions (FGDs) in which we explored participants’ experience...\"" - [Methods 2.2.2 Data collection]; \""Requirements were specified basing on the understanding of the users’ needs... The development team... held eight online meetings... to iteratively discuss the system features...\"" - [Methods 2.3 Step 2]; \""The messages were then translated to Luganda... The telephone system was implemented using Asterisk... deployed on a simple server...\"" - [Methods 2.4 Step 3 Results]; \""Following deployment, we held a one-day workshop with the PSWs, nurses, and psychiatric clinical officers (n=10) who had participated in the FGDs to test the system... The system went live in August 2021. From August to December 2022, 456 calls... were made to the system.\"" - [Methods 2.5 Step 4 Procedure and Results]""], ""TASKS_elements"": [""\""However, some participant recommendations (e.g., adding video calls options) could not be accommodated due to resource limitations or technical feasibility, and it is not possible to address individualized clinical questions such as prescriptions.\"" - [Abstract; Conclusion] - [Shows resource limitations that constrained design choices and prevented implementing features requested by users]"", ""\""we could not consider all the requirements or recommendations by the participants when designing the system because of resource limitations or contradictions. For example, some participants recommended adding video calling features... Other participants had concerns about continuity of care which indeed is difficult to achieve with the current call center system that lacks electronic medical records or mechanisms to ensure callers are directed to agents they have interacted with before.\"" - [Discussion 3.3 Strengths and limitations] - [Shows technical/process constraints (lack of EMR) and resource/complexity limits that affected designers' ability to implement certain features]"", ""\""A key challenge was callers who required specific and individualized information which the call agents did not have at hand and could not be pre-recorded in the IVR.\"" - [Methods 2.5 Step 4 Results] - [Shows operational/design limitation where user needs exceeded available content/resources, forcing designers to accept constraints in service scope]""]}",,Kabukye et al. - 2024 - Implementing a Hospital Call Center Service for Mental Health in Uganda User Centered Design Approac.txt,,"Condition A: satisfied - The study shows active user involvement via FGDs and co-creation, explicit iterative refinement meetings and workshops, and evidence of all four lifecycle phases (user understanding, requirement/ideation, prototyping/development, and evaluation/pilot with usage data).; Condition B: satisfied - The paper explicitly reports resource limitations, technical feasibility constraints (e.g., inability to add video calling, lack of EMR for continuity), and operational challenges that limited what designers could implement, which are designer-facing barriers.; Final rationale: Both the full HCD cycle (A1,A2,A3) and at least one designer-oriented tasks constraint are clearly documented in Methods/Results/Discussion/Limitations, so the study meets inclusion criteria.",Implementing a Hospital Call Center Service for Mental Health in Uganda: A Qualitative Formative Study
"Chijioke Chikere Kaduru, Geraldine Chinonso Mbagwu, Dumale Koko Aadum, Ganiyat Eshikhena, Godwin Anusa Idim, Uche Francis Ibe, Timiebiere Sabenus, Fofah Gawain Jenson, Edmund Egbe, Neni Aworabhi-Oki, Happiness Masa, Martins Bekesu, Abisoye Sunday Oyeyemi",High,Include,"{""HCD_fullcycle"": [""A1 User Involvement: \""relevant stakeholders including the leadership of the health system, community leaders, health workers and community members were engaged and actively involved in the design and performance of the theaters.\"" - Methods/Abstract"", ""A2 Iteration: \""The HCD approach relied heavily on the collection and use of feedback for iterations of the initial model.\"" and \""This resulted in changes from how the delivery of vaccination messages was originally structured ... expanded to include backdrops ... placards ... changes in locations where theater performances occurred ...\"" - Methods (Our Human-Centered Design)"", ""A3 Lifecycle (Understanding/Ideation/Prototyping/Evaluation): \""FGDs were conducted before the intervention and findings were used to develop storyboards and to design the survey instrument.\"" (Understanding) ; \""The storyboards addressing barriers to immunization uptake in the communities were developed ... The stories were co-created with the community members and the community cast.\"" (Ideation) ; \""The community cast were then trained ... and rehearsed using ad-lib dialogue in line with the storyboard and scenes\"" (Prototyping) ; \""Experiential feedback was collected at the end of each performance ... Pre- and post-training tests ... household survey was conducted pre-intervention, midline ... and endline\"" (Evaluation) - Methods/Data collection/Intervention""], ""TASKS_elements"": [""\""However, with funding constraints we could only implement in one metropolitan LGA.\"" - Settings and study location - Why it shows a designer barrier: explicit resource limitation that altered the planned scope and implementation choices."", ""\""This ensured that our teams were accepted by intervention communities, and this became important following the outbreak of COVID-19 in Nigeria and the resulting hostilities from many communities in the region.\"" - Pre-intervention activities - Why it shows a designer barrier: pandemic-related community hostilities impeded access and required additional advocacy to enable design activities and engagement."", ""\""Sustaining an intervention like this may be a challenge without some incentive for the actors that had to sacrifice their time for training, rehearsals and the actual plays.\"" - Discussion - Why it shows a designer barrier: highlights resource/time constraints affecting feasibility and continuity of the co-creation workforce (actors/champions).""]}",,Kaduru CC - 2023 - Using community theater to improve demand for vaccination services in the Niger Delta Region of Nige.txt,,"Condition A: satisfied - The paper documents active user involvement (co-creation, FGDs, community cast), explicit iterative feedback-driven refinements, and evidence of the four HCD phases (discover/understand via FGDs and surveys; ideation/storyboards co-created; prototyping through rehearsals and iterations; evaluation via experiential feedback, pre/post tests and surveys).; Condition B: satisfied - The authors report concrete designer-facing constraints including funding limitations that altered implementation scope, COVID-related community hostilities that impeded access and required additional mitigation, and concerns about sustainability/incentives for community actors.; Final rationale: Both full HCD cycle criteria and at least one designer-experienced task/constraint are clearly documented in Methods, Results, Discussion and Limitations, meeting inclusion criteria.",Using community theater to improve demand for vaccination services in the Niger Delta Region of Nigeria
Michael A. Kallen; DerShung Yang; Niina Haas,High,Exclude,"{""HCD_fullcycle"": [""A1 User Involvement: \""A user-centered design approach allowed for iterative cycles of needs/usability feedback from providers and patients/caregivers to be incorporated into the development of our prototype’s technical structure and features.\"" - [Abstract/Methods]"", ""A2 Iteration: \""To determine the needs and initial usability of the project's prototype, we interviewed eight providers and 18 patients/caregivers. Another usability test, consisting of patient/caregiver (n=18) and provider (n=9) interviews, assessed the functioning prototype’s design, usability, and usefulness.\"" - [Abstract/Methods/Quantitative evaluations]"", ""A3 Lifecycle (Understanding/Ideation/Prototyping/Evaluation): \""Feedback was solicited from clinicians and care providers to understand their needs... Eight individual interviews were conducted...\"" (Understanding) - [Methods/Physician/nurse interviews]; \""The PRO-based palliative/hospice care model was developed based upon feedback from interviews with physicians/nurses and patients/caregivers\"" (Ideation/model development) - [Results Objective no.1]; \""The prototype software system is designed to improve multiple aspects of palliative care...\"" (Prototyping) - [Prototype section]; \""Providers, patients, and caregivers then viewed assessment results... were asked to complete a general and a task-specific usability questionnaire... The usability evaluation measure employed was the System Usability Scale (SUS).\"" (Evaluation) - [Methods/Quantitative evaluations]""], ""TASKS_elements"": [""\""Barriers to using the prototype were largely related to the way certain aspects or features of the program meshed with real-world clinical scenarios... Concerns were also present, although limited, about the ability to have the necessary computer access for the system to function at its peak usefulness and whether all patients would benefit from its usability.\"" - [Results/Physician/nurse interviews] - This reports clinician/infrastructure concerns and user-context limitations but does not explicitly state designers experienced resource, access, integration, or process constraints during the project that prevented or forced adaptation of design activities."", ""\""Although ClinicStation is an EMR system, its present status requires it to function more as an 'electronic file cabinet'... a significant proportion of 'captured' clinical data cannot be electronically extracted for further processing or analysis. Furthermore, clinical workflow itself can be impeded and become inefficient and prone to error...\"" - [Current practice and its challenges] - Describes systemic EMR limitations motivating the project; however, it does not document designers encountering integration failures or concrete constraints during the project's design iterations."", ""\""Because this was a pilot study with a constrained sample size, the usability evaluation data were analyzed descriptively...\"" - [Methods/Quantitative evaluations] - Notes small sample size as a study constraint but does not indicate this constraint affected designers' ability to carry out design activities (recruitment/iteration prevented) during the development process.""]}",Condition B not satisfied: No clear evidence that designers experienced constraints or barriers during the project that affected their ability to perform design activities.,Kallen et al. - 2012 - A technical solution to improving palliative and hospice care.txt,,"Condition A: satisfied - The paper documents user-centered methods with explicit user involvement, at least two rounds of feedback/usability testing (initial interviews and a subsequent usability test), and evidence of the four lifecycle phases (needs assessment, model development/ideation, prototype construction, and usability evaluation).; Condition B: not satisfied - The manuscript does not present clear evidence that designers experienced project-facing task constraints (e.g., lack of time/funding/personnel, recruitment or access problems that prevented iteration, technical integration problems encountered during development, or designers' cognitive/emotional/skill gaps). Reported issues are primarily clinician or system-context limitations and suggestions, not documented barriers that impeded designers' ability to perform or adapt design activities.; Final rationale: Condition A is met but Condition B is not. Because the review requires both conditions to be satisfied, the paper is excluded.",A technical solution to improving palliative and hospice care
"Rornald Muhumuza Kananura, Catherine Birabwa, Jacquellyn Nambi Ssanyu, Felix Kizito, Alexander Kagaha, Sarah Namutanba, Moses Kyangwa, Othman Kakaire, Peter Waiswa",Medium,Exclude,"{""HCD_fullcycle"": [""A1 User Involvement: \""We propose to use the Human-Centered Design (HCD) approach to understand the needs and challenges of users and community capabilities in ensuring access to VFP services. Co-creating with stakeholders’ engagement and a data-driven-centric approach will steer design and adaptation that respond to the different population segments within the urban space.\"" - Methods / Implementation design"", ""A2 Iteration: \""The project activities have been segmented into three principal phases, as illustrated in Fig 3: Formative Assessment (comprising secondary data analysis, document review, and baseline data collection), Design, Testing, and Implementation, and Evaluation. It is worth noting that a continuous process of monitoring and learning has been seamlessly integrated into each of these phases.\"" - Methods / Implementation design"", ""A3 Lifecycle (Understanding/Ideation/Prototyping/Evaluation): \""The Formative Phase and the ongoing monitoring during the Implementation Phase, corresponds to the 'Discovery'. The Design and Pre-testing Phase align with the 'Ideation', and the Testing and Implementation Phase is synonymous with the 'Prototype'.\"" and \""We shall apply the process monitoring and evaluation approach... guided by the project theory of change... we will apply mixed-method and multimethod approaches to data collection.\"" - Methods / Implementation design & Monitoring and evaluation design""], ""TASKS_elements"": []}",No evidence describing constraints or difficulties experienced by the study designers during the project (no designer-facing TASKS elements identified),Kananura et al. - 2024 - Increasing coverage and uptake of voluntary family planning in Uganda s emerging municipalities and.txt,,"Condition A: satisfied - The protocol describes active user involvement/co-creation, an explicit iterative HCD approach (discovery/ideation/prototype) with monitoring-and-learning cycles, and explicit formative, design/prototyping, and evaluation phases covering understanding, ideation, prototyping, and evaluation.; Condition B: not satisfied - The text does not contain evidence that the study designers actually experienced constraints or difficulties during the project (e.g., resource limits, recruitment problems, access issues) that affected their ability to carry out design activities; references to potential COVID-19 disruption and other contextual risks are anticipatory/contingent rather than descriptions of experienced barriers.; Final rationale: Although Condition A (full HCD cycle) is met from the protocol descriptions, Condition B fails because there is no documented, experienced designer-facing task/constraint in the provided Methods/Results/Discussion/Limits text. Per the review rules, absence of designer-experienced task evidence leads to exclusion.",Increasing coverage and uptake of voluntary family planning in Uganda’s emerging municipalities and secondary cities: An implementation research study protocol
Sukran Karaosmanoglu; Sebastian Rings; Lucie Kruse; Christian Stein; Frank Steinicke,High,Include,"{""HCD_fullcycle"": [""A1 User Involvement: \""To extract the user requirements, our research team conducted semi-structured interviews and contextual inquiry sessions.\"" - [Step 1: Understanding the needs and requirements of people with dementia / Methods]"", ""A2 Iteration: \""we evaluated this VR exergame with five focus group sessions by creating an iterative design circle, which allowed us to improve and adapt the game to the needs of people with dementia.\"" - [Step 4: Evaluation of the VR exergame with focus groups / Methods/Results]"", ""A3 Lifecycle (Understanding/Ideation/Prototyping/Evaluation): \""In Step 1, we interviewed clinical professionals, a physiotherapist, technical experts, and significant others. ... In Step 2, based on the findings, we designed a VR exergame prototype ... In Step 3, the prototype was implemented. In Step 4, we evaluated this VR exergame with five focus group sessions by creating an iterative design circle.\"" - [Step 1/Step 2/Step 3/Step 4 descriptions in Methods]""], ""TASKS_elements"": [""\""it was not always possible to recruit large numbers of participants with dementia, due to their established daily routines (e.g., exercise activities, and doctor appointments).\"" - [6.2 Procedure] - [Why it shows a designer barrier: recruitment/time constraints limited the designers' ability to obtain participants and likely constrained iteration and testing opportunities]"", ""\""we could not complete the planned gameplays in the contextual inquiry due to time constraints of people with dementia and caregivers in daily work.\"" - [7.2 Discussion] - [Why it shows a designer barrier: contextual inquiry activities were curtailed, forcing the design team to adapt planned methods]"", ""\""We were only able to reach participants in the same senior living facility.\"" - [7.4 Limitations] - [Why it shows a designer barrier: limited participant pool/location constrained designers' ability to gather diverse data and may have limited generalizability of design iterations]"", ""\""We had to remove the HMD for a moment to create an association between real and virtual hands for people with dementia in VR.\"" - [3.3 Theme 3: Challenges due to reduced cognitive-physical abilities / Results] - [Why it shows a designer barrier: designers had to change interaction procedures on the spot due to participant difficulties, indicating process/technical adaptation driven by user constraints]""]}",,Karaosmanoglu S. et al. - 2021 - Lessons Learned from a Human Centered Design of an Immersive Exergame for People with Dementia.txt,,"Condition A: satisfied - The paper documents active user/stakeholder involvement (interviews, contextual inquiries, focus groups), explicit iterative refinement across five focus group sessions, and all four HCD phases (understanding, ideation, prototyping, evaluation).; Condition B: satisfied - The manuscript reports multiple designer-facing constraints (participant recruitment/time limitations, limited site access, and on-the-fly methodological adaptations) that affected the team's ability to carry out planned design activities.; Final rationale: The study reports a full HCD cycle with clear user involvement and iterative development of a VR exergame and also describes concrete constraints experienced by the design team during the project; therefore it meets both Condition A and Condition B and should be included.",Lessons Learned from a Human-Centered Design of an Immersive Exergame for People with Dementia
"H BEGUM, M RASHID, H SHAMIMA, F ZOHRA",High,Exclude,"{""HCD_fullcycle"": [""A1 User Involvement: \""A through survey was done in remote areas of Cox’s bazar, refugee camp where out of 52 cases of pelvic organ prolapse, 7 cases found to use vaginal ring pessary for long and out of 7, vaginal cancer developed in 4 cases.\"" - Abstract"", ""A2 Iteration: \""After initial 3 visits she defaulted.\"" - Case 3 (Case presentations) (no description of iterative design or repeated refinement cycles)"", ""A3 Lifecycle (Understanding/Ideation/Prototyping/Evaluation): \""Gynaecologists should always aware of this potential complication while using pessary as alternate treatment of prolapse and during F/U vagina should be thoroughly examined for any ulcer/erosion and infection which should be vigorously treated and biopsy is mandatory for tissue disorder diagnosis.\"" - Discussion (clinical recommendation; no evidence of ideation, prototyping, or structured evaluation as part of a design lifecycle)""], ""TASKS_elements"": []}","Condition A not satisfied: No full HCD cycle (no user involvement in design, no iteration, and no evidence of understanding/ideation/prototyping/evaluation).",Karim A.T.M.R. et al. - 2022 - Developing a group Model of ANC PNC through human centered Design HCD to Improve MNCH of first time.txt,,"Condition A: not satisfied - The paper is a clinical case series/survey with no evidence of user-centered design activities: no users shaping a design (co-design), no explicit iterative design cycles, and no documentation of the four HCD phases (understanding, ideation, prototyping, evaluation).; Condition B: not satisfied - The paper does not report any difficulties or constraints experienced by designers during a design process (no designer-facing resource, access, cognitive, skill, or process barriers are described).; Final rationale: This manuscript reports clinical case presentations and recommendations about pessary use and associated vaginal cancer; it does not describe a human-centered design study or contain the required HCD cycle or designer-task evidence, so it must be excluded.",Vaginal Cancer: Association with long term use of Pessary in Pelvic Organ Prolapse
Kassandra Karpathakis; Gene Libow; Henry W W Potts; Simon Dixon; Felix Greaves; Elizabeth Murray,High,Include,"{""HCD_fullcycle"": [""A1 User Involvement: \""We comprised a multidisciplinary project team including service designers, academics, and public health professionals and used user-centered design methods, such as qualitative research, engagement with end users and stakeholders, and iterative learning.\"" - Methods"", ""A2 Iteration: \""The iterative approach enabled the team to sequentially define the problem, understand user needs, identify opportunity areas, develop concepts, test prototypes, and plan service implementation.\"" - Methods/Results"", ""A3 Lifecycle (Understanding/Ideation/Prototyping/Evaluation): \""Understanding users: semistructured interviews (N=15) identified 26 themes and 82 user needs... Ideation: two co-design workshops produced eight conceptual drawings and descriptions... Prototyping: paper prototyping and wireframes were used to test the Evaluation Service... Evaluation: a proof-of-concept test was run with PHE’s Couch-to-5K app digital team to confirm viability, desirability, and feasibility.\"" - Results/Methods""], ""TASKS_elements"": [""\""PHE’s organizational remit and limited financial and human resources resulted in the underutilization of concepts, with only three of the final seven concepts prioritized for further development by PHE.\"" - Limitations - This indicates resource constraints that limited the project team's ability to fully implement and test all designed concepts (designer-facing resource limitation)."", ""\""Substantial time and input were drawn down from members of the working group and relevant PHE senior leaders to upskill service design project team members... the personnel cost must be recognized.\"" - Limitations - This describes personnel/time burden on the project team, a constraint that affected designers' capacity and required adaptation (resource/time constraint on designers)."", ""\""Although this sparked some cultural tensions... discomfort with the fast pace of the 2-week sprints, divergent expectations on what was considered good enough evidence for justifying a user need or concept, and hesitance to try new methods and work in the open.\"" - Discussion - These statements describe cognitive/emotional and process tensions experienced by the project/design team that affected how they worked and adapted (designer-facing process and emotional strain).""]}",,Karpathakis et al. - 2021 - An Evaluation Service for Digital Public Health Interventions User Centered Design Approach.txt,,"Condition A: satisfied - The paper documents active user involvement (interviews, co-design workshops, iterative engagement), explicit iterative cycles across discovery/alpha/prototyping, and evidence of all four lifecycle phases (understanding, ideation, prototyping, evaluation/proof-of-concept).; Condition B: satisfied - The paper reports designer-facing constraints including limited financial and human resources that limited concept development, significant time/personnel burden to upskill the team, and cultural/process tensions (pace, expectations) affecting designers' work.; Final rationale: The study reports an author-led user-centered/service design process with iterative co-design, prototyping, and a proof-of-concept evaluation, and it explicitly describes multiple designer-oriented constraints that impacted the project's conduct; therefore it meets the full HCD cycle (Condition A) and includes valid designer-facing TASKS evidence (Condition B) and should be included.",An Evaluation Service for Digital Public Health Interventions: User-Centered Design Approach
Jane Katusiime; Niels Pinkwart,High,Exclude,"{""HCD_fullcycle"": [""A1 User Involvement: \""To get user requirements for the application, we conducted a field study in form of semi-structured interviews and focused group discussions with illiterate and semi-illiterate pregnant women and health practitioners in maternal health care from Uganda, and designers/developers of applications for low resource settings.\"" - Methods"", ""A2 Iteration: \""The design of the application follows a user centered iterative process. The application was tested for functionality and usability by the pregnant women.\"" - Abstract / Methods"", ""A3 Lifecycle (Understanding/Ideation/Prototyping/Evaluation): \""To gather user requirements, we conducted a field study in form of semi-structured interviews and focused group discussion (FGD) with 25 illiterate pregnant women, 10 health practitioners... The user requirements were used to design the app which was tested for functionality and usability by 10 pregnant women following an iterative process.\"" - Methods""], ""TASKS_elements"": [""\""To get user requirements for the application, we conducted a field study in form of semi-structured interviews and focused group discussions with ... designers/developers of applications for low resource settings.\"" - Methods - This shows the authors interviewed other designers/developers about their experiences, meeting the meta-study exclusion criterion (analysis/interviews of other design teams).""]}",Meta-study analyzing others' design work,Katusiime and Pinkwart - 2019 - A Mobile App for Illiterate and Semi illiterate Pregnant Women A User Centered Approach.txt,,"Condition A: not evaluated due to immediate exclusion rule (meta-study detected).; Condition B: not evaluated due to immediate exclusion rule (meta-study detected).; Final rationale: The paper includes interviews with designers/developers (other design teams), which triggers the immediate exclusion rule 'Meta-study analyzing others' design work'. Per the decision rules, exclude and stop.",A Mobile App for Illiterate and Semi-illiterate Pregnant Women- A User Centered Approach
