authors,confidence,decision,evidence,exclusion_reason,file_name,reasoning,title
Aanand D. Naik; Lilian N. Dindo; Julia R. Van Liew; Natalie E. Hundt; Lauren Vo; Kizzy Hernandez-Bigos; Jessica Esterson; Mary Geda; Jonathan Rosen; Caroline S. Blaum; Mary E. Tinetti,High,Include,"""HCD_fullcycle"": [""A1 User Involvement: \""The investigators developed the core concepts (ideate) through a synthesis of prior literature and input from advisory panels consisting of 6 patients or caregivers; 7 primary care providers (PCPs); 8 specialty clinicians; 3 payers; 5 health system leaders; 5 patient, caregiver, and clinician organization representatives; 3 health informatics technology experts; and 2 redesign experts. From January 2014 to June 2015, advisory panels convened 39 times to identify modifiable contributors to fragmented, burdensome care and determine core elements for building a feasible, sustainable approach...\"" [Methods - Development of a Values-Based Patient Priorities Identification Process]"", ""A2 Iteration: \""A user-centered design framework (ideate ! prototype ! test !redesign) was adapted to develop the patient priorities identification process... Modifications to the identification process and accompanying manuals were based on input from facilitators’ initial experiences with patients and every-other-week teleconferences with the development team from October 2016 to July 2017.\"" [Methods - Development/Reﬁnement]"", ""A3 Lifecycle (Understanding/Ideation/Prototyping/Evaluation): \""...developed the core concepts (ideate) through a synthesis of prior literature and input from advisory panels...\"" (Understanding/Ideation) [Methods]; \""Facilitators prepared for training by reviewing the facilitator manual. Training began with a face-to-face session in which facilitators practiced the process with a member of the development team and then with a standardized patient. Facilitators then tested the process with 10 patients, during which time they observed each other and gave feedback.\"" (Prototyping) [Methods - Training of Priority Facilitators]; \""We conducted an open, single-arm feasibility assessment of the revised patient priorities identification process from October 1, 2016, to July 31, 2017... Of the 69 eligible patients, 64 (93%) agreed to identify their health priorities; ... All 64 participants completed the process... Total time to complete the 4 steps outlined in Table 1 was 35 to 45 minutes... Qualitative analyses were used to elucidate the characteristics and training needed for the patient priorities facilitators, as well as perceived benefits and challenges of the process.\"" (Evaluation) [Methods/Results - Feasibility Testing/Results]""], ""TASKS_elements"": [""\""Between October 1, 2017, and July 31, 2017, 119 persons were offered patient priorities identification. Of these, 69 were contacted to complete a baseline interview for the patient priorities care project. The remaining 50 individuals had returned to their PCP before we were able to contact them, precluding our ability to obtain their baseline interview.\"" [Methods - Patient Participants] - This shows a participant access/recruitment issue that limited the team's ability to collect baseline data (designer-facing barrier to conducting the study)."", ""\""Facilitators described the process as time intensive but rewarding... 'The first session really allows for rapport building, comfort for the patient ...'\"" [Results - Facilitator Input] - This indicates a resource/time constraint experienced by facilitators (designers) requiring adaptation and streamlining of the process."", ""\""Facilitators recommended having prior experience with motivational interviewing and an understanding of the complexities of patients’ lives and health care...\"" [Results - Facilitator Themes] - This denotes a skill/knowledge gap requirement for facilitators (designer/frontline implementer capability constraint)."", ""\""'It's more now the challenge of what happens between clinicians and patients, because it's very easy [for a facilitator] to upload the note [to the electronic health record]. For the most part, [clinicians are] really receptive to trying it, but I think that they get caught up in how much time it takes. I think that they're pretty good about hearing it, but how they’re able to do it is sometimes tougher.'\"" [Results - Facilitator Themes/Table 4] - This reflects process/coordination constraints and clinician uptake issues that limit the facilitator/development team's ability to achieve intended integration into clinical decision-making."", ""\""The availability of healthcare team members to facilitate the process is an impediment for health systems with fewer resources.\"" [Discussion - Limitations] - This is an explicit resource limitation affecting designers'/implementers' ability to carry out the process in some settings.""]}",,Naik A.D. et al. - 2018 - Development of a Clinically Feasible Process for Identifying Individual Health Priorities.txt,"Condition A: satisfied - The study documents active user involvement via advisory panels and patient advocates (A1), explicit iterative cycles using a user-centered design framework and repeated refinements informed by facilitator feedback (A2), and evidence of the full lifecycle: understanding users (advisory input), ideation (development of core concepts), prototyping (training, standardized patient, pilot testing), and evaluation (open single-arm feasibility testing with 64 participants) (A3).; Condition B: satisfied - Multiple designer-facing constraints are reported: participant access/recruitment barriers that prevented baseline interviews, facilitators reporting the process is time-intensive (resource constraint), need for specific facilitation skills (motivational interviewing), coordination/uptake issues with clinicians, and limited availability of staff to serve as facilitators in resource-poor settings.; Final rationale: Because the paper reports a full HCD cycle with substantive user involvement, iterative refinement, and all four lifecycle phases, and also documents several concrete constraints experienced by facilitators and the development/implementation team that affected design and implementation, it meets both Condition A and Condition B and should be included.",Development of a Clinically Feasible Process for Identifying Individual Health Priorities
"Aanand D Naik, Molly J Horstman, Linda T Li, Michael K Paasche-Orlow, Bryan Campbell, Whitney L Mills, Levi I Herman, Daniel A Anaya, Barbara W Trautner, David H Berger",High,Exclude,"""HCD_fullcycle"": [""A1 User Involvement: \""Patients were recruited for cognitive interviews to determine usability during their first postoperative clinic appointment... Patients were asked to read over and review the warning signs and symptoms at home... Interviews continued until thematic saturation was achieved... Patients further suggested edits to the design, readability, and formatting of certain pages.\"" - Methods/Results"", ""A2 Iteration: \""A multiphase, user-centered design process was used to design and test the discharge warnings prototype... iteratively revise the warning signs and symptoms tool... Subsequent revisions to the content of the discharge warnings, in consultation with our health literacy expert, reduced the required reading level to ≤8th grade... The human factors expert integrated the consensus findings of the heuristics evaluation into a revised version of the discharge warnings lexicon page.\"" - Methods/Results"", ""A3 Lifecycle (Understanding/Ideation/Prototyping/Evaluation): \""A design thinking approach was used to synthesize ! ideate ! prototype and then iteratively revise the warning signs and symptoms tool... Data synthesis moved to concept ideation using a Delphi expert panel... The current study begins from this initial prototype and moves through testing and prototype revisions... a human factors psychologist conducted an initial heuristics review... usability testing demonstrated comprehension of this 3-level lexicon and recognition of appropriate patient actions to take for each level.\"" - Methods/Results/Abstract""], ""TASKS_elements"": []}",No evidence reported of designer-experienced difficulties or constraints affecting the design process,Naik et al. - 2017 - User centered design of discharge warnings tool for colorectal surgery patients.txt,"Condition A: satisfied - The paper documents user involvement (patient cognitive interviews with edits), explicit iterative refinements (health literacy and heuristics-driven revisions), and evidence of ideation, prototyping, and evaluation stages.; Condition B: not satisfied - The manuscript contains no clear statements that designers experienced constraints or difficulties (e.g., recruitment problems, resource limits, access issues, cognitive/emotional strain, skill gaps, or process/technical barriers) that affected the conduct of design activities.; Final rationale: Although the study meets the full HCD cycle criteria (Condition A), it does not provide any evidence of designer-facing task constraints or barriers (Condition B), so it is excluded per the review decision rules.",User-centered design of discharge warnings tool for colorectal surgery patients
Scott D. Nelson; Guilherme Del Fiol; Haley Hanseler; Barbara Insley Crouch; Mollie R. Cummins,High,Include,"""HCD_fullcycle"": [""A1 User Involvement: \""we used rapid prototyping in iterative cycles that included feedback from target users on an interactive prototype of the proposed HIE software.\"" - [Methods]"", ""A2 Iteration: \""we used rapid prototyping in iterative cycles\"" and \""At the end of several more iterations, we conducted a formal scenario-based usability assessment\"" - [Methods / Results]"", ""A3 Lifecycle (Understanding/Ideation/Prototyping/Evaluation): \""Previously, we elicited user requirements for HIE via rigorous user interviews and analysis of PCC call recordings [4].\"" (Understanding) \""Using the list of requirements, we designed low-fidelity sketches by drawing ideas and designs out on paper with iterative refinement by the authors to define dashboard functionality.\"" (Ideation) \""we continued with iterative designs of an interactive high-fidelity prototype using the web-based interactive prototyping software HotGloo\"" (Prototyping) \""we conducted a formal scenario-based usability assessment ... SPIs were asked to think aloud ... Sessions were recorded ... After the session, the SPI filled out an online post-session interview using the System Usability Scale (SUS).\"" (Evaluation) - [Methods / Results]""], ""TASKS_elements"": [""\""Challenges included 1) time and effort to develop the prototypes and case scenarios;\"" - [Summary / 5.2 Challenges] - Why it shows a designer barrier: explicit resource/time burden on the design team that constrained the design process and required effort investment by designers."", ""\""missing needed data elements in the PCC information system.\"" - [Summary / 5.2 Challenges] - Why it shows a designer barrier: lack of required data elements in source systems prevented designers from delivering all proposed functionality and constrained design decisions."", ""\""First, we had a limited sample size of 3 participants in the case-based usability testing.\"" - [5.3 Study limitations] - Why it shows a designer barrier: limited participant feedback reduced designers' ability to gather diverse usability data, constraining iterative refinement."", ""\""the prototype appears to be a final product, which does not show system performance and some of the complex functions may not be feasible in the final product. Required changes from the prototype to the final product could affect usability or user satisfaction\"" - [5.2 Challenges] - Why it shows a designer barrier: mismatch between prototype capabilities and implementable functionality forced designers to account for technical feasibility and potential rework.""]}",,Nelson et al. - 2016 - Software prototyping A case report of refining user requirements for a health information exchange d.txt,"Condition A: satisfied - Clear evidence of active user involvement, explicit iterative refinement cycles, and documented activities covering understanding users, ideation, prototyping, and evaluation.; Condition B: satisfied - Multiple described constraints experienced by the design team (time/effort, missing data elements, limited participant sample, prototype-to-product feasibility) that impacted design activities.; Final rationale: The paper reports a full user-centered HCD cycle (user requirements elicitation, ideation, low- and high-fidelity prototyping, and usability evaluation) and documents concrete designer-facing challenges and constraints that affected the design process; therefore it meets both Condition A and Condition B and should be included.",Software prototyping: A case report of refining user requirements for a health information exchange dashboard
Cassidy; Nelson; Joseph; Gabbard; Dyason; Morats; Runananda; Mehwad,Medium,Include,"""HCD_fullcycle"": [""A1 User Involvement: \""To create $5776 our design team coordinated with an emergency response subject matter expert (SME) ... we then leveraged additional subject matter experts and iteratively prototyped and evaluated these solutions at each step putting human needs before ...\"" - Design / Methods sections"", ""A2 Iteration: \""we then iteratively prototyped and evaluated these solutions at each step\"" - Design / Methods (multiple places describing iterative prototyping and evaluation)"", ""A3 Lifecycle (Understanding/Ideation/Prototyping/Evaluation): \""Our primary SME provided insight ... we leveraged additional subject matter experts ... created wireframes ... and conducted a user evaluation of the triage tag's user interface and usability with HCPs\"" - Methods / Evaluation sections""], ""TASKS_elements"": [""\""since the data contained on each tag cannot currently be aggregated or 'rolled up' to a central server for comparative analyses and summarized data views of the overall response, or provide a physical space to manually denote additional prioritization.\"" - Limitations section - This is a technical/system limitation that constrained the designers' ability to support aggregated views and thus limited design functionality and iteration options."", ""\""our limited primary sample size of only one region\"" - Limitations section - Limited participant sampling constrained the diversity of user input available to the design team, reducing designers' ability to generalize findings and iterate across varied contexts."", ""\""all participants were first-time exposures; only a single session of using the triage tag\"" - Limitations / Methods - Single-session exposure limited longitudinal or repeated-feedback iterations from participants, constraining the designers' ability to observe learning/usage over time and refine the design accordingly.""]}",,Nelson et al. - 2022 - User Centered Design and Evaluation of ARTTS an Augmented Reality Triage Tool Suite for Mass Casualt.txt,"Condition A: satisfied - The paper documents active user/stakeholder involvement via subject matter experts and healthcare participants, explicit iterative prototyping, and evidence of the full lifecycle (user understanding via SMEs and participant studies, ideation/design activities, wireframes/prototypes, and user evaluation).; Condition B: satisfied - The paper reports designer-facing constraints (technical limitation preventing aggregation of tag data), sampling and participant-exposure limitations (single-region, single-session) that affected the design and evaluation process.; Final rationale: The manuscript reports an explicit user-centered, iterative design process covering understanding, ideation, prototyping, and evaluation, and it documents concrete designer-facing constraints that impacted design decisions and evaluation. Therefore it meets both Condition A (full HCD cycle) and Condition B (designer-oriented task elements) and is included.",Triage Tool Suite for Mass Casualty Incidents
Amanda Newton; Alexa Bagnell; Rhonda Rosychuk; Janelle Duguay; Lori Wozney; Anna Huguet; Joanna Henderson; Janet Curran,High,Include,"""HCD_fullcycle"": [""A1 User Involvement: \""In phase 1, the MindClimb app was designed and developed in consultation with youth and CBT-trained clinicians.\"" - Methods: Study Overview / Phase 1"", ""A2 Iteration: \""We used a mixed-method approach in 2 iterative testing cycles to refine the high-fidelity MindClimb prototype.\"" and \""we reviewed the findings from cycle 1 after the session to allow the developer to make necessary modifications to MindClimb prior to cycle 2.\"" - Methods: Phase 2"", ""A3 Lifecycle (Understanding/Ideation/Prototyping/Evaluation): \""App development began with wireframing... The predesign prototype was shared with NYAC members and CBT clinicians during separate 1-hour brainstorming sessions... We transcribed the recorded sessions and thematically analyzed the discussions... and used the themes and verbal ratings to finalize the programming on an iOS version of the MindClimb app that was fully functional (a high-fidelity prototype).\"" plus Phase 2 and Phase 3 evaluations (think-aloud testing, SUS, heuristic evaluation, and in-treatment usability assessment) - Methods: Phase 1, Phase 2, Phase 3""], ""TASKS_elements"": [""\""Feedback on the low-fidelity prototype was collected in June 2016 from 4 adolescents receiving outpatient CBT. We were unable to recruit our intended minimum of 7 participants.\"" - Results: Phase 1 - This documents participant recruitment shortfall that limited designer access to intended user feedback and affected the design-testing sample."", ""\""We were unable to recruit our intended sample size for phase 3 of the project... Recruitment was challenging, as there were not as many CBT groups offered for anxiety during the study period due to a decrease CBT clinician availability.\"" - Limitations / Results: Phase 3 - This describes limited clinician availability and fewer CBT groups that constrained the team's ability to implement and evaluate the app in the planned clinical settings, a resource/participant access barrier experienced by designers."", ""\""The app sometimes takes a long time (~20secs) to move from the splash screen to the home screen on iPhone 5S\"" - Table 3: Heuristic evaluation (Developer comment) - This is a technical/process issue identified by evaluators during development that the design team noted and corrected, showing a process/technical barrier encountered during design refinement.""]}",,Newton A - 2020 - A Mobile Phone Based App for Use During Cognitive Behavioral Therapy for Adolescents With Anxiety Mi.txt,"Condition A: satisfied - The study documents active user involvement (consultations, focus groups, think-aloud sessions, in-treatment use), explicit iterative cycles with modifications between cycles, and evidence of the full HCD lifecycle (understanding users via consultations, ideation/wireframing, prototyping at low- and high-fidelity, and multiple forms of evaluation including SUS, heuristic, and in-treatment usability).; Condition B: satisfied - The paper reports designer-facing constraints, notably inability to recruit intended participant numbers and reduced clinician availability limiting phase 3 implementation, and a technical usability issue (load time) identified and addressed, all of which impacted the designers' ability to conduct planned design and evaluation activities.; Final rationale: Both the full HCD cycle and at least one designer-experienced task/constraint are clearly documented in the Methods, Results, and Limitations, meeting inclusion criteria.",A Mobile Phone–Based App for Use During Cognitive Behavioral Therapy for Adolescents With Anxiety (MindClimb): User-Centered Design and Usability Study
"Khoa A. Nguyen, Himalaya Patel, David A. Haggstrom, Alan J. Zillich, Thomas F. Imperiale, Alissa L. Russ",High,Include,"""HCD_fullcycle"": [""A1 User Involvement: \""In Phase I, we conducted qualitative interviews to assess the information needs of physicians to develop interface design requirements for PGx-CDS for TPMT.\"" + Methods (Study design and setting; Phase I: qualitative interview)"", ""A2 Iteration: \""we used an iterative method to test our prototype because our goals were to develop and rapidly refine a provider-centered PGx-CDS to help providers with their thiopurine prescribing decisions. Specifically, any usability errors identified during testing were used to enhance the design of the PGx-CDS prototype.\"" + Methods (Phase II: prototype development and usability testing)"", ""A3 Lifecycle (Understanding/Ideation/Prototyping/Evaluation): \""Participants were interviewed... Interview transcripts were analyzed... to develop design requirements for a PGx-CDS user interface.\""; \""Data from qualitative interviews and available literature were used to inform the development of an electronic prototype of the PGx-CDS in a mock EHR... We created a list of key features to design a PGx-CDS for TPMT using both collected interview data and human factors principles.\""; \""Axure RP 7... was used to design the mock-up EHR as well as the prototype\""; \""we evaluated both the display and the content of the PGx-CDS prototype via usability testing.\"" + Methods (Phase I and Phase II)""], ""TASKS_elements"": [""\""Finally, we only recruited seven participants for usability evaluation. The small sample size limited the number of usability findings.\"" - Limitations - This shows a designer barrier because the small sample size limited the designers' ability to identify and remedy usability issues and constrained evidence available for iterative redesign."", ""\""First, it is possible that our sample is affected by selection bias since we did not randomly select participants. Providers who were more interested in PGx-CDS may have been more willing to participate in the interview and usability evaluation than those not interested in PGx-CDS. This bias may have contributed to our positive findings for satisfaction with the PGx-CDS.\"" - Limitations - This indicates a constraint experienced by designers because biased participant sampling reduced the diversity and representativeness of feedback used to shape the design.""]}",,Nguyen et al. - 2019 - Utilizing a user centered approach to develop and assess pharmacogenomic clinical decision support f.txt,"Condition A: satisfied - The study documents active user involvement (Phase I interviews informing design), explicit iterative refinement during usability testing, and evidence of all four lifecycle phases (understanding via interviews, ideation/design requirements, prototyping with Axure, and evaluation via usability testing).; Condition B: satisfied - Limitations explicitly report recruitment of only seven usability participants and selection bias, which constrained the number and diversity of usability findings and therefore affected designers' ability to perform comprehensive iterative design activities.; Final rationale: Both the full HCD cycle and at least one designer-experienced constraint are evidenced in the Methods and Limitations, meeting inclusion criteria.",Utilizing a user-centered approach to develop and assess pharmacogenomic clinical decision support for thiopurine methyltransferase
"Thinh Hoang Nguyen, Priscila Pereira Cunha, Annabelle Friedman Rowland, Evan Orenstein, Tricia Lee, Swaminathan Kandaswamy",High,Include,"""HCD_fullcycle"": [""A1 User Involvement: [\""Formative usability testing with the residents provided qualitative data that led to improvements in the build for both the 4-month and 6-month WCC note templates.\"" - Results / Formative Usability Testing]"", ""A2 Iteration: [\""Based on feedback, we iteratively improved design between participants before summative usability testing.\"" - Methods / Formative Usability Testing]"", ""A3 Lifecycle (Understanding/Ideation/Prototyping/Evaluation): [\""We developed an initial prototype of the CDS tool after brainstorming with the CDS team and clinical stakeholders.\"" - Methods / CDS Development; \""This CDS tool was built as a collection of automated prompts within the well-child check (WCC) note... in a test electronic health record (EHR) environment.\"" - Methods / CDS Development; \""We adopted a think aloud protocol and conducted formative usability testing to iteratively redesign our CDS tool...\"" - Methods / Formative Usability Testing; \""Formative and summative usability testing were completed with pediatric residents in a simulated electronic health record (EHR).\"" - Abstract / Methods]""], ""TASKS_elements"": [""[\""Complete adoption was not achieved. This was likely due to differences in provider workflows. Specifically, some providers completed the documentation at the desk away from the family after speaking with the parent, while others completed the documentation while speaking with the family. During summative testing, providers who followed the former workflow did not see the CDS tool in the simulation and therefore did not use it.\"" - Discussion] - [Why it shows a designer barrier: workflow variation prevented the CDS from being seen/used in testing, limiting designers' ability to achieve adoption and forcing design reconsideration (process/implementation constraint experienced by the design team)]"", ""[\""we did not go through the whole visit in simulation. This may have biased conversation about peanut introduction.\"" - Limitations] - [Why it shows a designer barrier: the incomplete simulation limited the designers' ability to fully evaluate the tool in realistic visits, potentially biasing assessment and constraining evaluation activities]""]}",,Nguyen et al. - 2023 - User Centered Design and Evaluation of Clinical Decision Support to Improve Early Peanut Introductio.txt,"Condition A: satisfied - Clear user involvement (formative think-aloud sessions with residents), explicit iterative refinement between participants, and evidence of all lifecycle phases (brainstorming/ideation, prototype build, formative and summative evaluation).; Condition B: satisfied - Designers reported concrete implementation/process barriers (provider workflow differences causing the tool to be missed in testing) and a limitation in the simulation protocol that affected evaluation, both of which affected the design team's ability to perform and assess design activities.; Final rationale: The paper reports a full HCD cycle with active user involvement and iteration, and documents designer-facing constraints that impacted implementation/testing; therefore it meets both Condition A and Condition B and should be included.",User-Centered Design and Evaluation of Clinical Decision Support to Improve Early Peanut Introduction: Formative Study
Jacinda M Nicklas; Jenn A Leiferman; Steven Lockhart; Kristen M Daly; Sheana S Bull; Linda A Barbour,High,Include,"""HCD_fullcycle"": [""A1 User Involvement: \""We conducted three 4-week beta-testing pilots with unique participants. The participants used the Fit After Baby app for 4 weeks, received support from the lifestyle coach, and provided ongoing feedback.\"" - Methods (Pilot Testing)"", ""A2 Iteration: \""We refined the content and delivery of the mHealth Fit After Baby program over three rounds of beta-testing through an iterative design process, and then we developed a final version of the program.\"" - Methods (Iterative Feedback and Design Process) / Results: \""Feedback from each pilot cohort informed changes to the functionality and content of the app, and then a subsequent pilot group participated in the program. We optimized the program in response to feedback through three iterations leading to a final version.\"" - Results"", ""A3 Lifecycle (Understanding/Ideation/Prototyping/Evaluation): \""We developed the mHealth Fit After Baby program using evidence-based strategies... guided by the Integrated Theory of mHealth... and engagement strategies from design-thinking, user-centered design...\"" (Ideation/Design) - Methods (Development); \""We held two in-person group structured interviews lasting 90 min after all three rounds were completed. Participants from each round were included. Group interviews were digitally recorded and transcribed verbatim.\"" (Understanding users) - Methods (Feedback and Iterative Design); \""We conducted three 4-week beta-testing pilots with unique participants...\"" (Prototyping) - Methods (Pilot Testing); \""After each round, we analyzed feedback using content analysis, and changes were made to the mobile app and program before conducting subsequent rounds.\"" (Evaluation leading to redesign) - Methods (Feedback and Iterative Design)""], ""TASKS_elements"": [""\""Although we attempted to conduct 2 in-person focus groups, we had several women who were unable to attend at the last minute and had to convert the 2 focus groups to 2-person group interviews.\"" - Limitations - This shows participant access issues that prevented planned in-person focus groups and reduced designers' ability to collect intended qualitative data."", ""\""The group sizes for the iterations were small, and therefore may not be adequately representative.\"" - Limitations - Small sample sizes limited designers' ability to obtain representative feedback and may have constrained iteration decisions."", ""\""We developed and tested the Fit After Baby app on an iPhone Operating System platform. This affected the demographics and economic status of the recruited participants, which may thereby affect generalizability.\"" - Limitations - Platform choice constrained participant diversity and thus affected designers' ability to gather diverse user input."", ""\""They complained that their steps were not always syncing with the Fit After Baby app.\"" - Results (Tracking and Syncing of Physical Activity) - This is a technical integration issue that impeded functionality and forced designers to change device strategy (transition to wrist Fitbit)."", ""\""In round 2, there was more variable participation, with some women engaging much less in the app.\"" - Results (Demographic, Tracking, and Online Feedback Data) - Variable engagement limited the amount and consistency of feedback available to designers for iteration.""]}",,Nicklas et al. - 2020 - Development and Modification of a Mobile Health Program to Promote Postpartum Weight Loss in Women a.txt,"Condition A: satisfied - The study documents active user involvement in co-design-like beta pilots and group interviews (A1), explicit repeated refinement across three iterative rounds with changes implemented between rounds (A2), and evidence of the full lifecycle: understanding users (group interviews/threaded discussions), ideation/design by multidisciplinary team, prototyping (beta app versions), and evaluation (beta testing and qualitative analysis) (A3).; Condition B: satisfied - The paper reports multiple designer-facing constraints: participant access and attendance problems that altered planned focus groups, small iteration group sizes, platform-driven recruitment limitations, technical syncing/integration problems with Fitbit, and variable participant engagement that limited feedback—each of which constrained designers' ability to carry out or generalize design activities.; Final rationale: Both Condition A (full HCD cycle) and Condition B (designer-experienced tasks/constraints) are clearly supported by methods, results, and limitations; therefore the study meets inclusion criteria.",Development and Modification of a Mobile Health Program to Promote Postpartum Weight Loss in Women at Elevated Risk for Cardiometabolic Disease: Single-Arm Pilot Study
"Annette Cleveland Nielsen, Sergi Rotger-Griful, Anne Marie Kanstrup, Ariane Laplante-Lévesque",High,Include,"""HCD_fullcycle"": [""A1 User Involvement: \""We applied a participatory design approach to facilitate the design of future eHealth solutions via focus groups. We involved older persons with hearing impairment (n = 36), significant others (n = 10), and audiologists (n = 8)\"" - Methods/Abstract"", ""A2 Iteration: \""Through 3 rounds of focus groups, we facilitated a process progressing from insights and visions for requirements (Phase 1), to app such as paper version wireframes (Phase 2), and to digital prototypes envisioning future eHealth solutions (Phase 3).\"" - Abstract/Methods"", ""A3 Lifecycle (Understanding/Ideation/Prototyping/Evaluation): \""Phase 1: ... frame insights and visions for future eHealth-assisted client journeys\""; \""Phase 2: ... Produce design solutions: Sketch ideas from visions; Transform ideas to app like paper wireframes\""; \""Phase 3: ... More mature digital solutions; Mock-up app with appetizers; User interaction and alterations\""; and \""After phase Researchers Evaluate the mock-up app to meet user requirements\"" - Table 1 / Phases 1-3 descriptions (Methods/Phase descriptions)""], ""TASKS_elements"": [""\""Not all PHIs that participated in the first round of focus groups (Phase 1) also participated in the second round (Phase 2). Seven PHIs were excluded because they provided little input during the first round of focus groups, and six PHIs could not participate in the second round because of schedule conflicts. Thus, a total of 13 new PHIs were recruited for this second phase following the same selection criteria as in Phase 1.\"" - Phase 2 Participants - [This indicates participant access and retention issues that required the research team to recruit replacements and affected continuity between iterative rounds]"", ""\""Although including only participants from the first round of focus group would have been an advantage, we prioritized involving innovative PHIs.\"" - Phase 2 Participants - [This indicates a compromise in participant continuity that impacted the designers' ability to keep the same users through iterations]""]}",,Nielsen et al. - 2018 - User Innovated eHealth Solutions for Service Delivery to Older Persons With Hearing Impairment.txt,"Condition A: satisfied - The study reports explicit user involvement (PHIs, SOs, AUDs) in co-design activities, three clearly described iterative rounds, and evidence of all four HCD phases (understanding users, ideation, prototyping, and evaluation).; Condition B: satisfied - The methods report participant access and retention problems (exclusions and schedule conflicts) that required recruitment of replacements and affected continuity across iterations, a constraint experienced by the design team.; Final rationale: The paper documents a full human-centered design cycle with active user co-design across three iterative focus-group phases and reports designer-facing participant-access constraints that affected iteration continuity; therefore it meets both Condition A and Condition B and should be included.",User-Innovated eHealth Solutions for Service Delivery to Older Persons With Hearing Impairment
"Malini A. Nijagal, Devika Patel, Courtney Lyles, Jennifer Liao, Lara Chehab, Schyneida Williams, Amanda Sammann",High,Include,"""HCD_fullcycle"": [""A1 User Involvement: \""In the Inspiration phase we conducted semi-structured interviews with a purposeful sample of stakeholders who had either received or participated in the care of Medicaid-insured pregnant people within our community, with a specific emphasis on representation from marginalized communities.\"" - Methods (Abstract / Inspiration phase)"", ""A1 User Involvement: \""participatory design, or co-design, where healthcare users (patients) are engaged early in the process as partners in idea generation\"" - Methods (Human-centered design)"", ""A2 Iteration: \""prototypes were tested and iterated upon through a series of community events and engagement with a diverse community advisory group.\"" - Abstract / Methods (Ideation phase / Prototyping: community meetings)"", ""A2 Iteration: \""The advisory group and core research team used rating data, as well as written feedback from the community meetings, to identify the prototype features that were liked most and to iterate each design to incorporate important features.\"" - Methods (Ideation phase / Prototyping)"", ""A3 Lifecycle (Understanding/Ideation/Prototyping/Evaluation): \""Understanding: In the Inspiration phase we conducted semi-structured interviews...\""; \""Ideation: In the Ideation phase, we conducted structured brainstorming sessions to generate potential prototypes of solutions\""; \""Prototyping: 162 ideas were produced and translated into eight solution prototypes\""; \""Evaluation: Community scoring and feedback events with 140 stakeholders led to the progressive refinement and selection of three final prototypes\"" - Methods (Inspiration & Ideation phases) and Results (Ideation: results)""], ""TASKS_elements"": [""\""Limitation: decision not to audio record and therefore transcribe the interviews, leading to potential bias and incompleteness in the interview data.\"" - Limitations - [Why it shows a designer barrier: This directly affected the researchers' ability to collect complete, verifiable qualitative data and thus constrained their analysis and design activities.]"", ""\""Our ‘Inspiration’ phase had a modest sample size for qualitative inquiry and our ‘Ideation’ phase included only a few perinatally focused community-based organizations – given the limited number that exist in our city.\"" - Limitations - [Why it shows a designer barrier: Limited participant and partner availability constrained designers' ability to gather diverse input and fully test/iterate prototypes with representative community organizations.]"", ""\""This process required a significant amount of time over the course of 1 year\"" - Discussion - [Why it shows a designer barrier: Time/resource demands on the design team and stakeholders represent a resource constraint that affected the conduct and pacing of design activities and stakeholder engagement.]""]}",,Nijagal et al. - 2021 - Using human centered design to identify opportunities for reducing inequities in perinatal care.txt,"Condition A: satisfied - The study documents active user involvement (co-design, advisory group, interviews), explicit iterative refinement of prototypes across multiple community feedback events, and evidence of the full HCD lifecycle (understanding via interviews, ideation workshops, prototyping, and evaluation via scoring/feedback).; Condition B: satisfied - The paper reports multiple designer-facing constraints that affected the project (no audio recordings affecting data completeness, modest sample size and few CBO partners limiting input, and substantial time required to engage leaders), which are direct barriers experienced by the design team.; Final rationale: The paper meets the inclusion criteria by reporting an HCD process with active user involvement, documented iteration, and evidence of all lifecycle phases, and it also describes concrete constraints encountered by the designers during the project; therefore it should be included.",Using human centered design to identify opportunities for reducing inequities in perinatal care
"Irene MW Niks, PhD; Alwin van Drongelen, PhD; Elsbeth M de Korte, MSc",High,Include,"""HCD_fullcycle"": [""A1 User Involvement: \""...a bottom-up participatory action research (PAR) approach will be used for intervention development and implementation... The participatory group will be led by researchers... The PAR approach ... consists of various sessions for each participating unit, in which employees and a project group (ie, researchers, line managers, HR managers, occupational health experts) provide input on the intervention content and implementation.\"" - [Intervention Development and Implementation / Phase descriptions]"", ""A2 Iteration: \""We will use an iterative design to transform a paper prototype into a working prototype, considering the general intervention requirements that are identified in phase 1.\"" - [Phase 2: Intervention Development]"", ""A3 Lifecycle (Understanding/Ideation/Prototyping/Evaluation): \""First, the researchers will observe the workplace of the participating departmental units and conduct semistructured interviews... Second, the employees ... will be invited to participate in 2 successive so-called user sessions... These ideas will then be rated on desirability by all employees. A voting procedure will be used to reach consensus.\"" (Understanding / Ideation) ; \""The aim of phase 2 is the development of an intervention prototype... The development of the intervention will again take place in consultation with the project group and the target group... We will use an iterative design to transform a paper prototype into a working prototype.\"" (Prototyping) ; \""Intervention effects will be evaluated using pretest and posttest web-based surveys. Digital ecological momentary assessment will be performed... The intervention process and participants’ perception of the interventions will be assessed through a process evaluation.\"" (Evaluation) - [Phase 1, Phase 2, Intervention Evaluation]""], ""TASKS_elements"": [""\""In this project, there are several practical and ethical issues that do not allow for such a design. Most importantly, a precondition set by the participating organization was that their management would select 2 preexisting departmental units for the study and that both units would receive the intervention... Therefore, this study was designed as a quasi-experimental field study with a waiting list control group...\"" - [Quasi-Experimental Field Study] - [Why it shows a designer barrier: This describes an organizational precondition that constrained the researchers' ability to use randomized allocation, forcing adaptation of the study design (designers experienced a restriction on methodological choices)]."", ""\""...this study fully relies on self-reported data. It would be interesting, for instance, to also assess fatigue levels through simple cognitive tests. For reasons of feasibility (ie, extensiveness of current research activities and accompanying time investment from the participants), we did not include such tests in the current design...\"" - [Study Limitations] - [Why it shows a designer barrier: The designers were prevented by feasibility/time burden considerations from including objective cognitive measures, a constraint affecting the design of evaluation methods].""]}",,Niks et al. - 2020 - Promoting Employees Recovery During Shift Work Protocol for a Workplace Intervention Study.txt,"Condition A: satisfied - The protocol documents active user involvement (PAR, user sessions, voting), explicit iterative design cycles (paper to working prototype, iterative consultations), and evidence of all four lifecycle phases (user understanding via observations/interviews, ideation in user sessions, prototyping in Phase 2, and evaluation via web surveys, EMA, and process evaluation).; Condition B: satisfied - The paper describes concrete constraints experienced by the researchers/designers: an organizational precondition preventing randomization that forced a quasi-experimental/waiting-list design, and feasibility/time constraints that prevented inclusion of objective cognitive tests.; Final rationale: The study meets the full HCD cycle criteria (A1-A3) and reports designer-facing constraints that affected study design choices, so it should be included.",Promoting Employees’ Recovery During Shift Work: Protocol for a Workplace Intervention Study
"Nancy Njoki, Meghan Cutherell, Abednego Musau, David Mireri, Alex Nana-Sinkam, Mary Phillips",High,Include,"""HCD_fullcycle"": [""A1 User Involvement: \""the design team engaged 677 adolescent girls, 49 husbands of adolescent girls, 195 mothers of adolescent girls, and 145 community influencers\"" - Methods (Data Collection Methods)"", ""A2 Iteration: \""We tested these prototypes in 2 rounds... In between rounds of testing, the design team synthesized these responses and made small, iterative changes to incorporate feedback\"" - Prototyping"", ""A3 Lifecycle (Understanding/Ideation/Prototyping/Evaluation): \""We began the insight-gathering and synthesis phase...\"" (Understanding) ; \""This process resulted in a final set of 11 sacrificial concepts\"" (Ideation) ; \""We tested these prototypes in 2 rounds\"" (Prototyping) ; \""Client exit interviews were conducted with adolescent girls after their participation in Binti Shupavu (n=95)...\"" and \""In the first year... the intervention reached 60,111 adolescents... 21,698 were new contraceptive users\"" (Evaluation) - Insight Gathering and Synthesis / Prototyping / Live Prototyping / Early Implementation Results""], ""TASKS_elements"": [""\""Due to COVID-19 restrictions, only members of Population Services Kenya participated in program implementation work.\"" - Replication Approach (HCD framework) - This indicates a constraint on the design team's composition and reduced in-person involvement of global/regional staff that affected ability to conduct design activities collaboratively."", ""\""Few of our staff members had experience with design; thus, there was a learning curve to adapt to and implement HCD mindsets and approaches.\"" - Lessons Learned (Value of an HCD Replication Approach) - This is a designer-facing skill/knowledge gap that affected the team's ability to perform HCD work efficiently."", ""\""at 10 months, it was still a significant use of staff time and resources.\"" - Cautions and Considerations (Resource Intensive) - This documents resource limitations experienced by the design team during the project."", ""\""the design team worked hard to minimize the feeling of distance by using online tools and sharing pictures and voice memos, but it was not possible to convey everything. This poses a particular challenge for HCD replication processes... It is difficult to synthesize that data rapidly and identify what intervention components will be the most important\"" - Lessons Learned (HCD as a Vehicle for Localization) - This describes process/coordination constraints experienced by designers that impeded rapid prioritization and transfer of tacit knowledge.""]}",,Njoki et al. - 2023 - Applying Human Centered Design to Replicate an Adolescent Sexual and Reproductive Health Interventio.txt,"Condition A: satisfied - The paper documents active user involvement (large numbers of adolescent girls and influencers engaged, cocreation for branding), explicit iteration (two rounds of prototyping, iterative changes between rounds, live prototyping), and evidence of the full HCD lifecycle (insight gathering, ideation/sacrificial concepts, prototyping, and evaluation via exit interviews and monitoring data).; Condition B: satisfied - Multiple designer-facing constraints are reported, including COVID-driven limits on who could implement prototyping (operational constraint), a learning curve among staff (skill/knowledge gap), significant staff time/resource demands (resource limitation), and challenges synthesizing remote data (process/coordination issue).; Final rationale: The paper reports a complete, iterative HCD process with explicit user co-design and evaluation, and it also documents concrete constraints experienced by the design team during implementation; therefore it meets both Condition A (full HCD cycle) and Condition B (designer-oriented task elements) and should be included.",Applying Human-Centered Design to Replicate an Adolescent Sexual and Reproductive Health Intervention: A Case Study of Binti Shupavu in Kenya
"Ingrid Nota, Constance H. C. Drossaert, Heleen C. Melissant, Erik Taal, Harald E. Vonkeman, Cees J. Haagsma, Mart A. F. J. van de Laar",High,Include,"""HCD_fullcycle"": [""A1 User Involvement: \""Patients and health professionals were iteratively consulted.\"" - Methods (Abstract/Methods overview)"", ""A2 Iteration: \""Based on the results of the usability tests, an iterative draft-review-revise process by the steering group was conducted until the PtDA reached content and format 'saturation' (i.e. all points for improvement were accounted for).\"" - Methods (Redraft and redesign of PtDA / Alpha testing 3)"", ""A3 Lifecycle (Understanding/Ideation/Prototyping/Evaluation): \""In-depth semi-structured face-to-face interviews were conducted ... to assess patients’ needs for functionalities, content and design of the PtDA\"" (Understanding) ; \""rapid prototyping [27] was conducted to assess the usefulness of several potential PtDA features\"" (Ideation) ; \""the PtDA was redesigned and programmed into a working prototype\"" (Prototyping) ; \""A usability study was conducted with the working prototype of the PtDA ... participants were asked to think aloud\"" (Evaluation). - Methods (Design: Needs assessment among patients; Design: rapid prototyping; Working prototype; Alpha testing / Usability test among patients)""], ""TASKS_elements"": [""\""Some wished-for attributes of the PtDA were not realized due to their technical complexity, time and financial limitations, and/or privacy issues (see Appendices 1 and 2).\"" - Methods (Working prototype) - [Shows resource constraints (time, financial), technical complexity and privacy issues that limited designers' ability to implement features]"", ""\""Tailoring the information to the patients individual risk profile proved too time consuming and out of budget. Also, sending the summary of the patient’s notes, preferences, worries and questions directly to the health professional was not implemented because of privacy concerns.\"" - Discussion (Limitations/Working prototype) - [Specifies that time, budget and privacy constraints forced omission of planned features, i.e., direct impact on design decisions]"", ""\""When reviewing the clinical evidence, we discovered there was insufficient evidence on differential efficacy and safety. Therefore, it was difficult to use the available clinical information for detailed comparisons of DMARDs.\"" - Results (Evidence review) - [Shows evidence/data limitation that constrained designers and led them to rely on consensus rather than quantitative probabilities]""]}",,Nota et al. - 2017 - Development of a web based patient decision aid for initiating disease modifying anti rheumatic drug.txt,"Condition A: satisfied - The study documents active, iterative involvement of patients and health professionals (in-depth interviews, group meetings), explicit iterative refinement, and activities covering understanding users, ideation (rapid prototyping), prototyping (working prototype) and evaluation (usability/alpha testing).; Condition B: satisfied - The paper reports multiple designer-facing constraints (time and financial limits, technical complexity, privacy concerns, and insufficient clinical evidence) that prevented planned features and forced adaptations.; Final rationale: Both Condition A (full HCD cycle evidenced) and Condition B (designer-experienced task/constraint evidence) are met based on explicit statements in Methods, Results and Discussion; therefore the paper is included.",Development of a web-based patient decision aid for initiating disease modifying anti-rheumatic drugs using user-centred design methods
"Allen Nsangi, Daniel Semakula, Sarah E. Rosenbaum, Andrew David Oxman, Matt Oxman, Angela Morelli, Astrid Austvoll-Dahlgren, Margaret Kaseje, Michael Mugisha, Anne-Marie Uwitonze, Claire Glenton, Simon Lewin, Atle Fretheim, Nelson Kaulukusi Sewankambo",High,Include,"""HCD_fullcycle"": [""A1 User Involvement: \""we employed a user-centred approach to designing IHC resources which entailed multiple iterative cycles of development (determining content scope, generating ideas, prototyping, testing, analysing and refining) based on continuous close collaboration with teachers and children.\"" - Methods"", ""A2 Iteration: \""We prototyped, piloted, and user-tested resources in four settings ... multiple iterative cycles of development\"" and \""We created three complete versions of the children’s book and teachers’ guide... We created Version 2... We created Version 3... Based on the users’ experiences... we agreed to make the following changes\"" - Abstract / Results"", ""A3 Lifecycle (Understanding/Ideation/Prototyping/Evaluation): \""multiple iterative cycles of development (determining content scope, generating ideas, prototyping, testing, analysing and refining)\"" and descriptions of idea-generation workshops, prototyping workshops, pilot testing in classrooms, structured observations, and user-test interviews (e.g., \""We piloted early prototypes in workshops with teachers and children and through school visits... We used a structured form to record observations... We also carried out user-test interviews with individual children and teachers\"") - Methods / Results""], ""TASKS_elements"": [""\""Limitations: Time constraints in trying to synchronise the design schedule with the already busy school schedule\"" - Article summary (Limitations) - [Why it shows a designer barrier: explicitly reports a time constraint that affected the design schedule and ability to coordinate iterations with schools]"", ""\""The main challenges we identified included: the need to teach the teachers; developing resources that would work in schools without digital equipment and where languages other than English were spoken; finding time in the curriculum, and gaining buy-in from stakeholders (including teachers, parents, and policymakers).\"" - Results (Idea generation workshop) - [Why it shows a designer barrier: describes resource/skill constraints (teachers needed training), lack of equipment, language barriers, and curricular/time limits that forced design adaptations]"", ""\""We also still had not solved the problem of how to transfer our presentation role to a teacher who was unfamiliar with the concepts without relying on electronic equipment like PowerPoint or video.\"" - Results (Pilot testing/games) - [Why it shows a designer barrier: process/technical issue and skill-gap requiring the researchers to address transfer of delivery to teachers]"", ""\""For pilot testing, we recruited schools that were geographically accessible to our team, taught in English, and were willing to make time.\"" - Methods (Participants and setting) - [Why it shows a designer barrier: recruitment constrained by accessibility and willingness to make time, limiting sampling and affecting who designers could engage with]"", ""\""The most important problem that we identified was insufficient time to teach all the content included in Version 2. Based on the users’ experiences... we agreed to make the following changes... reduce the number of concepts included from 24 to 12 and we doubled the amount of time for each lesson.\"" - Results (Prototyping and pilot testing) - [Why it shows a designer barrier: school timetable/time-on-task constraints forced major redesign and scope reduction]""]}",,Nsangi et al. - 2020 - Development of the informed health choices resources in four countries to teach primary school child.txt,"Condition A: satisfied - The paper documents active involvement of teachers and children in co-design, multiple explicit iterative cycles, and evidence of understanding users, ideation, prototyping, and evaluation (pilot tests and user-test interviews).; Condition B: satisfied - The paper reports multiple designer-facing constraints (time/scheduling constraints, need to train teachers, lack of digital equipment and language barriers, recruitment limited to accessible/willing schools, and transfer-of-delivery challenges) that affected design choices and iteration.; Final rationale: The study reports a full user-centred HCD process with clear user involvement, iteration, and all four lifecycle phases, and it documents concrete constraints experienced by the design team that influenced the design process; therefore it meets both Condition A and Condition B and should be included.",Development of the informed health choices resources in four countries to teach primary school children to assess claims about treatment effects: a qualitative study employing a user-centred approach
Indra Febrio Nugroho; Fitra Arifiansyah,High,Exclude,"""HCD_fullcycle"": [""A1 User Involvement: The user requirements of interaction design of ITB mental health services are gathered through research by questionnaires and interviews. - Abstract / Planning Design Process"", ""A2 Iteration: Design evaluation is done in two iterations for each completion of the high-fidelity prototype. - Design Evaluation (V)"", ""A3 Lifecycle (Understanding/Ideation/Prototyping/Evaluation): Understanding: research is carried out using two methods, namely questionnaires and interviews to determine the characteristics of mental health service applications users. Ideation: The features of the proposed design interaction of mental health services can be seen on Table IV and a newly proposed user flow is presented. Prototyping: The design solution will be implemented in two level of prototypes, they are low-fidelity prototype and high-fidelity prototype. Evaluation: Usability tests are carried out on five participants with completion rate, SEQ, SUS, and IMI metrics. - Planning Design Process / Specifying User Requirements / Design Implementation / Design Evaluation""], ""TASKS_elements"": []}",No evidence of designer-facing tasks/constraints experienced during the project (Condition B not satisfied),Nugroho I.F. et al. - 2022 - Designing Interaction of Institut Teknologi Bandung Mental Health Services.txt,"Condition A: satisfied - The paper reports user involvement via questionnaires and interviews, explicit iterative evaluation (two iterations), and evidence of all four lifecycle phases (user research/understanding, specification of features and user flow as ideation, low- and high-fidelity prototyping, and usability evaluation).; Condition B: not satisfied - The manuscript contains no explicit statements describing difficulties, constraints, or barriers experienced by the designers (no mentions of limited resources affecting design, recruitment/access problems that forced adaptations, cognitive/skill gaps of designers, or process/technical issues that impeded design activities).; Final rationale: Although the study fulfills the full HCD cycle (Condition A), it fails Condition B because there is no documented evidence that designers encountered and adapted to project-specific constraints or barriers. Per decision rules, both conditions must be met for inclusion.",Designing Interaction of Institut Teknologi Bandung Mental Health Services
"Daniel T. Nystrom, Hardeep Singh, Jessica Baldwin, Dean F. Sittig, Traber D. Giardina",High,Include,"""HCD_fullcycle"": [""A1 User Involvement: \""Between each testing session, each version of the test result interface underwent considerable changes based on feedback provided by participants in previous usability testing sessions and prior results of the evaluation phase.\"" - [Design Process / Results]"", ""A2 Iteration: \""Findings from our evaluation resulted in 6 design iterations of the interface.\"" - [Abstract / Results]"", ""A3 Lifecycle (Understanding/Ideation/Prototyping/Evaluation): \""we used findings from previous research eliciting patient information needs for understanding their laboratory test results to inform the design of a prototype laboratory test result review interface\""; \""After collecting patient information needs and requirements from previous literature, we used Axure® prototyping software to generate an html version of the prototype test result interface.\""; \""we used multiple evaluation methods, including focus group review sessions, expert consultation, and user testing, to make iterative design changes.\"" - [Objectives / System Design / Iterative Prototype Refinement and Evaluation]""], ""TASKS_elements"": [""\""Aside from a low sample size, the main limitation of the user testing portion of our evaluation is the lack of a homologous 'stimuli' to test with participants. In the current study, we chose to implement a semi-structured design process that refrained from using a strict schedule to determine when to begin testing and making interface improvements during the design of the interface. This methodology increased the speed at which the interface could be produced at the cost of rigorous experimental design.\"" - [Limitations] - [Shows a process constraint that reduced experimental rigor and affected the designers' ability to conduct structured, comparable testing/iteration]"", ""\""An additional limitation that may affect the generalizability of the results of this study is the large percentage (71 percent) of patients who had history of working in health care prior to participating in this study.\"" - [Limitations] - [Shows a participant-sampling constraint that limited data diversity and the designers' ability to obtain representative user feedback]""]}",,Nystrom DT - 2018 - Methods for Patient Centered Interface Design of Test Result Display in Online Portals.txt,"Condition A: satisfied - Users actively shaped the design through usability testing feedback that produced multiple explicit iterations, and the study documents ideation, prototyping (Axure HTML prototypes), and evaluation (focus groups, expert consultation, user testing, SUS, questionnaires). Understanding users was operationalized via requirement-elicitation studies from the literature which informed the initial design and are explicitly cited.; Condition B: satisfied - The authors report designer-facing constraints in the Limitations (low sample size; lack of homogeneous stimuli and a semi-structured testing schedule) and a participant composition bias (71% healthcare background) that limited data diversity, all of which affected the designers' ability to perform rigorous, generalizable design evaluation.; Final rationale: The paper documents a user-involved, iterative, full HCD cycle (understanding via requirement elicitation, ideation, prototyping, and evaluation) and reports concrete designer-facing process and sampling constraints affecting the design/evaluation activities; therefore it meets both Condition A and Condition B and is included.",Methods for Patient-Centered Interface Design of Test Result Display in Online Portals
"Muthoni Ogola, John Wainaina, Naomi Muinga, Wairimu Kimani, Maureen Muriithi, Jalemba Aluvaala, Mike English, Grace Irimu",High,Include,"""HCD_fullcycle"": [""A1 User Involvement: \""the prototype audit tool was taken through several cycles of reviewing with users on real cases in a high volume newborn unit and refining it based on their feedback\"" - Abstract/Methods"", ""A2 Iteration: \""The tool went through 15 revisions during the study period until we reached a point of saturation on the feedback from the end users during each audit cycle.\"" - Phase one / Methods"", ""A3 Lifecycle (Understanding/Ideation/Prototyping/Evaluation): \""A three-step Human Centred Design approach was used that began by (1) understanding the context, the users and the available audit tools through literature, focus group discussions and a consensus meeting that was used to develop a prototype audit tool and its implementation guide, (2) the prototype audit tool was taken through several cycles of reviewing with users on real cases in a high volume newborn unit and refining it based on their feedback, and (3) the final prototype tool and the implementation guide were then tested in two high volume newborn units to determine their usability.\"" - Abstract/Methods""], ""TASKS_elements"": [""\""The use of real cases however led to several interruptions in the design process due to several HCW strikes and restrictions on meetings due to the COVID-19 pandemic.\"" - Discussion - This shows participant access issues and external disruptions that interrupted designers' iterative process and forced adaptation."", ""\""Another limitation was the inability to include more than two hospitals in the testing phase. The intention was to include as many hospitals as possible, however, this was disrupted by the COVID-19 pandemic and a nationwide strike that involved most of the hospitals except for the two that were included.\"" - Limitations - This documents a constraint that prevented designers from conducting planned wider usability testing, limiting evaluation and generalizability."", ""\""there were however a few participants who were not proficient in using the Zoom platform and were allowed to unmute and give their verbal consent.\"" - Methods/Ethics - This indicates skill/access limitations among participants that required the researchers/designers to modify consent procedures and engagement approach.""]}",,Ogola M - 2023 - Development of a small and sick newborn clinical audit tool and its implementation guide using a hum.txt,"Condition A: satisfied - Clear evidence of active user involvement (FGDs, cognitive walkthroughs, consensus workshop, user personas), explicit multiple iterations (15 revisions, several cycles), and a complete lifecycle (context understanding, ideation/prototype creation, prototyping, and usability evaluation in hospitals).; Condition B: satisfied - The team reported concrete designer-facing constraints (HCW strikes, COVID-19 restrictions, inability to include more hospitals, participant Zoom proficiency issues) that impeded iteration and testing.; Final rationale: The study reports an HCD process with active user participation, repeated iterative refinements, and full lifecycle activities plus documented barriers that affected the designers' ability to perform planned activities; therefore it meets both Condition A and Condition B and is included.",Development of a small and sick newborn clinical audit tool and its implementation guide using a human-centred design approach newborn clinical audit process and design
"Steinunn A. Olafsdottir, Helga Jonsdottir, Charlotte Magnusson, Héctor Caltenco, Mikko Kytö, Laura Maye, David McGookin, Ingibjörg Bjartmarz, Solveig Asa Arnadottir, Ingibjörg Hjaltadottir, Thora B. Hafsteinsdottir",High,Include,"""HCD_fullcycle"": [""A1 User Involvement: \""We involved stroke survivors with a mild to moderate level of physical disability (Modified Rankin Scale 2–4), informal caregivers, rehabilitation professionals and other stakeholders in the whole development process to gain their feedback on the development.\"" - Methods: Step 2 Initial user study and iterative tests"", ""A2 Iteration: \""small technical tests were performed iteratively in Sweden and Finland... iterative tests were performed in Sweden and Finland to test the design and technical systems of the prototypes... workshops were also held for stroke survivors, caregivers and rehabilitation professionals during the development process, where different prototypes were presented to solicit feedback and input on usability.\"" - Methods: Human-centred design and co-design / Step 2"", ""A3 Lifecycle (Understanding/Ideation/Prototyping/Evaluation): \""A three-step procedure was used for the development of ActivABLES which included: (1) identifying the evidence and outcomes... (2) implementation of an initial user study and iterative tests which included qualitative individual and focus group interviews with stroke survivors, caregivers and professionals, and (3) preliminary testing where each prototype was tested in the home of seven stroke survivors for a few hours.\"" - Methods: Overview of development process""], ""TASKS_elements"": [""\""The main limitations of this study include technical problems, which are inherent when using experimental prototypes that are primitive and fragile and need to be delicately handled. In the development process, the technicians were involved at all times so they could solve the emerging problems.\"" - Discussion/Limitations - Why it shows a designer barrier: Technical problems with fragile prototypes required ongoing technician involvement and constrained development and testing activities."", ""\""Due to lack of time, it was not possible to develop these possibilities further prior to the feasibility study. Therefore, the exercises were repetitive movements...\"" - Methods/Table 2 (Preliminary testing notes for ActivBALL and ActivSTICKS) - Why it shows a designer barrier: Explicit resource/time limitation that prevented planned further feature development and iteration."", ""\""Further development of the glove turned out to be quite complex and needed extensive expertise. Therefore, it was decided not to develop it further at this point.\"" - Methods/Table 3 (ActivGLOVE exclusion) - Why it shows a designer barrier: Skill/knowledge gap and technical complexity constrained designers from continuing development of that prototype.""]}",,Olafsdottir et al. - 2020 - Developing ActivABLES for community dwelling stroke survivors using the Medical Research Council fra.txt,"Condition A: satisfied - The paper documents active involvement of future users (co-design, interviews, workshops), explicit iterative testing and refinement, and the three-step process demonstrates understanding (user studies), ideation (workshops and concept generation), prototyping (eight prototypes) and evaluation (preliminary home testing with observations and interviews).; Condition B: satisfied - The paper reports multiple designer-facing constraints: technical problems with prototypes requiring technician intervention, lack of time preventing further development of planned features, and technical complexity/need for expertise that halted development of a prototype.; Final rationale: The study meets the full HCD cycle requirements (A1-A3) and provides explicit evidence of designer-experienced constraints (resource/time limits, technical problems, skill gaps). Therefore it should be included.",Developing ActivABLES for community-dwelling stroke survivors using the Medical Research Council framework for complex interventions
"Eliza Oliveira, Daniel Carvalho, Fernando Ramos, Luís Pedro, Maria João Antunes, Margarida Almeida, Oksana Tymoshchuk",Medium,Needs Review,"""HCD_fullcycle"": [""A1 User Involvement: \""the introductory phase of the project included the identification of the users’ needs and comprised a systematic literature review and interview with local agent and regional initiatives (Silva et al., 2019, 2020; Tymoshchuk et al., 2019a, 2019b).\"" - Methods/Conceptual Stage"", ""A2 Iteration: \""The user evaluation process of the CeNTER Project relies on a spiral model of iterative design, including early testing of the low-fidelity mock-ups with team members, medium-fidelity prototype evaluation by experts, and tests with end-users.\"" - Evaluation Methods"", ""A3 Lifecycle (Understanding/Ideation/Prototyping/Evaluation): \""(i) observation of the user to try to understand their interests, motives and real needs... (ii) devise different solutions, such as conceptual models... (iii) create interactive prototypes; (iv) test and evaluate the prototypes (Norman, 2013).\"" plus descriptions of \""Conceptual Stage\"" (brainstorming, user flow, paper sketches), \""Component Stage\"" (wireframes), and \""Interactive Stage\"" (medium fidelity prototype using Principle) and expert evaluations - Digital Prototype Development Methodologies / Conceptual/Component/Interactive Stages / Evaluation Methods""], ""TASKS_elements"": [""\""Only the experts of the ICT area were able to explore the drag and drop interaction without any clue from the CeNTER team.\"" - Experts’ Assessment Results - [Why it shows a designer barrier: indicates the interaction paradigm was not discoverable by some evaluators, forcing the design team to consider alternative interaction models and naming conventions, i.e., an adaptation in design choices due to evaluators' inability to use the prototype]"", ""\""Prototyping errors correspond to inconsistencies in the use of the prototype and the user interface, such as different icons representing the same function, or lack of an icon that should be available by default (e.g., the absence of the return icon on some screens, with consequent impossibility to perform this action); screens with too much information and interactions that conveyed a sense of lack of control of the prototype contents.\"" - Observation and Think-Aloud - [Why it shows a designer barrier: these prototyping errors prevented intended interactions and required the design team to allocate effort to fix core navigation/usability issues]"", ""\""The validation of the CeNTER prototype is not near to be done, however. Future work includes performing laboratory tests with end-users. But before further tests are made, the final experts’ suggestions for improvements need to be considered.\"" - The Future of the Center Prototype Application - [Why it shows a designer barrier: indicates current limits in validation/testing scope that delay further user testing and iteration, constraining the designers' ability to complete the design-evaluation cycle]""]}",,Oliveira E. et al. - 2023 - Prototyping a Digital Platform to Promote Hyper mediation Practices in the Territory.txt,"Condition A: satisfied - The paper documents user-need identification via interviews, explicit ideation (brainstorming, user flows), multiple prototyping stages (sketches, wireframes, medium-fidelity interactive prototype) and evaluation (heuristic expert panels and think-aloud), and describes an iterative spiral model.; Condition B: ambiguous / not clearly satisfied - The manuscript reports several prototyping errors and that certain interactions were not discoverable by non-technical evaluators, which imply design adaptations; however it does not clearly state constraints experienced by the designers themselves in terms of resources, participant access, staffing, or explicit process/technical barriers that prevented planned design activities. The available statements could be interpreted as designer-facing constraints but are not explicitly framed as difficulties experienced by the design team.; Final rationale: Condition A (full HCD cycle) is well evidenced in the Methods and Results. Evidence for Condition B (explicit designer-experienced tasks/constraints) is present but ambiguous and not explicit according to the decision rules; therefore this record requires further review (e.g., check full paper or other sections for explicit statements about designer constraints such as recruitment issues, time/funding limits, or coordination problems) before a final inclusion/exclusion decision can be made.",Prototyping a Digital Platform to Promote (Hyper)mediation Practices in the Territory
"Uchechukwu Solomon Onyeabor, Wilfred Okwudili Okenwa, Okechukwu Onwuasoigwe, Omolade Ayoola Lasebikan, Thorsten Schaaf, Niels Pinkwart, Felix Balzer",High,Include,"""HCD_fullcycle"": [""A1 User Involvement: \""This research employed an agile and human-centred design thinking philosophy, which saw the researchers iteratively collaborate with clinicians across the system development value chain.\"" - Methods (Research design / Abstract)"", ""A2 Iteration: \""The three senior orthopaedic surgeons provided the specifications for the remote patient monitoring and engagement module or portal. They also iteratively evaluated the improved prototypes until the final module was ready.\"" - Methods (Research design)"", ""A3 Lifecycle (Understanding/Ideation/Prototyping/Evaluation): \""the researchers employed interviews and observations of existing healthcare protocols and workflow\"" (Understanding) ; \""Figure 1 represents the patient... use cases captured several potential functionalities\"" and \""Figure 4 shows a wireframe of the Patient Portal\"" (Ideation/Prototyping) ; \""After the system’s testing and implementation, it was evaluated for usability by a 20-patient sample... through a survey based on the system usability scale (SUS).\"" (Evaluation) - Methods, System interaction/Interface sections, Results""], ""TASKS_elements"": [""\""Another limitation was the inability to include real patients in the evaluation of the WB-RPMS Patient Portal. This was due to the fact that the patients who presented themselves for outpatient clinics at these teaching hospitals were often visibly dealing with precarious health challenges, and it would appear insensitive to want to subject them to evaluation of a digital healthcare system.\"" - Limitations - [Counts as participant access issue that prevented direct user evaluation; forced designers to use patient representatives rather than real patients]"", ""\""The choice of patient representatives was because it was not always easy to get the attention and consent of real patients to review and evaluate new digital healthcare systems... they randomly selected a 20-patient sample from young university graduates...\"" - Methods (Research design) - [Shows recruitment/participant access constraint that affected evaluation approach]""]}",,Onyeabor et al. - 2024 - Telemedicine in the age of the pandemics The prospects of web based remote patient monitoring system.txt,"Condition A: satisfied - clear evidence of user/stakeholder involvement (clinicians participated and shaped design), explicit iterative refinement, and documented activities corresponding to understanding users (interviews/observations), ideation (use cases/wireframes), prototyping (prototypes, architecture, wireframes) and evaluation (SUS usability test).; Condition B: satisfied - authors report participant access constraints and inability to include real patients which affected their ability to perform user evaluation, forcing use of patient representatives; this is a designer-facing barrier (participant access/resource limitation).; Final rationale: The paper reports a full HCD cycle with iterative clinician involvement and prototype evaluation, and documents at least one designer-facing constraint (inability to recruit/evaluate real patients) that affected design/evaluation activities, meeting both Condition A and Condition B for inclusion.",Telemedicine in the age of the pandemics: The prospects of web-based remote patient monitoring systems for orthopaedic ambulatory care management in the developing economies
"Oladapo Oyebode, Mona Alhasani, Dinesh Mulchandani, Tolulope Olagunju, Rita Orji",High,Exclude,"""HCD_fullcycle"": [""A1 User Involvement: \""To understand our target audience, we conducted two focus group sessions. This allowed us to gather broad and diverse perspectives from participants with respect to their sleep habits such as sleep duration, bedtime, wakeup time, sleep disturbance and contributing factors, etc.\"" - III. METHOD, Study 1: Focus Group"", ""A2 Iteration: \""we employed the user-centered design approach in five stages. ... Second, we design low-fidelity prototypes (LFP) ... Third, we conduct a user study to assess perceived persuasiveness ... Fourth, we design high-fidelity prototypes (HFP) ... Finally, we conduct a usability evaluation of the high-fidelity prototypes (HFP) and then refine the HFP based on qualitative feedback after thematic analysis.\"" - Abstract / III. METHOD (overall description of stages) and III.C Study 3: High-Fidelity Prototypes and Evaluation (refinement)"", ""A3 Lifecycle (Understanding/Ideation/Prototyping/Evaluation): \""To achieve our goal, we employ a user-centered design approach that involves conducting focus group (FG) sessions to elicit user preferences, followed by low-fidelity prototype design and evaluation, and then high-fidelity prototype design and evaluation.\"" - III. METHOD""], ""TASKS_elements"": []}","Condition B not satisfied - no reported designer-facing difficulties or constraints (e.g., resource limits, participant access issues, skill gaps, or process barriers) in Methods/Results/Discussion/Conclusion/Limitations.",Oyebode O. et al. - 2021 - SleepFit A Persuasive Mobile App for Improving Sleep Habits in Young Adults.txt,"Condition A: satisfied - The paper documents active user involvement (focus groups informing features), explicit iteration (LFP → evaluation → HFP → usability evaluation → refinement), and a complete lifecycle (user understanding via FGs, ideation/design of prototypes, prototyping at low and high fidelity, and evaluation of both LFP and HFP).; Condition B: not satisfied - There is no text in Methods, Results, Discussion, Conclusion, or Limitations describing difficulties or constraints experienced by the designers (no evidence of resource limits, participant access issues that hindered design, designer cognitive/skill gaps, or process/technical barriers that forced adaptation).; Final rationale: Although the study meets the full HCD cycle criteria, it does not provide any designer-facing task/constraint evidence required by Condition B, so per the decision rules the paper must be excluded.",SleepFit: A Persuasive Mobile App for Improving Sleep Habits in Young Adults
"Donatella Panatto, Alexander Domnich, Roberto Gasparini, Paolo Bonanni, Giancarlo Icardi, Daniela Amicizia, Lucia Arata, Nicola Luigi Bragazzi, Alessio Signori, Paolo Landa, Angela Bechini & Sara Boccalini",High,Include,"""HCD_fullcycle"": [""A1 User Involvement: \""Its content, layout and usability were discussed and formally tested during several workshops that involved the principal stakeholders, including experts in IPD and information technology and potential end-users.\"" - Methods/Development"", ""A2 Iteration: \""Following several workshops, it was decided that, in order to make the app more interactive, its core should be a personal 'checker'...\"" and \""Consecutive reviews allowed us to identify and address several criticalities of the app prototype... Once the above criticalities had been addressed, the second prototype was formally tested by both experts and potential end-users (N = 8, age 25–48 years).\"" - Methods/Development"", ""A3 Lifecycle (Understanding/Ideation/Prototyping/Evaluation): \""The need for an evidence-based online resource on IPD was evaluated...\"" (understanding need) ; \""its design, content and target group were conceptualized and established; pilot versions were created\"" (ideation) ; \""an app prototype was created... the second prototype was formally tested\"" (prototyping) ; \""This underwent both expert- and user-based evaluation of its usability... Technical effectiveness and relative efficiency were judged acceptable...\"" (evaluation) - Methods/Results""], ""TASKS_elements"": [""\""Possible combinations of single risk factors were not considered, owing to the lack of data.\"" - Methods/Design - Why it shows a designer barrier: explicitly states a lack of data prevented the designers from implementing combined-risk calculations, a constraint that limited design choices."", ""\""Preliminary linguistic analysis of the checker raised several concerns and revealed a suboptimal readability level; several language modifications were therefore made in order to facilitate comprehension.\"" - Methods/Content development - Why it shows a designer barrier: indicates designers encountered readability/communication problems that required reworking the content, a design challenge they had to address."", ""\""since in our usability study only few participants, which cannot be considered representative of the target population, were involved, 'Pneumo Rischio' will be tested for both usability and perceived usefulness in a larger sample of users.\"" - Discussion/Limitations - Why it shows a designer barrier: acknowledges the small usability sample limited their ability to evaluate the design with representative users, constraining the design evaluation process.""]}",,Panatto et al. - 2016 - Development and preliminary data on the use of a mobile app specifically designed to increase commun.txt,"Condition A: satisfied - The paper documents active user/stakeholder involvement in workshops and user-based testing (A1), explicit iterative refinement with multiple prototypes and reviews (A2), and evidence of all lifecycle phases: need assessment/understanding, ideation, prototyping (multiple prototypes), and evaluation (usability testing and analytics) (A3).; Condition B: satisfied - The authors report designer-facing constraints including lack of data preventing combined-risk modeling, readability issues requiring repeated content revisions, and a limited usability sample that constrained evaluation—each representing barriers experienced by the design team.; Final rationale: The study reports a complete user-centered, iterative design process with prototyping and evaluation, and it documents concrete constraints that affected the designers' work; therefore it meets both Condition A and Condition B and is included.",Development and preliminary data on the use of a mobile app specifically designed to increase community awareness of invasive pneumococcal disease and its prevention
"DP, AKi, PT, JG",High,Exclude,"""HCD_fullcycle"": [""A1 User Involvement: \""The insights and themes found during interviews and feedback sessions were used to refine future prototypes.\"" - Domain 3: Reporting (item 30)"", ""A2 Iteration: \""...feedback sessions were used to refine future prototypes.\"" - Domain 3: Reporting (item 30)"", ""A3 Lifecycle (Understanding/Ideation/Prototyping/Evaluation): \""quotations were used to illustrate themes for the inspiration phase and quotes were identified.\"" and \""The insights and themes found during interviews and feedback sessions were used to refine future prototypes.\"" - Domain 3: Reporting (items 29, 30)""], ""TASKS_elements"": []}",Missing evidence of complete HCD lifecycle (no explicit ideation phase) and no evidence of designer-experienced task constraints,Patel et al. - 2020 - Iterative Adaptation of a Tuberculosis Digital Medication Adherence Technology to Meet User Needs Qu.txt,"Condition A: not satisfied - while there is clear user involvement (inspiration phase) and mention of feedback informing prototypes, the report does not explicitly document the ideation phase (concept generation/workshops) required to demonstrate a complete HCD lifecycle.; Condition B: not satisfied - the provided Methods/Results/Discussion do not report any difficulties or constraints experienced by designers (no explicit resource limits, participant-access barriers, skill gaps, or process issues affecting designers' ability to conduct design activities).; Final rationale: Excluded because the paper does not clearly demonstrate the full HCD cycle (missing explicit evidence of ideation) and contains no valid evidence of designer-experienced task constraints required by Condition B.",
"Teresa Paulino, John Muñoz, Sergi Bermudez, Mónica S. Cameirão",High,Include,"""HCD_fullcycle"": [""A1 User Involvement: \""For requirements elicitation we have chosen a conversational method, under the form of semi-structured interviews. 12 participants were invited to collaborate in the initial process of requirements elicitation: 5 physiotherapists, 2 occupational therapists, and 5 physical training instructors\"" - Methods: 2.1.1 Interviews with Health Professionals"", ""A2 Iteration: \""In parallel with the software design process, a low-fidelity paper prototype was built... two traditional techniques were chosen and iterated: card sorting and paper prototype tests\"" - Methods: 2.3 Human-Computer Interaction"", ""A3 Lifecycle (Understanding/Ideation/Prototyping/Evaluation): \""For requirements elicitation... 12 participants...\"" (understanding users) - Methods: 2.1.1 Interviews with Health Professionals; \""The software design process started by creating the use cases based on the requirements list... enabling the creation of diagrams such as high-level classes, activity, and architecture diagrams\"" (ideation/software design) - Methods: 2.2 Software Design; \""a low-fidelity paper prototype was built to assist in the design of the software diagrams\"" (prototyping) - Methods: 2.3 Human-Computer Interaction; \""Two participants... were invited and asked to accomplish two tasks and to think aloud while they were performing the actions. Each session lasted about 30 min. Participants managed to successfully accomplish both tasks faster than expected.\"" (evaluation) - Methods: 2.3.2 Paper Prototype Evaluation""], ""TASKS_elements"": [""\""We found it sometimes hard to differentiate the exergames from the integrative system. Specifically, participants tended to always answer considering the effectiveness and concerns of the exergames.\"" - Discussion: This describes a designer-facing difficulty in requirement elicitation where participant responses confused system boundaries, forcing designers to adapt their elicitation approach."", ""\""A data cleaning step was manually performed merging similar codes and removing the ones which corresponded to suggestions and opinions that were not considered requirements for the proposed system due to their high diversity.\"" - Methods: 2.1.2 Requirements Prioritization - This indicates a burden on designers/researchers to reconcile highly diverse and noisy input, a constraint affecting their ability to derive clear requirements.""]}",,Paulino et al. - 2019 - Design of an Integrative System for Configurable Exergames Targeting the Senior Population.txt,"Condition A: satisfied - The paper documents active user involvement through semi-structured interviews and participatory techniques (card sorting, paper prototyping), explicit iterative application of HCI techniques, and evidence of all four lifecycle phases (understanding via interviews, ideation/software design/use cases, prototyping via paper prototypes, and evaluation via testing sessions).; Condition B: satisfied - The authors report designer-experienced difficulties (confusion in elicitation when participants conflated exergames and the system; manual heavy data-cleaning to merge diverse codes), which constrained and affected the design activities.; Final rationale: The methods and results sections provide clear evidence of a full human-centred design cycle with iterative user involvement, and the discussion/methods describe concrete challenges encountered by the designers during elicitation and requirements processing. Therefore the study meets both Condition A and Condition B and is included.",Design of an Integrative System for Conﬁgurable Exergames Targeting the Senior Population
Alex Friedman Peahl; Michelle H. Moniz; Michele Heisler; Aalap Doshi; Gwendolyn Daniels; Martina Caldwell; Vanessa K. Dalton; Ana De Roo; Mary Byrnes,High,Exclude,"""HCD_fullcycle"": [""A1 User Involvement: \""For ideation, we asked participants to imagine their ideal prenatal care experience.\"" - Methods (shows users were asked to generate solutions/ideation and were actively involved in observation and ideation phases)."", ""A2 Iteration: \""We completed the first 2 HCD phases: observation (understanding the problem from the end user’s perspective) and ideation (generating novel potential solutions).\"" - Methods (indicates only observation and ideation were completed). \""For the next steps of the HCD process, we will select the most promising ideas ... Through rapid prototyping, user feedback, iteration, and implementation, we will develop and refine interventions\"" - Discussion (indicates iteration and prototyping are planned future work, not performed in this study)."", ""A3 Lifecycle (Understanding/Ideation/Prototyping/Evaluation): \""We completed the first 2 HCD phases: observation ... and ideation ...\"" - Methods (shows Understanding and Ideation present). \""In February 2021, we completed 4 member-checking interviews (2 patients and 2 HCWs) to confirm that findings accurately represented participants’ experiences.\"" - Methods (member-checking occurred). No quotes describe prototyping of solutions or user testing/evaluation of prototypes, indicating the Prototyping and formal Evaluation phases of the HCD cycle were not completed in this study.""], ""TASKS_elements"": []}",Condition A not satisfied - full HCD cycle not completed (only observation and ideation; no prototyping/iteration/evaluation reported).,Peahl et al. - 2022 - Experiences With Prenatal Care Delivery Reported by Black Patients With Low Income and by Health Car.txt,"Condition A: not satisfied - the study documents user involvement (observation and ideation) but did not complete the full HCD cycle: there is no evidence of prototyping and formal evaluation of prototypes nor explicit iterative design cycles within this reported work.; Condition B: not satisfied - the paper does not report designer-facing barriers (resource constraints, recruitment or participant-access problems that forced adaptation, technical/process integration issues, or cognitive/emotional strain on designers) that affected the conduct of design activities.; Final rationale: Excluded because the full HCD cycle requirement (Condition A) is not met—only observation and ideation were performed and iteration/prototyping/evaluation were not reported—and there is no evidence of designer-experienced task constraints (Condition B).",Experiences With Prenatal Care Delivery Reported by Black Patients With Low Income and by Health Care Workers in the US: A Qualitative Study
"Jaime Perales-Puchalt, Mariola Acosta-Rullán, Mariana Ramírez-Mantilla, Paul Espinoza-Kissell, Eric Vidoni, Michelle Niedens, Edward Ellerbeck, Ladson Hinton, Linda Loera, A Susana Ramírez, Esther Lara, Amber Watts, Kristine Williams, Jason Resendez, Jeffrey Burns",High,Include,"""HCD_fullcycle"": [""A1 User Involvement: We conducted 5 parallel advisory board meetings with up to 6 Latinx caregivers and 16 clinicians and researchers (Stage 4: Advisory Board Guidance) - shows direct caregiver involvement shaping design decisions (content, frequency, keywords, inclusion of multiple family members)."", ""A2 Iteration: We modified the design features iteratively after each participant and provided the new version to the following participant (Stage 6: Usability Testing) and 7 research team members tested the SMS prototype ... provided feedback that was used for message refinement iteratively (Stage 5: Sketching and Prototyping) - shows explicit repeated refinement cycles across multiple rounds."", ""A3 Lifecycle (Understanding/Ideation/Prototyping/Evaluation): Understanding users - conducted advisory board meetings with Latinx caregivers and clinicians and analyzed notes using thematic analysis (Stage 4); Ideation - three researchers brainstormed a pool of potential SMS messages on a shared spreadsheet and sorted messages by topic (Stage 5); Prototyping - tested SMS prototype on team members' phones and refined messages with vendor platform (Stage 5); Evaluation - conducted usability testing with 5 Latinx caregivers, direct observation, open-ended interviews, and System Usability Scale (mean score 97) (Stage 6).""], ""TASKS_elements"": [""The link shortener the team had used would be identified as spam by the cell phone carrier and blocked; Need to use a different link shortener (Stage 5: Sketching and Prototyping Table 2) - shows a technical/platform constraint that forced designers to change implementation to avoid message blocking."", ""Keywords stopped sending after they reached the bottom of the library; Need keyword libraries to loop (Stage 5: Sketching and Prototyping Table 2) - shows a vendor/platform bug that prevented intended keyword-driven functionality and required workarounds."", ""The team wanted a function that automatically embedded the first name at the beginning of some SMS text messages; Need to embed first names in messages (Stage 5: Sketching and Prototyping Table 2) - shows missing platform feature requiring adaptation of messages or platform configuration."", ""The response on sending a message out of business hours was not set correctly; Need to edit out of business hours timing (Stage 5: Sketching and Prototyping Table 2) and The response on discontinuing the program or sending a message out of business hours was only in English; Need to edit language of functions (Stage 6: Usability Testing Table 3) - shows platform limitations affecting multilingual responses and required changes to ensure correct, bilingual operational behavior."", ""We contracted with them early in the project to avoid delays (eg, developing the scope of work, registering as a vendor, contracts, and software programming) (Stage 2: Vendor Collaboration) - indicates administrative and process constraints that the team needed to manage to avoid implementation delays.""]}",,Perales-Puchalt et al. - 2022 - A Text Messaging Intervention to Support Latinx Family Caregivers of Individuals With Dementia Cuida.txt,"Condition A: satisfied - Clear user involvement (advisory boards and caregiver usability testing), explicit iterative refinement across stages, and documented evidence of all four lifecycle phases (understanding, ideation, prototyping, evaluation).; Condition B: satisfied - Multiple documented designer-facing technical and process constraints (vendor platform limitations, link shortener spam risk, keyword library behavior, embedding personalization, out-of-hours and language response issues) that forced design adaptations.; Final rationale: The paper reports a full user-centered HCD process with iterative cycles and explicit user involvement, and it documents concrete designer-experienced constraints that impacted implementation decisions; therefore it meets both Condition A and Condition B and should be included.",A Text Messaging Intervention to Support Latinx Family Caregivers of Individuals With Dementia (CuidaTEXT): Development and Usability Study
Francesco Petracca; Rosaria Tempre; Maria Cucciniello; Oriana Ciani; Elena Pompeo; Luigi Sannino; Valeria Lovato; Giancarlo Castaman; Alessandra Ghirardini; Rosanna Tarricone,High,Include,"""HCD_fullcycle"": [""A1 User Involvement: \""The need-assessment FG aimed to elicit specific design requirements and specifications for the prototype app and to bring the environment of the intended end users to focus.\"" - Methods: Study Design / Concept Generation"", ""A2 Iteration: \""The next phases of the design cycle included continuous, iterative evaluation and refinement of the prototype and its usability testing.\"" and \""we then conducted 2 exploratory FGs to seek additional inputs for the app’s improvement and 2 confirmatory FGs to validate the app and test its usability\"" - Methods: Theoretical Framework / Study Design"", ""A3 Lifecycle (Understanding/Ideation/Prototyping/Evaluation): \""According to the UCD approach, during the concept generation phase, a thorough investigation of the needs is conducted to understand the environment of the end users and their requirements\"" (understanding users); \""An initial prototype of the app conceived on the basis of the study goals defined in the protocol was used as a starting point and included 3 main screens\"" (ideation/prototyping); \""When the finalized version of the app was completed, the CFGs aimed at gathering evidence of its preliminary efficacy... After the test, the participants were asked to quantitatively assess the usability of the app... the MAUQ\"" (evaluation) - Methods: Theoretical Framework / Study Design / Usability Evaluation""], ""TASKS_elements"": [""\""in a couple of cases, one of the intended participants communicated their unavailability at short notice because of hemophilia-related issues.\"" - Strengths and Limitations - Why it shows a designer barrier: participant unavailability/drop-outs limited recruitment and designers' ability to run planned focus groups and obtain intended user input."", ""\""these proposals were not technically feasible given the timeframe of the POWER study and, therefore, could not be embedded in the current version of the app.\"" - Results: Prototype Refinement: EFGs - Why it shows a designer barrier: technical/timeframe constraints prevented designers from implementing suggested features, constraining design choices."", ""\""participants reported poor responsiveness of certain features and a few technical problems... These issues ultimately affected the reported usefulness and the interface evaluation of the app. The technical difficulties were addressed between the 2 meetings\"" - Results: Usability Evaluation - Why it shows a designer barrier: technical defects impacted usability evaluation and required remediation between iterative testing rounds, affecting designers' evaluation and iteration process.""]}",,Petracca et al. - 2021 - An Electronic Patient Reported Outcome Mobile App for Data Collection in Type A Hemophilia Design an.txt,"Condition A: satisfied - The study documents active user involvement (need-assessment, exploratory, confirmatory FGs), explicit iterative cycles (multiple EFGs and CFGs with refinements), and evidence of all four lifecycle phases (understanding users, ideation, prototyping, evaluation via MAUQ).; Condition B: satisfied - The paper reports designer-facing constraints: participant unavailability/drop-outs, technical problems during testing that affected evaluation, and inability to implement clinician-suggested features due to technical/timeframe limits.; Final rationale: The paper reports a full user-centered design cycle with iterative user involvement and explicit prototyping and evaluation, and it documents multiple designer-experienced constraints that affected the design process; therefore it meets both Condition A and Condition B and should be included.",An Electronic Patient-Reported Outcome Mobile App for Data Collection in Type A Hemophilia: Design and Usability Study
Christie Lynn McGee Petrenko; Carson Christine Kautz-Turnbull; Alicia Rose Roth; Jennifer Elizabeth Parr; Cristiano Tapparello; Utku Demir; Heather Carmichael Olson,High,Include,"""HCD_fullcycle"": [""A1 User Involvement: [\""After each 6-week trial, focus groups or individual interviews were completed.\"" - Methods/Procedures]"", ""A2 Iteration: [\""Two rounds of beta-testing were conducted... In BT1, 4 updates of the iOS app were distributed... In BT2, 3 updates of the iOS app and 2 updates of the Android app were distributed for bug fixes and performance improvements.\"" - Methods/Results]"", ""A3 Lifecycle (Understanding/Ideation/Prototyping/Evaluation): [\""Participants used iOS and Android prototypes (prototyping); usage analytics and crash reports were collected and analyzed (evaluation); qualitative focus groups and interviews were conducted and thematically analyzed to understand users' experiences (understanding users); participants' recommendations informed redesigns between BT1 and BT2 (ideation/refinement).\"" - Methods/Results]""], ""TASKS_elements"": [""\""Given the small size of the development team, the Android prototype was implemented on a schedule deliberately set behind the iOS prototype.\"" - Results/Android Usage - [Why it shows a designer barrier: explicit resource limitation (small development team) that delayed platform development and affected implementation schedule]"", ""\""Android users experienced greater technological difficulties... synchronization issues between the Android app and Cloud storage.\"" - Results/Android Usage - [Why it shows a designer barrier: technical/process problems (synchronization, device variability) that hindered reliable testing and required developer troubleshooting]"", ""\""Bugs and crashes were tracked, and updates were sent to address problems or expand functionalities.\"" - Methods/Procedures - [Why it shows a designer barrier: ongoing troubleshooting workload and real-time fixes indicating iterative development burden on the design/development team]"", ""\""Participants were less likely to complete focus group or individual interviews if they did not install the app or had low use. Therefore, the study of attrition factors was necessarily limited.\"" - Limitations - [Why it shows a designer barrier: limited participant engagement reduced feedback data, constraining designers' ability to fully evaluate and refine features based on low-use participants]""]}",,Petrenko et al. - 2021 - Initial Feasibility of the Families Moving Forward Connect Mobile Health Intervention for Caregivers.txt,"Condition A: satisfied - The study documents active user involvement through focus groups/interviews that directly informed design, explicit iterative cycles with two beta-testing rounds and interim updates, and evidence of the full lifecycle within the described phase (understanding via qualitative data, ideation via participant recommendations and redesigns, prototyping via iOS/Android builds, and evaluation via analytics and thematic analysis).; Condition B: satisfied - Multiple passages report designer-facing constraints including a small development team that delayed Android rollout, technical/synchronization issues with Android and cloud services, and the need for continuous bug fixes and updates, all of which affected the design/testing process.; Final rationale: Both the full HCD cycle requirements and at least one designer-oriented task/constraint are explicitly documented in the Methods/Results/Limitations, meeting the inclusion criteria.",Initial Feasibility of the 'Families Moving Forward Connect' Mobile Health Intervention for Caregivers of Children With Fetal Alcohol Spectrum Disorders: Mixed Method Evaluation Within a Systematic User-Centered Design Approach
"John E. Pierce, Annie J. Hill, Dana Wong, Rachelle Pitt & Miranda L. Rose",High,Include,"""HCD_fullcycle"": [""A1 User Involvement: \""People with aphasia and practising speech pathologists were invited to co-design M-MAT Tele in a series of iterative workshops, to ensure the end product was user-friendly and clinically feasible.\"" - Method"", ""A2 Iteration: \""Throughout the development process, six additional meetings were held with co-designer groups to review each iteration: 3 h total for clinicians and 3 h total for people with aphasia.\"" - Results (Evaluating the design)"", ""A3 Lifecycle (Understanding/Ideation/Prototyping/Evaluation): \""A task analysis was conducted to outline the key activities and elements involved in M-MAT... The Human Centred Design Framework... 1. Understanding and specifying the context of use 2. Specifying the user requirements 3. Producing design solutions 4. Evaluating the design... A mock-up of possible software was developed... using Microsoft PowerPoint... co-designers with aphasia were shown the mock-up and assisted to rate the five games... Further evaluation is required through pilot testing of the intervention.\"" - Method; Results (Producing design solutions; Evaluating the design)""], ""TASKS_elements"": [""\""Two clinicians did not have access to a document camera, limiting this as an option for demonstrating drawing and writing examples for M-MAT Tele.\"" - Results (Clinician user requirements) - This is a resource/technical limitation experienced by designers that constrained how multimodal cues could be demonstrated and influenced design choices."", ""\""Clinicians reported that their workplace would consider funding software or hardware of up to 'several hundred dollars,' but more than that would need justification. Importantly, clinicians worked in IT environments that often restricted the use of executable files or installation of software.\"" - Results (Clinician user requirements) - This is a resource and IT-policy constraint that forced the design toward a browser-based, no-install solution."", ""\""Significant time required to get some clients logged on and with other troubleshooting.\"" - Results (Clinician user requirements) - This participant-access/process issue affected therapists' ability to deliver and iterate the intervention and shaped decisions to minimise technical demands on participants."", ""\""customisable targets were suggested by clinicians... but this required creation of an additional portal for clinicians to upload images, gesture videos and drawings, which was not feasible within the timeline and budget of the project.\"" - Discussion - This is a budget/time resource constraint that prevented implementing a clinician-requested feature."", ""\""One challenge with the workshops was the limited time to experience the games – meetings were typically 1 h, leaving only about 15 min for trialling each game\"" - Results (Evaluating the design) - This methodological/resource constraint limited designers' ability to fully evaluate prototypes with users during development.""]}",,Pierce et al. - 2024 - Adapting a group based multimodal aphasia treatment for telehealth co design of M MAT Tele.txt,"Condition A: satisfied - The study documents active user involvement (co-design workshops with clinicians and people with aphasia), explicit iterative refinement (multiple prototype review meetings), and evidence of the full HCD lifecycle (task analysis/context understanding, ideation/design solutions, prototyping mock-ups, and evaluation via co-designer testing and planned pilot).; Condition B: satisfied - Multiple documented designer-facing constraints affected the project (lack of document camera, IT installation restrictions, funding limits, significant setup/troubleshooting time, limited workshop testing time) that forced specific design adaptations (browser-based clinician-controlled approach, simplified features).; Final rationale: The paper reports an author-led co-design process that meets all three HCD components and provides clear evidence of designer-experienced resource/technical/process constraints that influenced design decisions; therefore it meets both Condition A and Condition B and is included.","Adapting a group-based, multimodal aphasia treatment for telehealth – co-design of M-MAT Tele"
"Sandhya S. Pillalamarri, Lauren M. Huyett, Aiman Abdel-Malek",High,Include,"""HCD_fullcycle"": [""A1 User Involvement: UX methods employed included heuristic evaluations of insulin pumps, iterative formative usability testing, information architecture studies, in-home ethnographic visits, participatory design activities, and interviews. - Methods/Abstract"", ""A2 Iteration: Iterative UX formative usability testing was conducted, with a total of 8 rounds completed. Iterated card sort and tree test studies provided necessary guidance and data to structure the navigation and flow of information within the UI. - Results"", ""A3 Lifecycle (Understanding/Ideation/Prototyping/Evaluation): The UX process involves four primary phases: user research, conceptualizing, designing, and testing; Rapid prototyping allowed for steady input of insights throughout the development process; The HF validation test was a simulated-use study ... The results of the validation test demonstrated that the insulin management system was safe and effective for the intended users, uses, and use environments. - Methods/Results""], ""TASKS_elements"": [""A challenge in developing a connected digital platform for diabetes treatment is ensuring its usability across a wide user spectrum with varying needs. - Methods - Why it shows a designer barrier: This statement describes an explicit design challenge faced by the team (designing for a very broad range of users) that constrained design choices and required extensive user research and adaptation."", ""During the early development phases, the information architecture was confusing to users, with a failure rate of 85% to find the lock screen image. Iterated card sort and tree test studies provided necessary guidance and data to structure the navigation and flow of information within the UI. - Results - Why it shows a designer barrier: Users' inability to find content at early stages forced the design team to rework information architecture and conduct multiple iterative studies, indicating a concrete usability failure that limited the designers' initial solution and required substantial redesign effort.""]}",,Pillalamarri SS - 2018 - Novel Bluetooth Enabled Tubeless Insulin Pump A User Experience Design Approach for a Connected Digi.txt,"Condition A: satisfied - The paper documents active user involvement (participatory design, interviews, ethnographic visits), explicit iteration (8 rounds of formative usability testing, iterative card sorts/tree tests), and all four lifecycle phases (user research, conceptualizing/ideation, prototyping, and evaluation including HF validation).; Condition B: satisfied - The manuscript reports concrete design challenges experienced during the project (broad user-spectrum usability challenge and an information architecture failure with 85% failure rate) that forced designers to iterate and adapt the UI.; Final rationale: The study describes an in-house UX process for the product with full HCD cycle evidence and reports designer-facing barriers that impacted the design process; therefore it meets both Condition A and Condition B and is included.",Novel Bluetooth-Enabled Tubeless Insulin Pump: A User Experience Design Approach for a Connected Digital Diabetes Management Platform
"Mc Kinsey M. Pillsbury, Eunice Mwangi, Josephine Andesia, Benson Njuguna, Gerald S. Bloomfield, Agneta Chepchumba, Jemima Kamano, Tim Mercer, Juliet Miheso, Sonak D. Pastakia, Shravani Pathak, Aarti Thakkar, Violet Naanyu, Constantine Akwanalo, Rajesh Vedanthan",High,Include,"""HCD_fullcycle"": [""A1 User Involvement: \""The interdisciplinary design team consisted of 15 key stakeholders, including two patients with hypertension, two peer navigators... three clinicians... three health system administrators...\"" (Methods: Participants)"", ""A2 Iteration: \""We organized the design process into three phases from January to September 2019... During design phase 1... prototype 1... design phase 2... prototype 2... design phase 3... prototype 3. Between each design session, facilitators presented design progress to the study investigators, who provided additional feedback that was incorporated by the design team.\"" (Methods: Conceptual approach / Design phases 1-3)"", ""A3 Lifecycle (Understanding/Ideation/Prototyping/Evaluation): \""Prior to design phase 1, the STRENGTHS research team conducted a baseline needs and contextual assessment that included qualitative evaluation of key barriers and facilitators to hypertension referrals, referral network analysis, and observational process mapping of hypertension clinic workflows.\"" (Methods: Design inputs) ; \""During Meeting #2 (Brainstorming), the design team crafted 'How Might We...?' questions... and brainstormed solutions.\"" (Methods: Design phase 1) ; \""integrated these into prototype 1 for community testing, comprised of detailed diagrams and storyboards...\"" (Methods: Design phase 1) ; \""we conducted a pilot study to test prototype 2 for feasibility... recruited 15 patients... Patient referral encounters were analyzed for referral completion, reason for referral, and reported barriers to referral.\"" (Methods: Design phase 2)""], ""TASKS_elements"": [""\""clinicians and administrators raised concerns that the HIT package may be unable to coordinate between clinics using different health record systems (especially those with paper-based record systems).\"" (Results: Acceptability and appropriateness testing) - This shows a process/technical integration problem experienced by the design team that constrained HIT functionality and required adaptations."", ""\""Frequent network or power outages at rural clinics could interfere with tablet charging or internet use. They emphasized the need for paper back-up forms and poor usability of prior electronic encounter forms.\"" (Results: Acceptability and appropriateness testing) - This documents resource/technical constraints (power/network) that hindered designers' ability to implement the HIT solution as intended."", ""\""However, there were multiple challenges integrating with paper-based record systems... some clinicians used nonstandard referral forms... limiting clinical information available in the EMR.\"" (Results: Referral data integration) - This indicates integration barriers across heterogeneous record systems that forced design adaptations and limited HIT utility."", ""\""Perceived challenges included: time management, refining solution ideas after prototyping, and promoting patient contributions during later stages of the design process. Participants emphasized the need for transparency and power-sharing...\"" (Results: Design team reflections) - This reflects process and coordination difficulties experienced by the design team (decision-making transparency, time constraints) that affected their ability to carry out design activities.""]}",,Pillsbury et al. - 2021 - Human centered implementation research a new approach to develop and evaluate implementation strateg.txt,"Condition A: satisfied - Clear evidence of active user/stakeholder involvement (design team of local end-users and community FGDs), explicit iterative cycles across three design phases, and documentation of the full HCD lifecycle (understanding via needs assessment, ideation/brainstorming, prototyping of multiple prototypes, and evaluation via FGDs and a pilot feasibility study).; Condition B: satisfied - Multiple documented designer-facing constraints (technical integration with multiple health record systems, network/power outages, need for paper backups, clinicians' nonstandard forms) and process-level challenges (time management, transparency/power-sharing) that forced adaptations in the design and implementation approach.; Final rationale: The paper reports an HCD process led by the authors (not a meta-study), satisfies all Full HCD Cycle criteria, and includes explicit evidence of barriers experienced by designers that impacted design activities and required modifications. Therefore it meets both Condition A and Condition B and should be included.",Human-centered implementation research: a new approach to develop and evaluate implementation strategies for strengthening referral networks for hypertension in western Kenya
"Sebastian Pimminger, Werner Kurschl, Johannes Schönböck, Ralph Slabihoud, Roman Froschauer, Gerald Adam Zwettler",High,Include,"""HCD_fullcycle"": [""A1 User Involvement: \""Based on the developed user narrative (see Sec. 4.3.2), we solicited user input on the potential appearance of the robot. Participants were asked not only to indicate the type of robot they envisioned ... but also to suggest specific design features ... Furthermore, the participants were asked to sketch their own interpretation of the robot.\"" - Results (4.4 Exploratory Prototyping / Robot Co-Design)"", ""A2 Iteration: \""...to generate early design insights and further refining the existing results (design-informing models) from the previous process steps.\"" and Conclusion: \""...through our user-centred design and the repeated surveys of the user group, outline a targeted solution...\"" - Methods (3.2.4 Exploratory Prototyping) and Conclusion"", ""A3 Lifecycle (Understanding/Ideation/Prototyping/Evaluation): \""Initial Scenario Definition...we defined several initial usage scenarios...\"" (Methods 3.2.1); \""The aim of the initial interviews is to gain a basic understanding... The interview sessions consist of at least three parts\"" (Methods 3.2.2); \""Cardboard prototyping...rapid iteration and modification...\"" and \""soliciting feedback by using methods such as questionnaires, interviews and focus groups\"" (Methods 3.2.4) - Methods (3.2.1, 3.2.2, 3.2.4)""], ""TASKS_elements"": [""\""Given that prototyping with actual robotic hardware can consume significant resources, both in terms of time and cost, we advocate for a more extensive use of low-fidelity cardboard prototypes.\"" - Methods (3.2.4 Exploratory Prototyping) - This indicates a resource constraint (time/cost) that affected designers' choice of prototyping approach, i.e., designers were constrained from using full robotic hardware and adapted by using low-fidelity prototypes."", ""\""Seamless integration into the building automation system is therefore essential in order to be able to introduce a robust solution into live operation. Changing floors will only be possible via API calls, as will the opening of doors...\"" - Discussion (5 Seamless integration into the building control system) - This describes technical integration hurdles that limit designers' ability to implement intended robot behaviors (e.g., autonomous door/floor navigation), a process/technical constraint experienced in designing the system."", ""\""Particularly in the area of robot-initiated conversation attempts, it is important to consider that so much time can pass between recognising the human person and planning the greeting procedure... Speech recognition, speech synthesis and any facial analysis must take place without any noticeable delay...\"" - Discussion (5 Response time and real-time capability) - This identifies real-time performance constraints that designers must address to achieve acceptable interaction, indicating a technical/process limitation encountered in design.""]}",,Pimminger S. et al. - 2024 - Towards a User Centered Design Approach for the Development of Social Assistive Robots in Office Env.txt,"Condition A: satisfied - The paper documents active user involvement (ethnographic interviews, co-design where participants sketched and rated robots), explicit iterative prototyping and stated refinement of design-informing models, and evidence of all four lifecycle phases (scenario/understanding, ideation, prototyping, and soliciting feedback/evaluation).; Condition B: satisfied - The paper reports designer-facing constraints including resource/time/cost limits affecting prototyping choices and concrete technical integration and real-time performance hurdles that impacted design decisions and feasibility.; Final rationale: Both Condition A (full HCD cycle with user involvement, iteration, and complete lifecycle) and Condition B (designer-experienced tasks/constraints) are met based on the Methods, Results, Discussion, and Conclusion content; therefore the paper is included.",Towards a User-Centered Design Approach for the Development of Social Assistive Robots in Office Environments
"Aaron Plant, Paul Sparks, Deborah Neffa Creech, Ta’Jalik Morgan, Jeffrey D. Klausner, Cornelis Rietmeijer, Jorge A. Montoya",High,Include,"""HCD_fullcycle"": [""A1 User Involvement: \""We developed an mHealth application using human-centered design (HCD) from 2019–2021 in collaboration with YBGBM living with HIV and with HIV service providers. Our HCD process began with six focus groups with 50 YBGBM and interviews with 12 providers...\"" - Methods (overall HCD process / Stage 1 & recruitment descriptions)"", ""A2 Iteration: \""At the end of each day of prototyping, responses were integrated into revised prototypes and tested again the next day.\"" - Methods, Stage 2: rapid prototyping"", ""A3 Lifecycle (Understanding/Ideation/Prototyping/Evaluation): \""The first stage of the HCD process... conducted focus groups with YBGBM and key informant interviews with HIV service providers in several U.S. cities to gain a better understanding of the needs of intended users\"" (Understanding/Ideation) ; \""Rapid prototyping... iterative testing and refining of low-fidelity prototypes\"" (Prototyping) ; \""An online survey was conducted... to gather detailed feedback... (n=200)\"" and \""Usability testing... participants were presented with several tasks... and... completed the System Usability Scale\"" (Evaluation) - Methods, Stages 1-3""], ""TASKS_elements"": [""\""Recruiting a sample of 200 HIV positive YBGBM for participation in a survey is logistically challenging, and it was not possible to ensure that this sample is representative of the broader population. Thus, our survey findings may not be generalizable to all YBGBM living with HIV in the U.S.\"" - Discussion / Limitations - Why it shows a designer barrier: explicitly documents recruitment as a logistical challenge that constrained the team’s ability to obtain a representative sample, affecting the data available to inform design decisions."", ""\""Relying on our professional network of HIV service providers for much of the recruitment may have introduced some bias, especially as this meant that most YBGBM participants were linked to care.\"" - Discussion / Limitations - Why it shows a designer barrier: indicates participant access constraints and sampling bias from recruitment channels that limited diversity of user input available to designers."", ""\""We administered the SUS verbally with usability testing participants over Zoom... it is possible that this approach resulted in response bias.\"" - Discussion / Limitations - Why it shows a designer barrier: describes an evaluation method constraint that may have affected the validity of user feedback used to refine the prototype.""]}",,Plant et al. - 2024 - Developing an mHealth program to improve HIV care continuum outcomes among young Black gay and bisex.txt,"Condition A: satisfied - The paper documents active user and provider co-creation (focus groups, interviews, prototyping sessions), explicit iterative cycles (daily prototype revisions, multiple stages), and all four HCD phases (understanding/ideation, prototyping, and evaluation via survey and usability testing).; Condition B: satisfied - The authors report concrete designer-facing constraints: recruitment was logistically challenging and may have limited representativeness, recruitment via networks introduced bias (most participants linked to care), and the remote/verbal SUS administration may have introduced response bias; these affected the designers' access to diverse feedback and evaluation validity.; Final rationale: Both Condition A (full HCD cycle with user involvement and iteration) and Condition B (at least one documented designer-facing task/resource/participant access constraint) are met, so the study should be included.",Developing an mHealth program to improve HIV care continuum outcomes among young Black gay and bisexual men
"Shoba Poduval, Jamie Ross, Kingshuk Pal, Nikki Newhouse, Fiona Hamilton, Elizabeth Murray",High,Include,"""HCD_fullcycle"": [""A1 User Involvement: \""The content identified as necessary in the focus groups was integrated by the design team and then reviewed by a participatory design group consisting of patients with T2DM.\"" - (Methods: Phase 1: Design for Effectiveness, Methods From HCI)"", ""A2 Iteration: \""we undertook cycles of testing, refinement, retesting, and further refinement until we were more confident that the intervention fulfilled user needs and did not need major changes.\"" - (Methods: Phase 2: How HCI and Health Methods Were Combined)"", ""A3 Lifecycle (Understanding/Ideation/Prototyping/Evaluation): \""The first steps of the HCI design process involve understanding the user context and requirements... The HeLP-Diabetes team conducted focus groups with patients and health professionals\"" (Understanding - Methods: Phase 1: Methods From HCI); \""findings from the work on user requirements (HCI) and evidence, theory, and causal modeling of the intervention (health) were combined to select appropriate BCTs and develop the content, format, and structure of the program.\"" (Ideation/Design - Methods: Phase 1: How HCI and Health Methods Were Combined); \""Usability testing for HeLP-Diabetes involved users thinking aloud while undertaking prespecified tasks...\"" (Prototyping/Usability testing - Methods: Phase 1: Usability Testing); \""Quantitative data were collected on the number of patients registering for and completing the program, patient characteristics, and changes in questionnaire scores.\"" (Evaluation - Methods: Phase 3: In the Wild Testing, Methods From Health)""], ""TASKS_elements"": [""\""We were unable to contact patients who did not register for the program, as they did not provide us with their details or consent to be contacted.\"" - (Methods: Phase 3: In the Wild Testing) - Why: participant access issue directly limited designers' ability to gather data about non-registrants and understand barriers to initial uptake (designer-facing recruitment/data-access constraint)."", ""\""This meant that we conducted rapid user experience studies at several stages, with smaller sample sizes and limited depth and duration of interviews.\"" - (Discussion: Strengths and Limitations) - Why: explicit time/resource constraint that forced the team to use rapid, shallower methods, limiting designers' ability to perform in-depth formative design research."", ""\""Another weakness of our approach was patient involvement. More extensive patient involvement could have been used in the design of the interview guide for the telephone interviews in the user experience study and data analysis.\"" - (Discussion: Strengths and Limitations) - Why: acknowledges limited patient involvement that constrained the designers' co-design processes and analytic depth.""]}",,Poduval et al. - 2022 - Web Based Structured Education for Type 2 Diabetes Interdisciplinary User Centered Design Approach.txt,"Condition A: satisfied - The study documents active user involvement (focus groups, participatory design group, usability and in-the-wild testing), explicit iterative cycles of testing and refinement, and all four lifecycle phases (understanding users, ideation/design via causal modeling and content selection, prototyping/usability testing, and evaluation/in-the-wild measurement).; Condition B: satisfied - The paper reports designer-facing constraints: inability to contact non-registrants (participant access issue limiting data), and time/resource limits that forced rapid, smaller-sample user studies and limited patient involvement, which affected the design activities.; Final rationale: Both Condition A (full HCD cycle) and Condition B (designer-experienced task/constraint evidence) are met based on methods, results, discussion, and limitations; therefore the study is included.",Web-Based Structured Education for Type 2 Diabetes: Interdisciplinary User-Centered Design Approach
"Charlotte C Poot, Jasmijn de Boer, Lyè Goto, Susanne J van de Hei, Niels H Chavannes, Valentijn T Visch, Eline Meijer",High,Include,"""HCD_fullcycle"": [""A1 User Involvement: \""A participatory user-centered design approach was employed, involving end-users and other stakeholders throughout the study.\"" - Methods / Study Design"", ""A2 Iteration: \""In two iterations, a prototype was developed (phase 3) and evaluated with end-users to gather user-feedback and improve the prototype (phase 4).\"" - Methods / Study Design; also evidenced by Phase 3 and 4: Prototype and Formative Evaluation – Iteration 1 and Iteration 2"", ""A3 Lifecycle (Understanding/Ideation/Prototyping/Evaluation): \""The approach consisted of four phases. Semi-structured interviews and a survey were conducted to understand user needs and reasons for poor adherence (Phase 1: define). ... Several design directions were ideated, resulting in a concept for a serious game (Phase 2: ideate). Two rounds of user-tests were performed to evaluate a prototype of the serious game in terms of usability, perceived impact on medication adherence and motivation (Phase 3: prototype and Phase 4: evaluate).\"" - Abstract / Methods (Study Procedures / Phase descriptions)""], ""TASKS_elements"": [""\""This approach allowed participants to interact with the concept for a longer period of time, within their own setting (eg, at home) and at the same time did not require the costly development of a functional app in this early phase.\"" - Phase 3 and 4: Prototype and Evaluation – Iteration 2 - Why it shows a designer barrier: Explicit resource constraint (cost) that forced designers to adopt a lower-cost WhatsApp prototyping method instead of developing a full functional app, affecting how they could perform prototyping and evaluation."", ""\""However, as some patients receive Symbicort as Symbicort Maintenance and Reliever Therapy (SMART), the commercial feasibility (ie, complementing business strategies) may be less clearly defined.\"" - Phase 3 and 4: Prototype and Formative Evaluation – Iteration 1 - Why it shows a designer barrier: Commercial feasibility concerns raised by smart inhaler developers represent constraints that could limit design implementation choices and adoption pathways, affecting design decisions.""]}",,Poot et al. - 2023 - The Design of a Persuasive Game to Motivate People with Asthma in Adherence to Their Maintenance Med.txt,"Condition A: satisfied - The study documents active user involvement (interviews, surveys, user-feedback sessions), explicit iterative refinement (two prototype iterations and feedback loops), and a complete lifecycle with define/ideate/prototype/evaluate phases.; Condition B: satisfied - Designers faced and adapted to resource and feasibility constraints (explicitly avoided costly full app development by using a WhatsApp prototype; commercial feasibility concerns from developers influenced design decisions).; Final rationale: The paper reports a full HCD cycle with active user involvement and explicit iterations, and includes documented designer-facing constraints that influenced methods and design choices; therefore it meets both Condition A and Condition B and is included.",The Design of a Persuasive Game to Motivate People with Asthma in Adherence to Their Maintenance Medication
"Monica Posluszny, Geon Soo Park, Irini Spyridakis, Sarina Katznelson, Sam O’Brien",High,Exclude,"""HCD_fullcycle"": [""A1 User Involvement: \""Aside from the main design team, college students and sustainability professors also took on the role of participatory designers. Their input on what impacts them, specific climate knowledge, knowledge on what needs to be done to address climate change was important for making sure that the VR experience would make a difference regarding perspectives on climate change.\"" - Methods (III.A User Centered Design (UCD) Process)"", ""A2 Iteration: \""The process also includes the users in the design process, allowing room for feedback and iterations along the way.\"" - Methods (III.A User Centered Design (UCD) Process); and \""we clustered the results ... and arranged and rearranged the post-it notes many times until the groupings that appear in Table 1 surfaced.\"" - Results (IV.B Affinity Diagram)  (shows some iterative analysis and divergent/convergent design sessions in Methods III.D)"", ""A3 Lifecycle (Understanding/Ideation/Prototyping/Evaluation): \""To decide on an effective story and design for our VR project, we conducted an extensive literature review; held semi-structured interviews with professors who teach about sustainability and also college students; led a focus group; and engaged in many design activities.\"" - Introduction/Methods (describes Understanding, Ideation, Prototyping). \""The next step in our research would be to assess whether the completed VR experience would inspire action or behavior change concerning climate change... Other steps would be to user test the prototype, iterate on the prototype, and also test its effectiveness.\"" - Conclusions (V) (explicitly indicates evaluation/user testing was not yet performed)""], ""TASKS_elements"": [""\""Some constraints stemmed from high learning curves for programs, limited VR headset availability, and time constraints on our group as we conducted this project over an academic quarter.\"" - Results (IV.D.5) - Why it shows a designer barrier: team-level resource/time/skill constraints that limited prototype development and iteration."", ""\""One team member owned a headset and was able to put together an initial prototype. The rest of the team relied on equipment rentals; however, there was a wait time and the rentals lasted only one week. There was a time restriction on having enough time to consistently test and prototype within Unity.\"" - Results (IV.D.5) - Why it shows a designer barrier: participant/equipment access limitations directly impeded designers' ability to perform iterative testing."", ""\""Blender and Unity have large learning curves, which is why we decided to leave the most time for the prototype.\"" - Methods (III.A) - Why it shows a designer barrier: skill/knowledge gaps and steep learning curves constrained designers' workflow and scheduling."", ""\""One challenge here was finding 3D models with a consistent art style.\"" - Methods (III.F Prototyping) - Why it shows a designer barrier: technical/resource constraint (asset availability) that affected design decisions and implementation.""]}",Condition A not satisfied: missing evaluation phase (no user testing/usability or pilot testing of the prototype reported),Posluszny et al. - 2020 - Promoting Sustainability through Virtual Reality A Case Study of Climate Change Understanding with C.txt,"Condition A: not satisfied - While the paper provides clear evidence of user involvement (A1) and some iterative activities/analytical rearrangements (partial A2), it lacks evidence of an Evaluation phase (no user testing/usability/pilot of the developed prototype), so the complete HCD lifecycle requirement (A3) is not met.; Condition B: satisfied - The paper documents multiple designer-facing constraints (limited headset availability and rental time, steep learning curves for Unity/Blender, time constraints of an academic quarter, difficulty finding consistent 3D assets) that impeded the design and prototyping process.; Final rationale: Exclude because Condition A (full HCD cycle) is not satisfied due to absence of evaluation/user testing of the prototype, despite clear user involvement and documented designer-facing task constraints (Condition B satisfied).",Promoting Sustainability through Virtual Reality: A Case Study of Climate Change Understanding with College Students
"Mirjam Pot, Robert A. C. Ruiter, Theo W. G. M. Paulussen, Annerieke Heuvelink, Hester E. de Melker, Hans J. A. van Vliet, Hilde M. van Keulen",High,Include,"""HCD_fullcycle"": [""A1 User Involvement: \""To maximize compatibility with the needs of the target group, a user-centered design strategy by means of focus groups and online experiments was applied. In these, prototypes were tested and sequentially refined.\"" - Results (IM Step 4: Experimental Pre-testing and Pilot-Testing of Prototypes)"", ""A2 Iteration: \""We conducted three experimental online pretests...\"" and \""After revising the intervention according to the feedback from the third focus group, a final prototype was pilot-tested online\"" - Results (IM Step 4: Experimental Pre-testing and Pilot-Testing of Prototypes)"", ""A3 Lifecycle (Understanding/Ideation/Prototyping/Evaluation): \""Step 1 concerns the conduction of a needs assessment...\"" and \""In order to gain insight into determinants of mothers’ HPV vaccination acceptability, we conducted a longitudinal study\"" (Understanding) - Results (IM Step 1); \""Step 3 is about the design of the intervention program...\"" (Ideation) - Methods/Results (IM Step 3); \""We developed the intervention using Tailorbuilder© software... prototypes were tested and sequentially refined\"" (Prototyping) - Results (IM Step 4); \""In order to evaluate the eﬃcacy and eﬀectiveness of the intervention, we planned a randomized controlled trial (RCT)... The primary outcome measure was HPV-vaccination uptake\"" (Evaluation) - Results (IM Step 6)""], ""TASKS_elements"": [""\""IM is a complex and time-consuming process (84–86).\"" - Limitations - [Why it shows a designer barrier: explicitly reports a resource/time constraint experienced by the design team that affected the development process]"", ""\""We still consider the use of virtual assistants to be complex, especially in Web-based interventions in which both spoken and written feedback/information are provided.\"" - Discussion - [Why it shows a designer barrier: indicates technical/process complexity that designers had to manage during development]"", ""\""We discovered that asking this evoked much resistance. We therefore decided to remove this component from the intervention.\"" (referring to an anticipated regret imagery component) - Results (IM Step 4: Experimental Pre-testing and Pilot-Testing of Prototypes / Focus groups) - [Why it shows a designer barrier: participant resistance forced the design team to alter and remove a planned component]"", ""\""In the first prototype, the written and spoken tailored feedback were provided at the same time. Mothers indicated that, therefore, they experienced difficulties listening to the virtual assistant. Hence, we created a new prototype, in which the written feedback appeared once the virtual assistant was done providing the tailored feedback.\"" - Results (IM Step 4: Focus groups) - [Why it shows a designer barrier: usability issue reported by users required designers to redesign interaction timing, showing an implementation constraint that affected design decisions]""]}",,Pot et al. - 2018 - Systematically Developing a Web Based Tailored Intervention Promoting HPV Vaccination Acceptability.txt,"Condition A: satisfied - The paper documents active user involvement (focus groups and online experiments shaping design), explicit iterative refinement (multiple pretests, successive prototypes and revisions), and all four lifecycle phases (needs assessment/understanding, ideation/program design, prototyping/production, and evaluation via RCT).; Condition B: satisfied - The manuscript reports multiple designer-facing constraints: IM being time-consuming (resource constraint), technical/complexity issues with virtual assistants, and participant-driven constraints (resistance to an anticipated-regret component and usability problems) that forced design adaptations.; Final rationale: Both the full HCD cycle (A1-A3) and at least one explicit designer-experienced task/constraint are evidenced in Methods/Results/Discussion/Limitations, meeting inclusion criteria.",Systematically Developing a Web-Based Tailored Intervention Promoting HPV-Vaccination Acceptability Among Mothers of Invited Girls Using Intervention Mapping
Katharina Preuhs; Hilde van Keulen; Rosa Andree; Sophie Wins; Pepijn van Empelen,High,Exclude,"""HCD_fullcycle"": [""A1 User Involvement: \""We conducted usability, understandability, and acceptance tests among the target group (29 parents, 7 youth health care professionals, and 4 individuals with former lower health literacy) in different phases of the development process via focus groups, interviews, and surveys. This allowed for relevant insights on specifications and user requirements to guide the development and revision of the tool in each iteration.\"" - Methods / Abstract"", ""A2 Iteration: \""ParentCoach was iteratively developed based on user-centered design principles. This process consisted of the following phases: (1) definition phase, (2) concept testing, (3) prototype testing, (4) usability testing, and (5) low-literacy testing.\"" - Methods / Overview"", ""A3 Lifecycle (Understanding/Ideation/Prototyping/Evaluation): \""This process consisted of the following phases: (1) definition phase... In the second phase, a concept version of ParentCoach was developed and tested among YHCPs in a focus group interview... The third phase consisted of incorporating the received feedback into the prototype of ParentCoach and testing this prototype among parents... In the fourth phase, ParentCoach was tested among parents by means of a web-based survey... Finally, ParentCoach was evaluated among (former) people with low literacy skills...\"" - Methods / Overview and Results""], ""TASKS_elements"": []}",Insufficient evidence of designers encountering project-related constraints or difficulties (no valid TASKS elements reported; Condition B not satisfied).,Preuhs et al. - 2022 - A Tailored Web Based Video Intervention ParentCoach to Support Parents With Children With Sleeping P.txt,"Condition A: satisfied - The paper documents active user involvement across multiple participant groups, explicit iterative cycles, and activities corresponding to understanding users, ideation (storyboard/concept), prototyping (interactive video prototype), and evaluation (interviews, surveys, low-literacy testing).; Condition B: not satisfied - The manuscript does not report explicit difficulties, constraints, or barriers experienced by the designers that limited their ability to carry out design activities (no statements of resource limits, participant access problems that forced adaptations, designer cognitive/skill strain, or process/technical integration issues).; Final rationale: Although the study clearly meets the full HCD cycle (Condition A), it lacks explicit evidence of designer-facing task constraints or barriers required by Condition B, so it does not meet all inclusion criteria.",A Tailored Web-Based Video Intervention (ParentCoach) to Support Parents With Children With Sleeping Problems: User-Centered Design Approach
Rebecca M Prince; Anthony Soung Yee; Laura Parente; Katherine A Enright; Eva Grunfeld; Melanie Powis; Amna Husain; Sonal Gandhi; Monika K Krzyzanowska,High,Include,"""HCD_fullcycle"": [""A1 User Involvement: \""Potential end users, including patients, their caregivers, and health care providers (HCPs; medical oncologists, primary care physicians, and oncology nurses and pharmacists) were involved in all steps of prototype conceptualization and development.\"" - Methods: Study Overview"", ""A2 Iteration: \""The tool, comprising both a patient-facing and clinician-facing interface, was refined over 2 rounds of usability testing, resulting in a higher fidelity interactive prototype.\"" - Methods: Design and Usability Testing"", ""A3 Lifecycle (Understanding/Ideation/Prototyping/Evaluation): \""User needs were assessed using a participatory, user-centered design methodology that included field observation, interviews, and focus groups... These themes informed the design of the interactive prototype\"" (understanding + ideation); \""distinct interactive prototype interfaces were designed for both the patient and HCP roles\"" (prototyping); \""usability testing with 11 patients and 11 HCPs\"" (evaluation). - Methods: User Needs Assessment; Analysis; Design and Usability Testing; Results""], ""TASKS_elements"": [""\""Saturation of patient insights, defined as exhaustion of new feedback and themes, was not reached following the first round of ethnography; so additional patients were recruited and studied until saturation was reached, as confirmed by sampling of 2 additional patients.\"" - Methods: User Needs Assessment - This shows a designer-facing barrier (insufficient initial data requiring additional recruitment and iteration, affecting the design process and timeline)."", ""\""Our participants were from 2 large urban centers in southern Ontario and, thus, may not represent end-user needs from other jurisdictions. Selection bias may be present as HCPs who volunteered to participate may have been inherently more interested in using HIT solutions. Likewise, patients who contacted the study coordinator directly may represent a more motivated population... Our patient and caregiver participants had a median age of 55 and reported having at least a college education (81%), English as their first language (92%), and comfort using the internet and technology.\"" - Limitations - This describes reduced participant diversity/selection bias that limited designers' ability to collect representative end-user input, constraining design generalizability and potentially affecting design decisions.""]}",,Prince et al. - 2019 - User Centered Design of a Web Based Tool to Support Management of Chemotherapy Related Toxicities in.txt,"Condition A: satisfied - The study documents active user involvement, explicit iterative refinement (2 rounds of usability testing), and evidence of the full lifecycle (field observation/interviews = understanding; ideation/affinity diagramming = ideation; prototype design = prototyping; usability testing = evaluation).; Condition B: satisfied - The study reports designer-facing constraints: initial lack of saturation requiring additional recruitment (affecting iteration) and participant selection/demographic homogeneity (reduced data diversity) documented in Limitations, which impacted the designers' ability to obtain representative user input.; Final rationale: Both Condition A (full HCD cycle) and Condition B (designer-experienced constraints affecting the project) are met based on the provided Methods, Results, and Limitations text; therefore the paper should be included.",User-Centered Design of a Web-Based Tool to Support Management of Chemotherapy-Related Toxicities in Cancer Patients
Khyati Priya; Pankaj Upadhyay,Medium,Include,"""HCD_fullcycle"": [""A1 User Involvement: \""The process that was followed while developing these devices ... started with empathizing with the users and conducting an interview with them, shortlisting areas for intervention, ideating and conceptualizing, iterative prototyping, testing with people who were asked to use only one limb while trying out the device, and finally receiving feedback from the intended users of the products.\"" - Methodology (35.3) / Abstract"", ""A2 Iteration: \""iterative prototyping\"" and multiple prototype generations (e.g., \""A total of five prototypes was developed\"" for shoelace tying device; \""Trials of 1a led to design of 1b\"") showing explicit repeated refinement cycles - Methodology (35.3)"", ""A3 Lifecycle (Understanding/Ideation/Prototyping/Evaluation): Understanding: \""Structured interviews were conducted with three adult one-hand amputees.\"" - Primary Research (35.2.2); Ideation: \""A total of six assistive devices was conceptualized and prototyped\"" - Methodology (35.3); Prototyping: \""A total of eighteen prototypes tackling six different problems were manufactured.\"" - Methodology (35.3); Evaluation: \""Three participants gave feedback on the selected products remotely. For all the shortlisted devices, six questions were asked...\"" - Feedback and Results (35.4)""], ""TASKS_elements"": [""\""Feedback on the devices was taken remotely.\"" - Abstract / Feedback and Results (35.4) - This indicates the designers relied on remote feedback rather than in-person testing, limiting their ability to observe users interacting physically with prototypes, thus constraining evaluation activities."", ""\""A drawback of the methodology we followed is that the feedback was based on the perception of users about the products and not based on interacting with the devices physically. User-testing the products with the actual users may yield different, and in fact, more reliable results.\"" - Discussion (35.6) - Authors explicitly state that lack of physical interaction with users limited the reliability of evaluation, a constraint affecting designers' ability to complete evaluation/iterative refinement.""]}",,Priya K. and Upadhyay P. - 2021 - Assistive Devices for One Handed People Using Desktop Manufacturing Methods.txt,"Condition A: satisfied - The study documents empathic interviews informing design, explicit ideation and conceptualization, multiple prototype iterations (18 prototypes across 6 device types), and evaluation via trials and user feedback, fulfilling Understanding, Ideation, Prototyping, and Evaluation.; Condition B: satisfied - The authors explicitly report that feedback was remote and that users did not physically interact with prototypes, which limited evaluation and thus constrained designers' ability to perform design activities.; Final rationale: The paper reports a full user-centered iterative design cycle with user involvement, iteration, and all lifecycle phases present, and includes documented designer-facing constraints (remote feedback / lack of physical user testing) that impacted evaluation; therefore it meets both Condition A and Condition B and is included.",Assistive Devices for One-Handed People Using Desktop Manufacturing Methods
"Vince Quintana, Robert A. Howells, Lawrence Hettinger",High,Include,"""HCD_fullcycle"": [""A1 User Involvement: \""To date, over 30 user interaction and test events employing 1,100 users have been conducted to verify the utility of aspects of the DDG 1000 design...\"" - Abstract/Introduction (describing UT/UA events with fleet users)"", ""A2 Iteration: \""Through the use of summative and formative design analysis and design verification events, UT/UA is critical in identifying and rectifying issues early in the design process, and verifying system functionality later in the design process.\"" - Abstract/Introduction (describes repeated formative and summative cycles feeding back into design)"", ""A3 Lifecycle (Understanding/Ideation/Prototyping/Evaluation): \""captures the requirements, capabilities, and limitations of sailors expected to operate the ship\"" (understanding users); \""operators were polled on their best assessment of the location of various devices, and the test conductors were literally able to reconfigure the space 'on the fly'... lead to the best of breed consensus-derived configuration\"" (ideation/co-design); \""creation of a full-dimensional mock-up... The primary purpose of these mock-ups was to evaluate the utility of the area...\"" (prototyping); \""The results of these UT events have resulted in significant modifications to the design of ship systems\"" (evaluation). - UTs/UAs and Methods Used / FULL-DIMENSIONAL MOCK-UPS sections""], ""TASKS_elements"": [""\""They are also governed by fiscal realities as not everything can be tested; hence, a reasonable means approach to prioritization is a must.\"" - Lessons Learned / Process lessons learned - Why it shows a designer barrier: Indicates resource/funding limits forced prioritization and constrained testing scope, a constraint experienced by designers."", ""\""Every attempt is made to use 'targets of opportunity,' in other words tests that are already scheduled, to leverage costs and availability. The HSI-DV-IPT has 'piggy-backed' as many test opportunities as it can, given schedule and resources.\"" - Selecting Test Method / Process lessons learned - Why it shows a designer barrier: Explicitly states scheduling and resource shortages that forced designers to adapt test execution and rely on opportunistic scheduling."", ""\""They are not all easily mitigated as the usual compromises that need to be negotiated (space, weight, cost, etc.) exist with the DDG 1000 program as with all ship-building programs.\"" - Lessons Learned - Why it shows a designer barrier: Describes physical and programmatic constraints (space, weight, cost) that limited designers' options and required negotiation/compromise."", ""\""change cost growth (a key program driver) expands almost explosively as the program matures and makes HCD change implementation even more difficult.\"" - Conclusion - Why it shows a designer barrier: Identifies cost-growth over time as a constraint that hindered designers' ability to implement HCD-driven changes later in the program.""]}",,Quintana et al. - 2007 - User centered design in a large scale naval ship design program Usability testing of complex militar.txt,"Condition A: satisfied - Clear evidence of active user involvement (many user events with fleet personnel), explicit iterative formative and summative cycles, and documentation of the four lifecycle phases (requirements/understanding, ideation/co-design through on-the-fly reconfiguration, prototyping via full-dimensional mock-ups and simulations, and evaluation via UT/UA and DV events).; Condition B: satisfied - Multiple statements indicate designers faced concrete constraints (fiscal limits, scheduling/resource shortages, physical/space/weight/cost tradeoffs, and cost-growth limiting later changes), which forced adaptation of design/testing processes.; Final rationale: The paper reports authors' own HCD activities (not a meta-study), documents full HCD cycle activities with iterative user-involved testing, and explicitly describes designer-facing resource and program constraints that impacted design/testing; therefore it meets both Condition A and Condition B and should be included.",User-Centered Design in a Large-Scale Naval Ship Design Program: Usability Testing of Complex Military Systems—DDG 1000
"Madeline Raatz, Elizabeth C Ward, Jeanne Marshall, Clare L Burns",High,Include,"""HCD_fullcycle"": [""A1 User Involvement: \""Phase 4 involved user-centred feedback from clinicians and parents. Feedback from the development team, clinicians and parents was used to continuously refine the model.\"" - [Methods/Results: Phase descriptions]"", ""A2 Iteration: \""A four-phase iterative process, integrating principles of human-centred design, was used to develop and evaluate the system\"" - [Methods/Results: opening of Methods and results section]"", ""A3 Lifecycle (Understanding/Ideation/Prototyping/Evaluation): \""Phase 1...two telepractice researchers and two paediatric feeding clinicians identified assessment tasks and explored potential system design solutions.\""; \""Phase 2...Initial system testing was completed using clinical simulations (Phase 2).\""; \""Live trials with 10 typically developing children were then conducted (Phase 3).\""; \""Phase 4 involved user-centred feedback from clinicians and parents.\"" - [Methods/Results: Phases 1-4]""], ""TASKS_elements"": [""\""One appointment could not be completed due to patient-end internet connectivity issues that were unable to be resolved.\"" - [Phase 3: User-based testing] - This shows a participant-end connectivity constraint that prevented completion of a planned assessment, limiting the designers' ability to test and collect data."", ""\""After the first two assessments it became clear that parents were taking a long time, and experiencing difficulty capturing images for assessment of positioning and the intra-oral examination during the appointment, with some images inadequate for clinical decision making.\"" - [Phase 3: User-based testing] - This participant difficulty produced inadequate data and forced designers to adapt procedures (introducing asynchronous image collection and fact-sheet modifications)."", ""\""Device cameras also needed to be positioned at a 45° angle... a desktop computer was unsuitable for assessment needs due to difficulty repositioning the camera.\"" - [Phase 2: User-based testing (simulation)] - This is a technical/process constraint experienced by the design team that required selecting alternative device types and modifying system design."", ""\""...the use of asynchronous images was beneficial to improve the diagnostic accuracy of assessment tasks such as intra-oral examination due to reduced image quality during synchronous assessment.\"" - [Phase 4: User-centred evaluation and feedback/Discussion] - Reduced image quality in synchronous mode limited designers' ability to achieve diagnostic accuracy, prompting integration of asynchronous methods."", ""\""All participants agreed that having someone else to hold the camera was, or would have been, beneficial for their appointment, and would be crucial for mothers of children with breastfeeding difficulties. Mothers reported that they would not have been able to manage any attachment/re-attachment difficulties whilst holding the camera themselves.\"" - [Phase 4: User-centred evaluation and feedback] - This participant capability constraint affected feasibility of certain tasks and required design consideration (e.g., recommending a second person or different device).""]}",,Raatz et al. - 2019 - Developing the system architecture for conducting synchronous paediatric feeding assessments via tel.txt,"Condition A: satisfied - The study documents active user involvement (parents and clinicians), explicit iterative cycles (four-phase iterative process), and evidence of the full HCD lifecycle (Phase 1 understanding/ideation, Phase 2 prototyping/simulation, Phase 3 evaluation with users, Phase 4 feedback/refinement).; Condition B: satisfied - Multiple designer-facing constraints are reported (patient internet connectivity preventing completion of an appointment; parents' difficulty capturing adequate images requiring asynchronous solutions; device repositioning and camera limitations; participant inability to hold cameras), which directly affected the team's ability to perform design and evaluation activities.; Final rationale: Both Condition A (full HCD cycle with active user involvement and iteration) and Condition B (documented designer-experienced constraints that forced adaptations) are met, so the study should be included.",Developing the system architecture for conducting synchronous paediatric feeding assessments via telepractice
"Arvind Raghu, Devarsetty Praveen, David Peiris, Lionel Tarassenko, Gari Clifford",High,Include,"""HCD_fullcycle"": [""A1 User Involvement: \""we performed phases of prototyping and user assessment (which is illustrated through Figure 1) where the multidisciplinary team evaluated the end user interactions with the mobile application through observations and post-procedure interviews.\"" - Methods (CDS tool design / Field testing) [shows direct end-user observation and interviews shaping the design]"", ""A2 Iteration: \""Therefore, the agile development approach was followed in our study to iteratively design prototypes and elicit feedback from the end-users.\"" - Methods (CDS tool design) [explicit iterative/prototyping cycles described]"", ""A3 Lifecycle (Understanding/Ideation/Prototyping/Evaluation): \""the multidisciplinary team evaluated the end user interactions with the mobile application through observations and post-procedure interviews\"" and \""Field testing... 11 ASHAs... The ASHAs were trained for one week to use the CDS tool and tablet... A four point Likert scale was used to evaluate usability... an analytics framework was built within the tool... In-depth qualitative interviews with the ASHAs and focus group discussions were also undertaken\"" - Methods (CDS tool design / Field testing) [evidence of user understanding (interviews/observations), ideation/design iterations, prototyping (alpha/beta prototypes), and evaluation via field testing/usability metrics/analytics]""], ""TASKS_elements"": [""\""The requirements of our end-users compounded with the uncertainties in technical infrastructure (such as the availability of uninterrupted 2G/3G internet connectivity) could not be gauged thoroughly through a needs assessment. Therefore, the agile development approach was followed in our study to iteratively design prototypes and elicit feedback from the end-users.\"" - Methods (CDS tool design) - [Shows a technical/infrastructure constraint (connectivity uncertainty) that affected design approach and forced adaptation by the design team]"", ""\""blood glucose was measured using the OneTouch Ultra2 glucometer which did not have Bluetooth functionality although it was desirable. This was because the recurring cost of test strips was prohibitively high for a Bluetooth-enabled glucometer. All data in the CDS tool could be corrected or inputted manually.\"" - Methods (CDS tool design) - [Shows a resource/cost constraint that forced designers to accept manual entry and adapt the system design]"", ""\""end users had little or no experience with using information and communication technology and could not drive the design. To overcome this, firstly we employed a multidisciplinary team comprising an engineer, local physician, sociologist, and an expert physician to balance system requirements ... Secondly, we performed phases of prototyping and user assessment\"" - Methods (CDS tool design) - [Shows skill/knowledge gap among users that required designers to take on additional roles and adapt the process]"", ""\""Infrastructural barriers observed in our pilot study included power constraints as power supply was limited to fixed times of the day, and so the low-cost tablets had to be charged frequently or would not function optimally.\"" - Discussion / Limitations - [Shows a contextual infrastructure limitation (power supply) that affected device functioning and thus constrained design/deployment choices]""]}",,Raghu et al. - 2015 - Engineering a mobile health tool for resource poor settings to assess and manage cardiovascular dise.txt,"Condition A: satisfied - The paper documents active end-user involvement (observations, post-procedure interviews, iterative prototyping), explicit iterative development (agile, alpha/beta prototypes, iterative refinements), and a full lifecycle (user understanding, ideation/design iterations, prototyping, and field evaluation/usability testing).; Condition B: satisfied - Multiple designer-facing constraints are reported (connectivity uncertainty, cost-driven hardware choices forcing manual entry, users' limited ICT experience requiring the team to adapt roles and methods, and power supply limitations) that influenced design decisions and implementation.; Final rationale: Both the full HCD cycle and at least one valid designer-experienced task/constraint are present in the Methods/Results/Discussion/Limitations text, meeting inclusion criteria.",Engineering a mobile health tool for resource-poor settings to assess and manage cardiovascular disease risk: SMARThealth study
Bahlol Rahimi; Sajjad Karimian; Aisan Ghaznavi; Mohammad Jafari Heydarlou,High,Include,"""HCD_fullcycle"": [""A1 User Involvement: \""user-centered approaches such as interviews and observations were employed to gather user requirements. Face-to-face semistructured interviews were conducted to gain a comprehensive understanding of users' needs and their expectations from the system\"" - Methods, Phase 1"", ""A2 Iteration: \""Subsequently, the system was modified to accommodate these requests, and the updated version was presented to another focus group.\"" - Results, Phase 3"", ""A3 Lifecycle (Understanding/Ideation/Prototyping/Evaluation): \""(Understanding) user-centered approaches such as interviews and observations were employed to gather user requirements\"" - Methods, Phase 1; \""(Ideation/Design) UML was used to analyze users' needs and visualize their requirements and expectations in the use case diagram\"" - Methods, Phase 2; \""(Prototyping) The prototyping methodology was employed to design the required prototype\"" - Methods, Phase 2; \""(Evaluation) In the first month of implementing the system, a formative evaluation was conducted ... a self-made questionnaire ... was designed to evaluate the system.\"" - Methods/Results, Phase 4""], ""TASKS_elements"": [""\""The targeted mobile operating system for this study was the Android open-source operating system, given budget constraints, as opposed to iOS.\"" - Methods, Phase 2 - Resource limit forced design decision (Android only) instead of supporting iOS"", ""\""we invited all of the users but only 10 users were participated which they were active users in the interview section for a focus group meeting.\"" - Methods, Phase 3 - Participant access/low participation limiting designers' ability to gather broad iterative feedback"", ""\""Additionally, there was a lack of patient cooperation with the research team.\"" - Limitations - Participant cooperation constraint that affected designers' ability to engage patients in the design/evaluation"", ""\""there were issues with publishing the IOS app.\"" - Limitations - Technical/publishing barrier that constrained platform deployment choices"", ""\""The different numbers in the correlations table indicate that some parts of the questionnaire were not answered by patients and assistants, resulting in an N of 19 for their responses.\"" - Results, Phase 4 - Incomplete questionnaire responses limiting evaluation data available to designers""]}",,Rahimi B. et al. - 2023 - Requirements specification design and evaluation of dental image exchange and management system with.txt,"Condition A: satisfied - The study shows active user involvement via interviews, observations, and focus groups (A1); explicit iterative modification and re-presentation of updated prototypes to users (A2); and documentation of all four lifecycle phases: understanding (interviews/observations), ideation/design (UML/use-case analysis), prototyping (OOP/web prototype), and evaluation (focus groups, formative evaluation, questionnaire, and real-world implementation) (A3).; Condition B: satisfied - Multiple designer-facing constraints are reported: budget constraints dictating Android-only development, issues publishing the iOS app, limited patient cooperation, low focus-group participation, and incomplete questionnaire responses, all of which affected designers' deployment, iteration, and evaluation activities.; Final rationale: The paper reports a full human-centered design cycle with iterative user involvement and also documents concrete constraints experienced by the design team; therefore it meets both Condition A (full HCD cycle) and Condition B (designer-faced tasks/evidence) and should be included.","Requirements specification, design, and evaluation of dental image exchange and management system with user‐centered approach: A case study in Iran"
Jacquelin Rankine; Deepika Yeramosu; Loreta Matheo; Gina M Sequeira; Elizabeth Miller; Kristin N Ray,Medium,Include,"""HCD_fullcycle"": [""A1 User Involvement: \""We evaluated the static prototype and workflow storyboards with target users, including general pediatrician PCPs and adolescent medicine specialists. We incorporated feedback from this process to develop a functional prototype within the electronic health record (EHR) and again evaluated this with PCPs and adolescent medicine specialists.\"" - Methods"", ""A2 Iteration: \""Changes were made to the prototype after every 3 participants to continuously incorporate feedback.\"" - Iterative Design Process (Phase 1)"", ""A3 Lifecycle (Understanding/Ideation/Prototyping/Evaluation): \""We developed a prototype e-consultation template and workflow based on a literature review and conversations with individuals using e-consultations in other settings... we evaluated the static prototype and workflow storyboards... After incorporating feedback from phase 1, we developed a functional electronic prototype within the play environment of our EHR (EpicCare)... participants provided think-aloud commentary during the use of the prototypes and semistructured exit interviews, which was qualitatively analyzed\"" - Methods / Iterative Design Process""], ""TASKS_elements"": [""\""The user-centered design process outlined here is both a strength and a limitation of this study. Our study included a small number of participants from a single geographic area and practice within a specific clinical context... which may lack generalizability or acceptability for other health systems\"" - Limitations - This indicates a limited participant pool and reduced data diversity that constrained the designers' ability to gather broader user input during the design process."", ""\""We did not include AYAs or caregivers in the design process.\"" - Limitations - This omission is an explicit limitation on the designers' stakeholder engagement, showing a constraint in performing comprehensive user-centered design activities with all relevant user groups."", ""\""At the time of this study, no payers in our region paid clinicians for their time conducting store-and-forward provider-to-provider consultations.\"" - Recruitment/Methods - This reflects a resource/payment constraint in the local context that could have affected recruitment, clinician engagement, or the designers' ability to sustain realistic workflow testing during design.""]}",,Rankine et al. - 2021 - Optimizing e Consultations to Adolescent Medicine Specialists Qualitative Synthesis of Feedback From.txt,"Condition A: satisfied - The study documents active user involvement (think-alouds, exit interviews with PCPs and adolescent medicine specialists), explicit iterative cycles with changes after participants, and evidence of the four lifecycle phases (understanding via literature/conversations, ideation/storyboards, prototyping static and EHR functional versions, and evaluation through qualitative methods and timed tasks).; Condition B: satisfied - The paper reports designer-facing constraints including a small, geographically limited participant sample reducing data diversity, explicit omission of AYAs/caregivers from the design process (limiting stakeholder engagement), and a local lack of payer reimbursement for e-consultation time that could constrain clinician participation—each representing barriers affecting the designers' ability to perform comprehensive design activities.; Final rationale: The manuscript describes a complete iterative user-centered design process (users shaping design, repeated iterations, and full lifecycle activities) and reports multiple limitations that constitute designer-facing constraints during the project; therefore it meets both Condition A and Condition B and should be included.",Optimizing e-Consultations to Adolescent Medicine Specialists: Qualitative Synthesis of Feedback From User-Centered Design
Nema Rao; Sophy Perdomo; Charles Jonassaint,High,Include,"""HCD_fullcycle"": [""A1 User Involvement: \""Key stakeholders were recruited from the Pittsburgh, Pennsylvania, metropolitan area and included patients with acute and chronic pain, clinicians, clinical researchers, and design students.\"" - Methods, Setting/Phase I"", ""A2 Iteration: \""We planned an iterative and cyclical development process that included stakeholder engagement and feedback from users... we used an agile development process to build a fully functioning prototype of an app that utilized the painimations (ie, Painimation).\"" - Abstract; Methods, Phase III"", ""A3 Lifecycle (Understanding/Ideation/Prototyping/Evaluation): \""Phase I (inspiration) consisted of empathizing with users, understanding how patients experience pain... In Phase II (ideate) we conceptualized and evaluated different approaches... In Phase III (implementation)... we incorporated all concepts to test a minimally viable product, a fully functioning pain assessment app. We then gathered feedback through an agile development process and applied this feedback to finalizing a testable version of the app...\"" - Abstract; Methods, Phases I-II-III""], ""TASKS_elements"": [""\""A major limitation of this study approach, however, is the small sample and thus limited age, genders, ethnicity/race, and number of pain conditions that were represented by the user and stakeholder groups. For example, only a small number of African Americans with SCD tested the app. Consequently, the generalizability of our findings is limited. The Painimation concept will need to be tested by a larger, more representative sample...\"" - Discussion, Strengths and Limitations - This indicates reduced data diversity/limited participant sample that affected designers' ability to ensure the designs covered diverse user needs (resource/participant access constraint)."", ""\""It is likely that prior experiences and biases may have influenced the direction of designs and how the findings were interpreted.\"" - Discussion, Strengths and Limitations - This describes a designer-facing constraint (reflexivity/bias) that could have influenced design decisions and interpretation (cognitive/interpretive constraint)."", ""\""A new set of 11 participants—patients with a history of pain, clinicians, and researchers—were recruited by word of mouth and asked to evaluate the painimations...\"" - Methods, Phase II Wireframe Creation - Recruitment by word of mouth suggests a limited recruitment approach that likely constrained participant diversity/access during design and evaluation (participant access/resource limitation).""]}",,Rao et al. - 2022 - A Novel Method for Digital Pain Assessment Using Abstract Animations Human Centered Design Approach.txt,"Condition A: satisfied - The study documents explicit user involvement, multiple iterative cycles (including agile development), and all four HCD phases (understanding, ideation, prototyping, evaluation) with quotes and pilot testing.; Condition B: satisfied - The paper reports designer-facing constraints including limited sample size/data diversity affecting representativeness, investigator reflexivity/bias that influenced design direction, and limited recruitment methods—all of which impacted the designers' ability to perform comprehensive design activities.; Final rationale: All HCD full-cycle criteria are met and the manuscript includes explicit, project-level designer constraints; therefore the study should be included.",A Novel Method for Digital Pain Assessment Using Abstract Animations: Human-Centered Design Approach
Jessica M Ray; Osama M Ahmed; Yauheni Solad; Matthew Maleska; Shara Martel; Molly M Jeffery; Timothy F Platts-Mills; Erik P Hess; Gail D’Onofrio; Edward R Melnick,High,Include,"""HCD_fullcycle"": [""A1 User Involvement: \""a total of 26 unique participants offered feedback during iterative design, including 14 through informal sessions and 12 through formal user feedback sessions.\"" - Methods: Clinical Context and Population"", ""A2 Iteration: \""We created 5 major prototypes based on ongoing feedback.\"" - Results: Phase 3 (Iterative Design)"", ""A3 Lifecycle (Understanding/Ideation/Prototyping/Evaluation): \""Primary phases in this method included (1) needs assessment, (2) initial prototype design, (3) iterative design feedback, and (4) final prototype testing.\"" - Methods: Clinical Context and Population""], ""TASKS_elements"": [""\""Termination was based on consensus, cost, and time constraints, as opposed to thematic saturation [29].\"" - Methods: Pragmatic Approach - [Shows resource limits (cost and time) that constrained the design team's ability to continue iterative data collection and reach thematic saturation, forcing earlier termination of iteration]"", ""\""Design and user feedback sessions were conducted at a single site... Having a limited group of users engaged in design is practical and not unique to our work. However, we recognize that this introduces the potential for design features supporting local norms and processes that may not be generalizable.\"" - Limitations - [Shows limited participant/sample diversity reducing designers' ability to obtain broader feedback and potentially constrain design generalizability]""]}",,Ray J.M. et al. - 2019 - Computerized clinical decision support system for emergency department initiated buprenorphine for o.txt,"Condition A: satisfied - The paper documents active user involvement, explicit multiple iterative prototypes (5 major prototypes), and the four lifecycle phases (needs assessment, ideation/initial prototype, prototyping, and evaluation/testing).; Condition B: satisfied - The team reported resource constraints (cost and time) that terminated iterations before saturation and acknowledged single-site, limited-user engagement that constrained diversity of design feedback.; Final rationale: Both Condition A (full HCD cycle) and Condition B (designer-facing task/constraint evidence) are met based on the Methods, Results, and Limitations; therefore the study is included.",Computerized Clinical Decision Support System for Emergency Department–Initiated Buprenorphine for Opioid Use Disorder: User-Centered Design
Thomas J Reese; Guilherme Del Fiol; Keaton Morgan; Jason T Hurwitz; Kensaku Kawamoto; Ainhoa Gomez-Lumbreras; Mary L Brown; Henrik Thiess; Sara R Vazquez; Scott D Nelson; Richard Boyce; Daniel Malone,High,Include,"""HCD_fullcycle"": [""A1 User Involvement: \""Target users (ie, 2 physicians and 1 pharmacist) were individually shown the initial complete user interface prototype and asked to provide feedback on the usefulness, aesthetics, proposed functionality, and content.\"" - Methods (Design); \""Patients participated in a simulated SDM discussion using clinical vignettes... Following the clinical scenarios, patients were asked questions pertaining to aspects of DDInteract, the use of DDInteract for SDM, and the utility of SDM for DDIs.\"" - Methods (Usability - Patients)"", ""A2 Iteration: \""The user-centered process included iterative and overlapping steps of prototyping (ie, low fidelity, stable, and high fidelity), stakeholder feedback, and usability heuristics and testing.\"" - Methods (Overview); \""Features and functionality evolved through multiple iterations.\"" - Results (Design)"", ""A3 Lifecycle (Understanding/Ideation/Prototyping/Evaluation): \""The process began with an artifact appraisal of SDM tools, DDI alerts, and clinical practice materials relevant to anticoagulants. Information from this appraisal was used to sketch low-fidelity feature prototypes\"" - Methods (Design); \""these were combined into an initial prototype of the complete user interface using Adobe XD... stable prototype... modified to address findings from the heuristic evaluation, it was considered high fidelity and ready for usability testing.\"" - Methods (Design/Overview); \""The usability assessments consisted of two parts: (1) patient interviews with simulated clinic visits and (2) clinician task performance assessments and usability surveys.\"" - Methods (Usability)""], ""TASKS_elements"": [""\""Of the 11 participants, 3 stopped the task study after the first task. Of those 3 participants, 2 were pulled to clinical duties.\"" - Results (Clinicians) - [Participant access issue interrupted data collection and reduced completed task data, limiting designers' usable evaluation sample]"", ""\""One of the two major issues was associated with the number four in Figure 3. The evaluators thought that users may not correctly interpret 'Substitute' and 'Add' when selecting treatment options. In response, we removed the order entry context, which will avoid a user from referencing the warfarin or NSAID order in process.\"" - Results (Design) - [Heuristic-identified usability/process issue forced designers to change functionality (remove order-entry context), demonstrating a process/technical constraint that impacted design decisions]""]}",,Reese et al. - 2021 - A Shared Decision making Tool for Drug Interactions Between Warfarin and Nonsteroidal Anti inflammat.txt,"Condition A: satisfied - The paper documents active user involvement (target users and patients informed design), explicit iterative refinement across multiple prototype fidelities, and evidence of the full lifecycle (understanding via artifact appraisal and interviews, ideation/sketching, prototyping low-to-high fidelity, and evaluation via heuristic eval and usability testing).; Condition B: satisfied - The manuscript reports designer-facing constraints: participant access interruptions that reduced completed usability data and heuristic-identified interaction ambiguities that forced removal of order-entry context and other feature changes.; Final rationale: Both the full HCD cycle (A1, A2, A3) and at least one designer-experienced task/constraint are evidenced in Methods and Results, meeting inclusion criteria.",A Shared Decision-making Tool for Drug Interactions Between Warfarin and Nonsteroidal Anti-inflammatory Drugs: Design and Usability Study
Åsa Revenäs; Ann-Christin Johansson; Maria Ehn,High,Exclude,"""HCD_fullcycle"": [""A1 User Involvement: \""During the iterative testing (Figure 1, study 4), the participants tested and evaluated prototype versions of the digital support (2 applications) in 4 test cycles. Each participant performed the tests individually with a researcher. Qualitative and quantitative data on use and use experience were collected during and after the test sessions.\"" - Usability Test Procedure / Methods"", ""A2 Iteration: \""participants tested and evaluated prototype versions of the digital support (2 applications) in 4 test cycles... Prioritization of difficulties/deficiencies to be improved before the next test cycle\"" - Usability Test Procedure / Step 3 Prioritization"", ""A3 Lifecycle (Understanding/Ideation/Prototyping/Evaluation): \""Multiple sources of mainly qualitative data on participants’ management and experiences of the applications: questionnaire on user characteristics (Multimedia Appendix 1); observation protocol (Multimedia Appendix 2); written interview and user rating documentation (Multimedia Appendix 3); audio recording\"" (understanding) and \""participants tested and evaluated prototype versions of the digital support (2 applications)\"" (prototyping) and \""Qualitative and quantitative data on use and use experience were collected during and after the test sessions.\"" (evaluation). No explicit description of ideation activities such as concept generation workshops is provided in the Methods/Results sections. - Table 1 / Usability Test Procedure / Methods""], ""TASKS_elements"": [""\""In order to make the method feasible, the number of subgroups considered needs to be limited.\"" - Limitations - This describes a feasibility constraint experienced by the researchers that forced a limitation on the design process (selection and dichotomization of user characteristics).""]}","Condition A not satisfied - no explicit evidence of ideation (concept generation/workshops) in the reported methods, so full HCD cycle not demonstrated.",Revenäs et al. - 2020 - Integrating Key User Characteristics in User Centered Design of Digital Support Systems for Seniors.txt,"Condition A: not satisfied - while user involvement, prototyping, and iterative evaluation are documented, the paper does not provide explicit evidence of an ideation phase (concept generation or workshops) within the reported methods.; Condition B: satisfied - the Limitations explicitly state a feasibility constraint (limiting number of subgroups) that affected researchers' design choices, representing a designer-facing constraint.; Final rationale: The study is a protocol describing iterative usability testing with user involvement and documented prototyping and evaluation, but it lacks explicit evidence of the ideation phase required for a full HCD cycle; therefore it does not meet Condition A and is excluded.",Integrating Key User Characteristics in User-Centered Design of Digital Support Systems for Seniors’Physical Activity Interventions to Prevent Falls: Protocol for a Usability Study
"Åsa Revenäs, Lars Ström, Antonio Cicchetti, Maria Ehn",High,Include,"""HCD_fullcycle"": [""A1 User Involvement: \""In the design phase, the users contributed with individual feedback and usability data on high-fidelity prototype versions in four iterations. A user's feedback was coded with his/her user profile...\"" - Methods (2.1, 2.4, 2.5)"", ""A2 Iteration: \""...included a four iterations design phase followed by an evaluation phase.\"" - Methods (overview); also: \""After each test cycle, the researchers presented results from the user tests to the company representatives and joint discussions concluded how prioritized suggested improvements could be implemented.\"" - Methods (2.2)"", ""A3 Lifecycle (Understanding/Ideation/Prototyping/Evaluation): \""The users completed a questionnaire... on background information...\"" (understanding) - Methods (2.5, 2.6.1); \""After each test cycle... joint discussions concluded how prioritized suggested improvements could be implemented.\"" (ideation/prioritization) - Methods (2.2, 2.8); \""Prototypes of two digital applications... they were high-fidelity prototypes... which were gradually improved and developed based on feedback and identified in the four iterations.\"" (prototyping) - Methods (2.4); \""The evaluation phase... Fifteen older adults participated in the usability evaluation phase... The evaluation included tasks, observations, interviews and the User Experience Questionnaire (UEQ).\"" (evaluation) - Methods (2.5, 2.6, 2.6.4)""], ""TASKS_elements"": [""\""However, it was difficult to recruit users with low TE in the UCD, a challenge also described previously [25]. Nevertheless, the approach used to code each user by gender, PA level and TE, made the researchers aware of this bias and resulted in efforts to recruit users with low TE after TC1.\"" - Discussion/Results - Why it shows a designer barrier: participant access issue that limited representation and required adaptation of recruitment efforts during the project."", ""\""A weakness of this study is the small user group size in the evaluation, which limited the possibilities to draw any firm conclusions from the results...\"" - Limitations (Discussion) - Why it shows a designer barrier: resource/sample-size limitation affected the designers'/evaluators' ability to draw conclusions and fully assess design decisions."", ""\""Some issues identified in TC2 were not prioritized for action, for example problems impossible to address in the OI development (e.g., dazzling screen) and functions in the abandoned calendar.\"" - Results (3.1/3.2) - Why it shows a designer barrier: technical/implementation constraints prevented designers from addressing certain user-identified issues."", ""\""...suggested improvements that required larger efforts from the development team and that were not crucial for usability or inclusiveness... were not prioritized for action in this case study.\"" - Discussion/Results - Why it shows a designer barrier: resource/effort constraints (development capacity/time) limited what designers could implement.""]}",,Revenäs et al. - 2023 - Toward digital inclusion of older adults in e health a case study on support for physical activity.txt,"Condition A: satisfied - Users actively shaped the design through four explicit iteration cycles with think-aloud, interviews, questionnaires, prioritized feedback and high-fidelity prototype adjustments; evidence of understanding users, ideation/prioritization, prototyping and formal evaluation is documented.; Condition B: satisfied - The study documents designer-facing constraints: difficulties recruiting low-technology-experience participants (participant access issue), small evaluation sample limiting conclusions (resource/sample constraint), technical issues impossible to address in the open-innovation development (implementation constraint), and deprioritization of larger-effort features due to development capacity.; Final rationale: The paper reports a full HCD cycle with active user involvement and iteration, and clearly describes multiple designer-experienced constraints that affected the conduct and outcomes of the design process. Therefore it meets both Condition A and Condition B and is included.",Toward digital inclusion of older adults in e‑health: a case study on support for physical activity
