authors,confidence,decision,evidence,exclusion_reason,file_name,reasoning,title
Unknown,High,Exclude,"""HCD_fullcycle"": [""A1 User Involvement: \""No Methods, Results, Discussion, Conclusion, or Limitations text provided in supplied excerpt.\"" - [Supplied text]"", ""A2 Iteration: \""No Methods, Results, Discussion, Conclusion, or Limitations text provided in supplied excerpt.\"" - [Supplied text]"", ""A3 Lifecycle (Understanding/Ideation/Prototyping/Evaluation): \""Provided content only lists screenshots titles (Dashboard; Main activity page; Exercising with a Chronic Condition module; Fatigue Management module) with no methodological detail.\"" - [Multimedia Appendix 1]""], ""TASKS_elements"": []}","Insufficient reporting: no evidence of user involvement, iteration, or complete HCD lifecycle; no designer-facing task constraints.",Richardson J - 2021 - Using a Web Based App to Deliver Rehabilitation Strategies to Persons With Chronic Conditions Develo.txt,"Condition A: not satisfied - the supplied excerpt contains no methodological sections (Methods, Results, Discussion, Conclusion, or Limitations) and provides only screenshots titles, so no evidence of user involvement, iteration, or all four lifecycle phases.; Condition B: not satisfied - there is no description of designers' difficulties, constraints, or barriers in the provided text.; Final rationale: Exclusion because the provided excerpt lacks the required evidence of a full HCD cycle and contains no designer-oriented task constraints; cannot evaluate inclusion without methodological detail.",Multimedia Appendix 1: Screenshots of iamable user interface
"Zachary Rivers, Joshua A. Roth, Winona Wright, Sun Hee Rim, Lisa C. Richardson, Cheryll C. Thomas, Julie S. Townsend, Scott D. Ramsey",High,Include,"""HCD_fullcycle"": [""A1 User Involvement: \""Prototyping and iteration were conducted with structured focus groups involving state cancer control planners and staff from the Centers for Disease Control and Prevention and the American Public Health Association.\"" - Methods (Overview/Prototyping)"", ""A1 User Involvement: \""Participants provided verbal feedback during the session... After this session, we distributed the model and a user guide... Users were given 2 wk to review the model and provide feedback to the modeling team.\"" - Methods (Prototyping / Feedback solicitation)"", ""A2 Iteration: \""Prototyping and iteration occurred through focus groups, with the initial prototyping and iteration step engaging end users at the state cancer control level and the second iteration step engaging users at the national organization level.\"" - Methods (Overview)"", ""A2 Iteration: \""Feedback from each focus group session was discussed among the modeling team. Mock-up models were distributed... Updated models were distributed to state-level end users for a second wave of focus groups... This model was used to conduct focus group sessions with CDC NCCCP leadership (group 2).\"" - Methods (Iteration)"", ""A3 Lifecycle (Understanding/Ideation/Prototyping/Evaluation): \""Ideation involved defining the model parameters with the modeling team from Fred Hutchinson Cancer Center, APHA, and the CDC. This step also involved identifying the target end users, the intended use, and overall goals of the model/tool.\"" - Methods (Overview/Ideation)"", ""A3 Lifecycle (Understanding/Ideation/Prototyping/Evaluation): \""We constructed a model in Microsoft Excel to simulate health outcomes and costs of a variety of postcancer diagnosis survivorship interventions...\"" - Methods (Ideation / Model structure / Prototyping)"", ""A3 Lifecycle (Understanding/Ideation/Prototyping/Evaluation): \""After participants had dedicated time to test the first revision of the model, they expressed that the modifications... made the model easier to use overall and less intimidating to navigate. They had a better understanding on how to use and apply the model as a result of the newly incorporated guidance text.\"" - Results (Participant Feedback / Evaluation)""], ""TASKS_elements"": [""\""Some states were lost to follow-up due to time constraints, changes in roles, and changes in availability.\"" - Results (Participant Characteristics) - This shows participant access issues that limited the designers' ability to obtain iterative feedback from all intended state users."", ""\""Our ability to conduct user-centered research may have also been hampered by the use of e-mail and video focus groups rather than in-person sessions\"" - Discussion (Limitations) - This indicates a process/technical constraint that affected designers' ability to conduct ideal user research and observe real-world use."", ""\""Due to the granularity of survival data needed, proxy states were used for states where data were not available due to data use agreement\"" - Methods (Model structure) - This documents a data availability/resource limitation that forced designers to adopt proxy data, affecting model construction decisions."", ""\""An additional limitation is the lack of real-world follow-up for feedback on model comfort and use... participants... had been able to afford little time to explore the model, given competing priorities.\"" - Discussion (Limitations) - This documents participant time constraints that limited designers' capacity to collect comprehensive real-world evaluation data.""]}",,Rivers et al. - 2023 - Translating an Economic Analysis into a Tool for Public Health Resource Allocation in Cancer Survivo.txt,"Condition A: satisfied - The methods and results document active user involvement (focus groups with state and national stakeholders), explicit iteration cycles (initial prototyping, revisions, second-wave testing), and the full lifecycle steps (ideation/understanding users, prototyping, and evaluation/usability testing).; Condition B: satisfied - Multiple designer-facing constraints are described (loss to follow-up/time constraints, hampered ability due to email/video format, and data unavailability requiring proxy states) that affected the research team's ability to perform design and evaluation activities.; Final rationale: The paper reports an end-user-centered, iterative redesign of a decision-support model with documented user-driven changes and explicit designer-facing barriers to iteration and data collection; thus it meets the full HCD cycle and includes designer task/constraint evidence.",Translating an Economic Analysis into a Tool for Public Health Resource Allocation in Cancer Survivorship
"Johanna Amalia Robinson, Rok Novak, Tjaša Kanduc, Thomas Maggos, Demetra Pardali, Asimina Stamatelopoulou, Dikaia Saraga, Danielle Vienneau, Benjamin Flückiger, Ondřej Mikeš, Céline Degrendele, Ondřej Sáňka, Saul García Dos Santos-Alves, Jaideep Visave, Alberto Gotti, Marco Giovanni Persico, Dimitris Chapizanis, Ioannis Petridis, Spyros Karakitsios, Dimosthenis A. Sarigiannis, David Kocman",High,Include,"""HCD_fullcycle"": [""A1 User Involvement: \""we iteratively included participants in the framing and design of the final report. User needs were mapped using a survey (n = 82), and feedback on the draft report was obtained from a focus group (n = 5). User requirements were assessed and validated using a post-campaign survey (n = 31).\"" - Abstract / Methods (2.2 User-Centred Design, 2.2.2 Research: Pre-Campaign Survey, 2.2.4 Evaluation: Focus Group, 2.2.6 Validate: Post-Campaign Survey)"", ""A2 Iteration: \""involving them in three iterative cycles of the design process through surveys and focus group discussion, where their feedback was used to frame and evaluate the content of a final individual results report.\"" and \""The participant involvement was implemented in steps two, four and six in order to define their needs, to adjust the report according to their feedback and to validate the final product.\"" - Introduction / Methods (2.2 User-Centred Design)"", ""A3 Lifecycle (Understanding/Ideation/Prototyping/Evaluation): \""mapping the user needs with a pre-campaign survey (n = 82) conducted face-to face, in an interview-like setting...\"" (Understanding); \""ideas for the preliminary report were drafted based on initial user needs and collaborative efforts of the project consortium\"" (Ideation); \""A preliminary report was drafted and generated in Ljubljana\"" (Prototyping); \""A one and a half hour long focus group meeting was organised... The focus group discussion was recorded, transcribed and translated into English. The main findings were implemented straight away to improve the draft report...\"" and \""The Ljubljana participants received an online post-campaign survey invitation together with the final results report email... Thirty-one participants answered the survey.\"" (Evaluation/Validation) - Methods (2.2.2, 2.2.3, 2.2.4, 2.2.6) ""], ""TASKS_elements"": [""\""Due to the nature of low-cost sensors, some sensors failed to record any data while others malfunctioned, resulting in data gaps. The result was that some participants' reports had missing data resulting in blank charts, which left participants feeling disappointed\"" - Results (3.5 Validate: Post-Campaign Survey) - [Why it shows a designer barrier: sensor failures and data gaps forced the design team to handle missing data, adapt visualisations, QA/QC, and decide how to present/omit results (affecting their ability to produce consistent reports)]."", ""\""Low-cost sensors come with a particular uncertainty, and missing data from malfunction or other causes is an issue that scientists need to consider to not disappoint the participants.\"" - Methods (2.2.3 Design: Preliminary Report) - [Why it shows a designer barrier: sensor uncertainty and missing data constrained design choices and required technical handling by designers]."", ""\""The focus group was organised at the onset of the SARS CoV-2 pandemic in Slovenia, causing some to decline to attend an in-person event. However, a final number of five in-person attendees... Some participants suggested providing feedback electronically instead, and we received 19 answers to the same questions discussed during the focus group through an online questionnaire.\"" - Methods (2.2.4 Evaluation: Focus Group) - [Why it shows a designer barrier: pandemic-related participant access limitations forced adaptation of engagement methods and likely reduced in-person iterative feedback]."", ""\""The adaptation of the results report included compromises between participants' requirements and technical limitations. The PM, for example, was considered an important parameter and was presented in different charts. In the most basic form, using daily averages together with WHO guidelines were displayed. A more fine-grade visualisation was not feasible due to space limitations and because WHO guidelines for PM2.5 and PM10 only include daily values.\"" - Results (3.4 Adapt: Final Results Report) - [Why it shows a designer barrier: technical constraints and reporting standard limitations forced trade-offs in visualization fidelity]."", ""\""The codes were checked and revised for flaws such as double reports, mixed summer/winter seasons, wrong participant numbers, typos and the deletion of some lines. The individual reports were still manually checked for any mistakes before sending them to the participants.\"" - Results (3.4 Adapt: Final Results Report) - [Why it shows a designer barrier: data-processing and automation issues increased designer workload and required manual corrections, impacting report production].""]}",,Robinson J.A. et al. - 2021 - User centred design of a final results report for participants in multi sensor personal air pollutio.txt,"Condition A: satisfied - The study documents explicit user involvement (pre-campaign survey, focus group, post-campaign survey), iterative refinement (three cycles/steps 2,4,6), and all four lifecycle phases (understanding user needs, ideation of report, prototyping preliminary report, evaluation via focus group and post-survey).; Condition B: satisfied - The manuscript reports multiple designer-facing constraints (sensor malfunctions and data gaps, pandemic-limited focus group attendance requiring adaptation, technical limitations forcing visualization trade-offs, and data-processing/code issues) that affected designers' ability to perform design activities.; Final rationale: Both Condition A (full HCD cycle) and Condition B (designer-oriented task/constraint evidence) are met with explicit statements in Methods, Results, Discussion, and Limitations, so the study should be included.",User-Centred Design of a Final Results Report for Participants in Multi-Sensor Personal Air Pollution Exposure Monitoring Campaigns
"Danissa V. Rodriguez, Katharine Lawrence, Son Luu, Jonathan L. Yu, Dawn M. Feldthouse, Javier Gonzalez, Devin Mann",High,Include,"""HCD_fullcycle"": [""A1 User Involvement: \""In Phase 1 of the study, which resulted on the development of PAMS, we utilized a user-centered design (UCD) approach to identify the core features of the engagement system—including its technical build, message content, message cadence, and delivery mode—design the intervention, and test the early prototypes.\"" - [PAMS STUDY OVERVIEW AND RESEARCH DESIGN STRATEGY]"", ""A2 Iteration: \""The technical development of PAMS follows an agile software development approach based on an incremental process where feature-based builds are delivered in iterative cycles of 2 weeks (sprints). Each iterative cycle consists of requirement planning, design, development, and testing of a specific set of functional features, making sure each subsequent iterations incorporates improvements based on user feedback.\"" - [PAMS TECHNICAL DEVELOPMENT]"", ""A3 Lifecycle (Understanding/Ideation/Prototyping/Evaluation): \""The core components of PAMS were identified, prototyped, and evaluated among key stakeholders through a series of semistructured group and individual interviews, design thinking workshops, and user testing sessions during Phase 1 of the study. Stakeholders included patients with prediabetes, primary care providers (PCPs), health technologists, behavioral change theorists, and product developers and coaches... In divergent stages, message content was creatively explored and developed among various stakeholders (eg, patients, providers, content experts), using strategies such as content workshops, personas, and brainstorming sessions. In convergent stages, messages were reviewed by content and theory experts (eg, dDPP coaches, behavior change theorists), refined, and compared to relevant behavior change theories and techniques... a set of user requirements were written to guide the development of PAMs and then refined to identify the 'minimum viable product' (MVP) that was developed, piloted, and further refined... Messages were periodically reviewed by stakeholders and tested in near-live and live environments for feedback, which were used to refine and add messaging content.\"" - [PAMS CONTENT AND FEATURES DEVELOPMENT; PAMS TECHNICAL REQUIREMENTS]""], ""TASKS_elements"": [""\""High data security standards were enforced, which introduced challenges with some AWS features and interoperability across platforms. Some inbound requests and data transfers were blocked by the firewall as an attempt to secure data, challenging the Twilio-AWS connection for the reception of the incoming messages and the AWS-Epic integration for the secure deployment of the provider dashboard; protected health information (PHI) data were also carefully handle to overcome enforced AWS security standards such as the restriction of storing sensitive data on dynamo databases or s3 buckets; and times delays in updating builds that are dependent on third parties such as with Epic.\"" - [Technical challenges and limitations] - This describes technical and integration constraints that directly impeded the development team's ability to implement required functionalities (process/technical issues)."", ""\""The initial stage of the study involved highly manual processes... it takes approximately 50 min for a research staff to perform all data handling steps and execute SMS triggering for each of the patients on a weekly basis. With 9 initial study subjects enrolled to support early-stage development, manual processing of user data was manageable; however, as the number of participants increases, manual processing would quickly become unsustainable. Study documentation has also shown instances of human errors.\"" - [PAMS AUTOMATION] - This documents resource/time constraints and process burden experienced by the development/research team that forced changes (automation) to their workflow."", ""\""PAMS is the result of an ongoing study aiming to design a platform that addresses user feedback and learnings, frequent changes challenged the efficiency of our small development team, but PAMS modular design facilitated the delivery of the system on time.\"" - [Technical challenges and limitations] - This indicates personnel/resource limitations and how frequent requirement changes strained the small development team.""]}",,Rodriguez et al. - 2021 - Development of a computer aided text message platform for user engagement with a digital Diabetes Pr.txt,"Condition A: satisfied - The Methods describe explicit user-centered design activities (focus groups, interviews, design workshops, user testing), agile iterative development (sprints, iterative cycles), and evidence of all four lifecycle phases (user understanding, ideation via double diamond, prototyping/MVP, and evaluation/user testing).; Condition B: satisfied - The paper reports multiple designer-facing constraints (technical integration and security issues, manual processing time/human error concerns, delays from third-party dependencies, and small-team capacity strains) that impeded development and required adaptation.; Final rationale: The manuscript documents a full HCD cycle with active user involvement, iterative refinement, and lifecycle phases, and it explicitly reports designer-experienced task/process barriers. Therefore it meets both Condition A and Condition B and should be included.",Development of a computer-aided text message platform for user engagement with a digital Diabetes Prevention Program: a case study
"Rodriguez NM, Balian L, Tolliver C, Kataki I, Jesus JR-D, Linnes JC",High,Exclude,"""HCD_fullcycle"": [""A1 User Involvement: Methods: 'Semi-structured in-depth interviews were conducted with PLHIV and HIV providers... and included a demonstration of the device prototype with feedback-gathering questions.' - Shows end-users were engaged and provided feedback on the prototype."", ""A2 Iteration: Discussion: 'ongoing efforts will focus on adapting the current device prototype to incorporate these user requirements as design specifications and to continue to acquire iterative feedback from a larger and more diverse group of potential end-users.' - Indicates iterative feedback is planned for the future; no explicit evidence of multiple feedback-redesign cycles in the reported study."", ""A3 Lifecycle (Understanding/Ideation/Prototyping/Evaluation): Methods/Results/Discussion: Methods state 'Interview guides were developed based on contextual investigation and human-centered design frameworks' (understanding) and 'included a demonstration of the device prototype with feedback-gathering questions' (prototyping/evaluation). There is no description of an ideation phase (e.g., co-design workshops or concept generation) or multiple cycles of ideation → prototyping → evaluation reported in the Methods/Results/Discussion.""], ""TASKS_elements"": [""Discussion/Limitations: 'a key limitation of this study is that our recruitment strategy relied on flyers posted at HIV organizations and thus all PLHIV participants were already connected to care. Future work will aim to reach vulnerable communities in which PLHIV may not yet be connected to care' - Shows a participant-access limitation that affected the researchers'/designers' ability to reach and incorporate perspectives from unconnected/vulnerable PLHIV, limiting the diversity of feedback and impacting design activities."", ""Methods: 'HIV providers were recruited via email through publicly available contact information... and PLHIV were recruited through flyers posted at HIV organizations in Indiana (convenience sampling).' - Convenience sampling/recruitment approach constrained who designers could engage, a resource/access constraint affecting the design process.""]}",Condition A not satisfied: No evidence of iterative cycles and incomplete HCD lifecycle (no ideation phase and only a single round of feedback reported).,Rodriguez et al. - 2023 - Human centered design of a smartphone based self test for HIV viral load monitoring.txt,"Condition A: not satisfied - Although users were involved (A1) and prototype feedback was collected (A3 partially), there is no explicit evidence of iterative design cycles (A2) nor a documented ideation phase; the study reports a single round of interviews/feedback and plans for future iterative work.; Condition B: satisfied - The manuscript reports designer-facing constraints (limited recruitment approach and participant pool already connected to care) that reduced access to intended vulnerable end-users and therefore affected the designers' ability to perform comprehensive design activities.; Final rationale: The paper is excluded because it does not demonstrate a full HCD cycle (missing documented iteration and ideation phases) despite having user involvement and reporting designer-facing recruitment/access constraints that impacted the design process.",Human-centered design of a smartphone-based self-test for HIV viral load monitoring
"Jennifer L Rosenthal, Audriana Ketchersid, Elva Horath, April Sanders, Thomas A Harper, Adrienne E Hoyt-Austin, Sarah C Haynes",High,Include,"""HCD_fullcycle"": [""A1 User Involvement: [\""We conducted interviews with nine parents, 11 nurses, and 13 physicians.\"" - Methods/Results] [\""Workshop participants included parents, nurses, physicians, telehealth experts, and hospital transfer center staff.\"" - Ideation phase: stakeholder design workshop] - Shows users/stakeholders actively engaged in shaping the design through interviews, workshop brainstorming, and feedback sessions."", ""A2 Iteration: [\""which was iteratively revised over 2 months based on stakeholder feedback sessions.\"" - Abstract/Methods] [\""Iterative changes were made, and stakeholders were invited to provide feedback, until feedback supported that no further adaptations were needed.\"" - Ideation phase: stakeholder feedback sessions] - Shows explicit repeated refinement cycles and feedback-redesign loops."", ""A3 Lifecycle (Understanding/Ideation/Prototyping/Evaluation): [Understanding: \""The inspiration phase used one-on-one interviews with parents, physicians, and nurses.\"" - Methods/Inspiraton phase; Ideation: \""The ideation phase consisted of a stakeholder design workshop\"" - Methods/Ideation phase; Prototyping: \""the core team incorporated the stakeholders’ solutions to draft a flow diagram of the proposed telehealth intervention workflow as well as a parent-facing informational flyer\"" - Results/Ideation; Evaluation: \""Feedback was solicited ... Iterative changes were made ... until feedback supported that no further adaptations were needed.\"" - Results/Ideation] - Evidence of all four HCD phases present in the reported methods and results.""], ""TASKS_elements"": [""[\""While recruitment for the interviews and the stakeholder design workshop purposively sought to include a diverse range of roles and experiences, the participants were limited to those with English proficiency.\""] - [Discussion/Limitations] - [Why it shows a designer barrier: This limitation prevented designers from engaging non-English-speaking users, reducing data diversity and constraining designers' ability to design for and validate the intervention for those populations.]"", ""[\""The setting of this study was at a single telehealth program at a children’s hospital.\""] - [Discussion/Limitations] - [Why it shows a designer barrier: Single-site setting limited the contextual variation designers could observe and incorporate, reducing the breadth of implementation contexts considered during design.]""]}",,Rosenthal et al. - 2023 - Using human centered design to develop a nurse to family telehealth intervention for pediatric trans.txt,"Condition A: satisfied - The paper documents active user involvement (interviews, workshop, feedback sessions), explicit iterative refinement over months, and evidence of all four lifecycle phases (understanding via interviews, ideation via workshop, prototyping via flow diagram/flyer/training materials, and evaluation via stakeholder feedback sessions).; Condition B: satisfied - The authors report limitations that affected designers' ability to perform design activities, notably exclusion of non-English speakers and single-site scope, which reduced data diversity and constrained stakeholder input used to shape the design.; Final rationale: Both Condition A (full HCD cycle) and Condition B (designer-facing task/constraint evidence) are met based on explicit statements in Methods, Results, and Limitations; therefore the paper is included.",Using human-centered design to develop a nurse-to-family telehealth intervention for pediatric transfers
"Renzo Rostetter, Beatrice Jenni, Sabrina Eggmann, Jan T. Meyer, Kai-Uwe Schmitt",High,Include,"""HCD_fullcycle"": [""A1 User Involvement: \""brainstorming sessions were conducted involving health care professionals (physiotherapists, nurses), researchers and (biomedical) engineers to specify and prioritize the user requirements (step 1).\"" - Methods 2.1"", ""A1 User Involvement: \""Testing the device with acute care patients was part of this process.\"" - Methods 2.1 / Results 3.2"", ""A2 Iteration: \""In this study, the UCD was performed in two iterations or phases.\"" - Methods 2.1"", ""A2 Iteration: \""This improved prototype was then used in the second round of tests and concludes the technical development.\"" - Results 3.1/3.2"", ""A3 Lifecycle (Understanding/Ideation/Prototyping/Evaluation): \""step 1: specification of user requirements; - step 2: development of corresponding solutions; - step 3: evaluation of the solutions with respect to the defined requirements.\"" and \""In phase 2... a prototype was developed... physiotherapists used the device in their clinical practice for approx. four weeks... Subsequently, their experiences were evaluated using standardized assessment tools.\"" - Methods 2.1 and 2.2""], ""TASKS_elements"": [""\""It must be noted that the study was performed during the COVID-19 pandemic. It can be assumed that the pandemic had an influence on the number of eligible patients in the ICU. For practical reasons, the number of users in the first and second round of tests was not the same because participation depended on who was available in the acute care setting during the given period.\"" - Discussion (Limitations). - This indicates participant availability and eligible patient shortages during COVID-19 which constrained testing and led to differing participant groups, directly limiting designers' ability to perform consistent iterative testing and data collection.""]}",,Rostetter et al. - 2022 - Implementing an interprofessional user centered design approach to develop a bedside leg exercise de.txt,"Condition A: satisfied - The paper documents active end-user involvement (brainstorming, hands-on tests, physiotherapists using the prototype with patients), explicit iterative development (two phases with improvements), and evidence of the full lifecycle (requirements elicitation, concept/solution development, prototyping, and evaluation via SUS, Kano and interviews).; Condition B: satisfied - The limitations state that the COVID-19 pandemic likely reduced eligible patients and caused variation in user participation between rounds, a participant access/resource constraint that affected the designers' ability to perform and standardize iterative testing.; Final rationale: The study reports a complete user-centered design cycle with iteration and direct user involvement and documents a concrete designer-facing constraint (COVID-related limited patient availability and variable tester participation) that impacted testing; therefore it meets both Condition A and Condition B and is included.",Implementing an interprofessional user-centered design approach to develop a bedside leg exercise device
"Andreas Rothgangel, Susy Braun, Rob Smeets, Anna Beurskens",High,Include,"""HCD_fullcycle"": [""A1 User Involvement: \""The GUI prototypes were shown in several iterative phases, on screen or paper, to a sample of 6 patients and 5 therapists who had been interviewed in phase 1, to provide feedback regarding the content and design of the prototypes.\"" - [Phase 2: Interface Design and Development of Medium-Fidelity Prototype]"", ""A2 Iteration: \""The final interface design of the mobile app for monitoring phantom limb pain emerged after 7 iterative rounds with patients and therapists.\"" - [Phase 2: Interface Design and Development of Medium-Fidelity Prototype]"", ""A3 Lifecycle (Understanding/Ideation/Prototyping/Evaluation): \""The telerehabilitation platform was developed using an iterative user-centered design process. In the first phase, a questionnaire followed by a semistructured interview was used to identify the user requirements... The second phase involved designing the interface of the telerehabilitation platform using design sketches, wireframes, and interface mock-ups to develop a low-fidelity prototype. Heuristic evaluation resulted in a medium-fidelity prototype whose usability was tested in routine care in the final phase, leading to the development of a high-fidelity prototype.\"" - [Methods overview / Phases 1-3]""], ""TASKS_elements"": [""\""The limited time and budget available meant that not all requirements could be incorporated in the platform.\"" - [Discussion: Principal Findings] - [Why it shows a designer barrier: Explicit resource limit (time and budget) constrained designers' ability to implement requirements and continue iteration]"", ""\""The last criterion, however, required frequent discussion with the software team and turned out to be an important and restricting factor in deciding whether or not a requirement was implemented.\"" - [Discussion: Principal Findings] - [Why it shows a designer barrier: Technical complexity required repeated negotiation and restricted implementation choices, reflecting a developer-facing constraint]"", ""\""During the 4 weeks of field testing of the medium-fidelity prototype in routine care, patients and therapists reported additional usability problems... (1) Problems related to the Internet connection (eg, delayed data transfer and log-in); (2) Messaging system (eg, message is not completely visible in the text fields, no confirmation if the message was successfully sent, message not received by user); (3) Data management (eg, system displays wrong dates and patient scores); (4) Patient management (eg, failure to add new patients and save a tailored exercise program); and (5) Interface design (eg, overlap of text and icons, missing icons).\"" - [Phase 3: Field Testing in Routine Care, Redesign and Development of High-Fidelity Prototype] - [Why it shows a designer barrier: Technical and process issues (connectivity, bugs, data management failures) impeded designers' ability to deliver stable functionality and required continuous redesign]"", ""\""we had to stop improving the platform and start the multicenter trial in order to evaluate the effects of the platform... Development of the platform stopped after all critical issues had been resolved and time and budget restrictions did not allow any more reported bugs to be addressed\"" - [Discussion: Principal Findings] - [Why it shows a designer barrier: Project timeline and budget constraints forced cessation of further design fixes, directly limiting designers' activities]""]}",,Rothgangel A - 2017 - Design and Development of a Telerehabilitation Platform for Patients With Phantom Limb Pain A User C.txt,"Condition A: satisfied - Clear evidence of active user involvement (interviews, member checks, co-creation), explicit iterative refinement rounds, and documentation of the full lifecycle including user understanding, ideation (sketches/wireframes), prototyping (low/medium/high fidelity), and evaluation (heuristic evaluation and field testing).; Condition B: satisfied - Multiple explicit designer-facing constraints reported (limited time/budget, technical complexity restricting feature implementation, connectivity and bug issues during field testing requiring continuous redesign and preventing completion).; Final rationale: The paper documents a complete, iterative user-centered design cycle with active user participation and presents concrete designer-experienced constraints (resource limits, technical complexity, and operational bugs) that affected the development process; therefore it meets both Condition A and Condition B and should be included.",Design and Development of a Telerehabilitation Platform for Patients With Phantom Limb Pain: A User-Centered Approach
"Erika Rovini, Guenda Galperti, Lucrezia Lorenzon, Lorenzo Radi, Laura Fiorini, Matteo Cianchetti, Filippo Cavallo",High,Include,"""HCD_fullcycle"": [""A1 User Involvement: \""Two virtual workshops were organized ... involving 6 Italian neurologists. ... they were asked to report their experience with the prototype focusing on the wearability and usability aspects highlighting the tops and flops as well as to suggest any improvements\"" [Methods, 2.2] - shows direct clinician co-design and solicitation of improvement suggestions used to shape design."", ""A2 Iteration: \""Collected feedback from each test was used in the iterations for further improvements.\"" and \""The second round of testing was set up with SensHand v.2 ... Finally another unbiased group consisting of 10 naïve users was involved ... as a validation group in a third evaluation loop\"" [Methods, 2.4.2; 2.6] - shows explicit multiple redesign/evaluation cycles (v.1 -> v.2 and three evaluation loops)."", ""A3 Lifecycle (Understanding/Ideation/Prototyping/Evaluation): \""These neurologists had directly used SensHand v.0 in hospitals ... they were asked to report their experience ...\"" (Understanding; Methods 2.2); \""Results were prioritized by neurologists in a matrix according to urgency and importance and ranked accordingly. On that base ... we deal with the improvement of the device hardware\"" (Ideation/prioritization; Methods 2.2 / Table 2); \""SensHand v.1 was realized ... A new ring-shaped solution ... MOD-1, MOD-2, MOD-3\"" (Prototyping; Methods 2.3); \""Users’ tests based on interviews and questionnaires ... Mechanical cyclic tensile tests ensured the robustness of the prototype\"" (Evaluation; Methods 2.4.1-2.4.2 and Results 3.2) - together these quotes document understanding users, ideation, prototyping, and evaluation phases.""], ""TASKS_elements"": [""\""Because of Covid-19 restrictions, the experimentation involved only people working in our university.\"" [Abstract; Discussion/Limitations] - This is a participant access/resource constraint that prevented the designers from recruiting external participants and patients, limiting designers' ability to perform intended user testing and validation."", ""\""the cables between the wrist and the fingers’ units: they can hamper the movements and hurt the proximal phalanx if they are too tight, while in other cases they are too loose and oscillate.\"" [Results, 3.2.3] - This process/technical issue hindered natural movement testing and required design adaptation (planned move to wireless), directly affecting designers' ability to achieve evaluation goals."", ""\""the spiral cables connecting the wrist and finger units remain the main weakness of the SensHand.\"" [Discussion] - Explicit technical limitation experienced by the design team that constrained iteration and user testing, and motivated redesign efforts to make the device wireless."", ""\""we can reasonably hypothesize that the cause of the failures observed in a few rings after multiple testing might be the defects introduced during the fabrication phase of the rings. Indeed, the imperfections introduced by the 3D printing of the molds with the Fusion Deposition Modeling (FDM) technique contributed to an increased likelihood of breakage.\"" [Discussion] - A fabrication/process constraint that produced prototype failures and limited designers' ability to produce consistently robust prototypes, forcing consideration of improved fabrication.""]}",,Rovini et al. - 2024 - Design of a novel wearable system for healthcare applications applying the user centred design appro.txt,"Condition A: satisfied - The paper documents active user involvement (clinicians and users), explicit multiple iteration loops (v.1 -> v.2 and three evaluation rounds), and evidence of understanding users, ideation, prototyping and evaluation (mechanical and user testing).; Condition B: satisfied - The authors report concrete designer-facing constraints (COVID-19 limiting participant recruitment, technical/wire/cable issues hindering movement testing, and fabrication defects from 3D-printed molds causing ring breakages) that affected the design process and required adaptations.; Final rationale: The study reports an in-house conducted multi-step co-design and iterative prototyping process with explicit user involvement across understanding, ideation, prototyping and evaluation phases, and documents multiple concrete constraints experienced by the design team during development. Therefore it meets both Condition A (full HCD cycle) and Condition B (designer-experienced task/constraint evidence) and should be included.",Design of a novel wearable system for healthcare applications: applying the user-centred design approach to SensHand device
"Luisa Rubiano, Neal D. E. Alexander, Ruth Mabel Castillo, Álvaro José Martínez, Jonny Alejandro García Luna, Juan David Arango, Leonardo Vargas, Patricia Madriñán, Lina-Rocío Hurtado, Yenifer Orobio, Carlos A. Rojas, Helena del Corral, Andrés Navarro, Nancy Gore Saravia, Eliah Aronoff-Spencer",High,Include,"""HCD_fullcycle"": [""A1 User Involvement: Software development followed principles of human-centered design through an iterative process ... The user interface was designed collaboratively through a participatory process that included the engineering team, study physicians having expertise in the diagnosis and management of leishmaniasis, and CHV [Methods: Technology development] - Shows active involvement of end users (CHV) and stakeholders in shaping the interface and content."", ""A2 Iteration: The clinical prediction rule was iteratively adapted to the form of an application for mobile phones ... Software development followed principles of human-centered design ... and agile development for app iteration [Results: Adaptation of the clinical prediction rule to a mobile application; Abstract/Methods] - Explicit statements of iterative adaptation and agile iteration of the app."", ""A3 Lifecycle (Understanding/Ideation/Prototyping/Evaluation): Understanding users: 'The user interface was designed collaboratively through a participatory process ... and CHV' [Methods: Technology development]; Ideation: 'The initial approach was to identify the main components of the application and to design an interaction model that allows the user to focus on the patients rather than on the tool.' [Results: Adaptation]; Prototyping: 'The app was developed using Android Studio ... and tested using a low-cost, locally available smartphone (Motorola Moto G).' [Methods: Technology development]; Evaluation: 'We performed a prospective study to evaluate the usability and performance of the mobile application for community-based presumptive diagnosis, and referral for confirmatory diagnosis and treatment.' and 'The application was assessed for usability, sensitivity and inter-rater reliability (kappa) when used by community health volunteers (CHV), health workers and a general practitioner, study physician.' [Methods: Study design; Abstract] - Contains evidence of user understanding, concept generation, prototype development and field evaluation.""], ""TASKS_elements"": [""A major reason for this was security concerns, since those perceived as social activists are often targeted by outlaw groups. [Discussion/Limitations] - Designer barrier: security concerns constrained recruitment and led to a sample biased toward users with higher education/experience, limiting designers' ability to engage the intended target user population."", ""Maps facilitated by the principal telecommunication providers show no 3G coverage outside of a few of the larger settlements within the municipality ... electric power is intermittent. [Methods: Setting] - Designer barrier: limited connectivity and unreliable power constrained deployment, data transmission and may have impeded iterative field testing and real-time support."", ""Data captured by the mobile application can be stored off-line (locally on the phone) and transmitted later to the SND platform, when connectivity is re-established. [Results: Adaptation/Data flow] - Designer barrier (implicit): the need to implement offline storage and delayed synchronization indicates technical constraints (connectivity) that affected how designers implemented and tested the system."", ""A further four people were screened by the CHV with the app but were not included due to: lack of parasitological data (n = 2), reported duration of lesions of more than six months (n = 1), and missing evidence of consent (n = 1). [Results: Evaluation of patients] - Designer barrier: participant access and missing data limited the dataset and affected evaluation of the app's performance."", ""We had limited ability to assess other operating characteristics of the app (in particular, specificity and negative predictive value), because few of the eligible cases were of an etiology other than CL. [Discussion/Limitations] - Designer barrier: limited diversity of case etiologies reduced designers' ability to fully evaluate and refine diagnostic performance, constraining validation and iteration.""]}",,Rubiano et al. - 2021 - Adaptation and performance of a mobile application for early detection of cutaneous leishmaniasis.txt,"Condition A: satisfied - The paper documents active participatory involvement of CHV and clinicians in design, explicit iterative/adaptive development, and evidence of understanding, ideation, prototyping and field evaluation.; Condition B: satisfied - The manuscript reports multiple designer-facing constraints (security limiting recruitment of target users, limited connectivity and power, missing parasitological data, and limited etiologic diversity) that affected design, deployment, testing and evaluation.; Final rationale: Authors conducted and reported a human-centered, iterative design process including co-design with CHV, produced prototypes and performed prospective field evaluation; and they reported concrete constraints that affected designers' activities. Therefore the study meets both Condition A (full HCD cycle) and Condition B (designer-experienced tasks/elements) and should be included.",Adaptation and performance of a mobile application for early detection of cutaneous leishmaniasis
"Robert S. Rudin, Sofia Perez, Jorge A. Rodriguez, Jessica Sousa, Savanna Plombon, Adriana Arcia, Dinah Foer, David W. Bates, Anuj K. Dalal",High,Include,"""HCD_fullcycle"": [""A1 User Involvement: We conducted a series of in-person design sessions with patients and providers... Participants were shown wireframes developed using an app prototyping tool (Fluid UI) for user interface design and were encouraged to 'think aloud' to describe their reactions to questions about each app feature. (Materials and Methods - Design sessions and stakeholder meetings)"", ""A2 Iteration: After the team members reviewed the recordings, they recorded a bulleted list of findings within each of these categories, discussed and resolved any differences considering relevant NASSS domains, and applied changes to the wireframes for future design sessions. We used an agile software development approach to translate user interface and EHR integration requirements... and iteratively refined the user interface. (Materials and Methods - Design sessions; Software development, enterprise data service provisioning, and EHR app user interface integration)"", ""A3 Lifecycle (Understanding/Ideation/Prototyping/Evaluation): Understanding - secondary analysis of exit interviews from prior feasibility study to identify new technical requirements; Ideation - 'From these data, we assembled a preliminary list of user requirements' which were assessed against NASSS domains; Prototyping - development and presentation of wireframes and a React Native app prototype; Evaluation - conducted 21 new design sessions (15 patients, 6 providers), analyzed 26 prior exit interview transcripts, and surveyed 55 PCPs to evaluate preferences and usability. (Materials and Methods - Secondary analysis of exit interviews; Design sessions; PCP survey; Results)""], ""TASKS_elements"": [""Quote: 'requirements for sending EHR inbox messages could not be addressed with current open standards, requiring us to use our institution’s previously developed custom APIs.' (Discussion/Results) - Why it shows a designer barrier: indicates a technical/process constraint that forced the team to adapt their integration approach and use institution-specific custom APIs rather than standards, directly affecting how the designers implemented EHR messaging functionality."", ""Quote: 'This request could not be reconciled with existing clinics workflows for responding to patient queries.' (Results - Patient-facing requirements) - Why it shows a designer barrier: shows a workflow constraint experienced by the design team that prevented implementing a patient-requested urgency/triage feature, forcing removal or redesign of that functionality."", ""Quote: 'to ensure that our application would be delivered within the constraints of our study period and MGB’s emerging governance process for digital health.' (Materials and Methods - Software development) - Why it shows a designer barrier: indicates time and organizational governance constraints that limited design and implementation choices and required adaptation to institutional processes."", ""Quote: 'The PRO data was stored in the app server and not written back to the EHR database.' (Limitations) - Why it shows a designer barrier: evidences a technical/integration limitation that affected how thoroughly designers could integrate patient-generated data into the EHR, constraining functionality and future design options.""]}",,Rudin et al. - 2021 - User centered design of a scalable electronic health record integrated remote symptom monitoring int.txt,"Condition A: satisfied - clear evidence of active user involvement (design sessions, think-aloud), explicit iterative refinement (applying findings to wireframes, agile development), and coverage of the full lifecycle (secondary interviews for understanding, ideation to assemble requirements, prototyping wireframes and app, and evaluation via design sessions and PCP survey plus prior feasibility testing).; Condition B: satisfied - multiple designer-facing constraints are reported (lack of open standards for EHR inbox messaging requiring custom APIs, inability to implement urgency feature due to clinic workflows, study period and governance constraints, and PRO data not written back to EHR) that forced design adaptations.; Final rationale: The paper reports a full user-centered design cycle with iterative prototyping and evaluation and documents concrete designer-experienced barriers that affected implementation decisions; therefore it meets both Condition A and Condition B and should be included.","User-centered design of a scalable, electronic health record-integrated remote symptom monitoring intervention for patients with asthma and providers in primary care"
"Margaret Salmon, Christian Salmon, Alexa Bissinger, Mundenga Mutendi Muller, Alegnta Gebreyesus, Haimanot Geremew, Sarah Wendell, Aklilu Azaza, Maurice Salumu, Nerys Benfield",High,Include,"""HCD_fullcycle"": [""A1 User Involvement: \""Forty-nine healthcare providers participated. Thirteen staff emergency physicians in Ethiopia, twenty-six resident staff physicians and orthopedic officers in DRC and ten staff physicians in Kindu, DRC contributed their ideas and feedback to this project, over the course of several site visits.\"" - Methods: Study Participants"", ""A2 Iteration: \""A total of thirteen brainstorm sessions were held in the field... If a prototype was deemed acceptable by Design Team members it was presented to End-Users. If not, a line was crossed through the formula... over the course of 10 days, presented to End-Users for feedback through discussion using the desired product metrics as a guide but with no particular objective scoring system. End-Users discussed metrics and each cycle of iteration incorporated the feedback from the previous cycle.\"" - Methods: Data Collection Methods / Deliver"", ""A3 Lifecycle (Understanding/Ideation/Prototyping/Evaluation): \""Hear: The Design Team conducted field visits for one month in Goma (DRC) and Addis Ababa (Ethiopia) each and nine days in Kindu (DRC) to observe End-Users in the clinical setting. Both participatory observation and group interviews were conducted... Create: A total of thirteen brainstorm sessions were held in the field... A laboratory was simultaneously established with hot plate, cook stove, ultrasound machine... a designated project engineer prepared all prototypes... Deliver: ...presented to End-Users for feedback... Once End-Users decided a prototype was sufficient, Reviewers evaluated the images. Reviewers were blinded and evaluated eight paired comparison images taken with prototype and commercial gel...\"" - Methods: Concept of Human Centered Design; Data Collection Methods; Deliver; Results""], ""TASKS_elements"": [""\""Capital costs of the heat source (electric hot plate) were not included... local health infrastructure is in such disrepair that even this cost might be considered 'out of reach'. Therefore, the manufacture process was done using a simple charcoal heat source.\"" - Results/Deliver - Shows designer barrier: resource limitation (capital/equipment) forced the team to adapt manufacturing approach and choose a lower-resource heating method."", ""\""Repeatability is a question due to the potential for inconsistent condition of the raw material. ... Consistency of the grinding process is, however, a question and wholly dependent on local conditions. Thus, the mixture identified as preferred in this paper might have to be adjusted based on locally available supplies.\"" - Limitations - Shows designer barrier: variability of raw materials constrained ability to standardize the product and may force design adjustments across sites.""]}",,Salmon M. et al. - 2015 - Alternative ultrasound gel for a sustainable ultrasound program Application of human centered design.txt,"Condition A: satisfied - Clear evidence of active end-user involvement (field observations, participatory interviews, end-user feedback), explicit iterative prototyping cycles, and documented activities covering understanding, ideation, prototyping, and evaluation.; Condition B: satisfied - Designers faced concrete resource/process constraints (heat source capital limitations leading to use of charcoal; raw material inconsistency affecting repeatability) that impacted their design and manufacturing decisions.; Final rationale: Both Condition A (full HCD cycle) and Condition B (designer-experienced task/constraint evidence) are met based on the Methods, Results, and Limitations provided, so the study is included.",Alternative Ultrasound Gel for a Sustainable Ultrasound Program: Application of Human Centered Design
Lekshmi Santhosh; Juan C. Rojas; Briana Garcia; Michael Thomashow; Patrick G. Lyons,High,Exclude,"""HCD_fullcycle"": [""A1 User Involvement: \""Between July 2019 and July 2020, we invited Internal Medicine residents (post-graduate year [PGY]-2s and PGY-3s who had already rotated in ICUs) at the University of California San Francisco, the University of Chicago, and Washington University in St. Louis to focus groups to reimagine the ICU-to-ward transition.\"" - [Methods: Timeline, Recruitment, and Participant Selection and Engagement]"", ""A2 Iteration: \""Each site subsequently conducted additional 120-minute design workshops (two per site, six workshops total) via videoconference in light of the coronavirus disease (COVID-19) pandemic (11). ... We used trainee feedback to iteratively modify the prototypes in a subsequent workshop in a convergent manner toward an ideal future state.\"" - [Methods: Rapid Prototyping, Evaluation, and Revision]"", ""A3 Lifecycle (Understanding/Ideation/Prototyping/Evaluation): \""Each site conducted an initial 120-minute workshop to introduce HCD and engage trainees in early HCD steps. ... journey/process mapping (empathy), brainstorming (problem identification), and prototype mapping (ideation) ...\"" and \""Rapid Prototyping, Evaluation, and Revision\"" including A/B testing and iterative modification: \""Residents examined and gave iterative feedback on two different versions of the EHR tool using A/B testing ... as part of a Microsoft PowerPoint slide deck and a virtual whiteboard.\"" - [Methods: HCD; Rapid Prototyping, Evaluation, and Revision]""], ""TASKS_elements"": []}","Condition B not satisfied — No evidence in Methods/Results/Discussion/Limitations of designer-experienced barriers (resource, participant-access, process, skill, or technical constraints) that affected the conduct of the design work.",Santhosh et al. - 2022 - Cocreating the ICU PAUSE Tool for Intensive Care Unit Ward Transitions.txt,"Condition A: satisfied - The Methods document active resident involvement (co-creation), explicit iterative workshops with trainee feedback, and documented HCD steps covering empathy/understanding, ideation, prototyping, and evaluation (A/B testing and iterative revision).; Condition B: not satisfied - The provided Methods, Results, Discussion, and Limitations do not report concrete difficulties or constraints experienced by the designers during the project (no evidence of resource limits, participant-access problems that limited design activities, cognitive/skill barriers, or process/technical issues that forced adaptation).; Final rationale: Although the study clearly meets full HCD cycle criteria (Condition A), it lacks reported designer-facing task constraints or barriers in the relevant sections; therefore Condition B is not met and the paper is excluded.",Cocreating the ICU-PAUSE Tool for Intensive Care Unit–Ward Transitions
A. V. F. Santos; Z. C. Silveira,High,Exclude,"""HCD_fullcycle"": [""A1 User Involvement: \""interviews and questionnaires with users and health professionals to identify therapeutic needs, user requirements and design parameters\"" - Methods: 2.1 Cases analysis"", ""A2 Iteration: \""iterative and dynamic flux, divided into three main phases: (1) design cross-domain; (2) conception spiral; (3) evaluation and refinement\"" and \""These concepts and solutions will undergo modifications, readjustments and improvements based on the feedback obtained from the user and the health domain representatives\"" - Abstract; Methods: 3 Proposed methodology / 3.2 Conception spiral"", ""A3 Lifecycle (Understanding/Ideation/Prototyping/Evaluation): \""study of patents and commercially available products...; interviews and questionnaires with users and health professionals...; generation and improvement of technical solutions...; elaboration of virtual models (CAD) and manufacture of prototypes, through AM, for tests and evaluations with users\"" and \""The results of single-subject tests... performed by occupational therapists with the user to assess performance and satisfaction\"" - Methods: 2.1 Cases analysis; 2.2 Case study""], ""TASKS_elements"": []}","No explicit evidence that designers encountered and were constrained by resource, access, skill, emotional/cognitive, or process/technical barriers during the reported projects (only general/hypothetical statements and recommendations present).",Santos and Silveira - 2020 - AT d8sign methodology to support development of assistive devices focused on user centered design an.txt,"Condition A: satisfied - The paper documents active user involvement (interviews, observation, single-subject tests), explicit iterative feedback–redesign loops (conception spiral, evaluation and refinement), and evidence of the full lifecycle (user understanding, ideation, CAD/3D prototyping, and user evaluation).; Condition B: not satisfied - The Methods/Results/Discussion/Conclusion/Limitations do not provide explicit, concrete descriptions of difficulties or constraints actually experienced by the designers (resource shortages, participant access problems, skill gaps, cognitive/emotional strain, or technical/process issues) during the reported projects; the manuscript mainly gives recommendations, risks or general statements rather than reporting that designers encountered and adapted to specific barriers.; Final rationale: Although Condition A (full HCD cycle) is clearly met, Condition B (explicit designer-experienced task/constraint evidence) is not present in the provided sections, so the study is excluded.",AT-d8sign: methodology to support development of assistive devices focused on user-centered design and 3D technologies
Stefanie Schild; Brita Sedlmayr; Ann-Kathrin Schumacher; Martin Sedlmayr; Hans-Ulrich Prokosch; Michael St.Pierre; German Cognitive Aid Working Group,High,Include,"""HCD_fullcycle"": [""A1 User Involvement: \""context interviews with 4 anesthesiologists and 3 anesthetic nurses were conducted at the anesthesia departments of 3 project partners\"" - [Methods: Analysis of the Context of Use]"", ""A2 Iteration: \""Three prototypes were developed and evaluated by end users of the application. Following each evaluation, the new requirements were prioritized and used for redesign. This iteration step was repeated with a third prototype.\"" - [Methods: User-Centered Design / Development of Design Solutions]"", ""A3 Lifecycle (Understanding/Ideation/Prototyping/Evaluation): \""analysis of the context of use, specification of user requirements, development of design solutions, and evaluation of design solutions\"" (understanding); \""Storyboards were developed...\"" and \""an initial interaction design was developed\"" (ideation); \""the first prototype was built in Balsamiq Mockups... the second prototype was built using PowerPoint... the third prototype was created for tablets\"" (prototyping); \""To evaluate the first and second prototype, corresponding Web-based questionnaires were developed... The third prototype was evaluated by means of a laboratory-based think-aloud protocol\"" (evaluation). - [Methods: User-Centered Design / Development of Design Solutions / Evaluation of Design Solutions]""], ""TASKS_elements"": [""\""the development of a concrete concept for the implementation of CRM support in the application turned out to be a major difficulty. This challenge became apparent in the different development stages of the prototypes.\"" - [Discussion] - [Why it shows a designer barrier: explicitly describes a major difficulty experienced by the design team integrating crew resource management features, a design/process constraint that forced iterative changes and limited implementation options]"", ""\""all evaluations of the prototypes took place in theory, that is, without dealing with a real emergency situation.\"" - [Limitations] - [Why it shows a designer barrier: limitation prevented designers from testing and refining the application under real emergency conditions, restricting their ability to evaluate and adapt designs for the time-critical, high-stress context]""]}",,Schild et al. - 2019 - A Digital Cognitive Aid for Anesthesia to Support Intraoperative Crisis Management Results of the Us.txt,"Condition A: satisfied - The paper documents active user involvement (context interviews, questionnaires, think-aloud), explicit iterative redesign across three prototypes, and all four lifecycle phases (context analysis, ideation/storyboards, prototyping, and evaluation).; Condition B: satisfied - The authors report concrete design difficulties (notably integrating CRM support) and a limitations-imposed inability to test in real emergency conditions, which affected designers' ability to perform and refine design activities.; Final rationale: Both the full HCD cycle (A1, A2, A3) and at least one designer-oriented tasks constraint are evidenced in the Methods/Results/Discussion/Limitations; therefore the study meets inclusion criteria.",A Digital Cognitive Aid for Anesthesia to Support Intraoperative Crisis Management: Results of the User-Centered Design Process
Robyn Schimmer; Carljohan Orre; Ulrika Öberg; Karin Danielsson; Åsa Hörnsten,High,Exclude,"""HCD_fullcycle"": [""A1 User Involvement: \""The purpose of the workshop that was held in 2016 was to explore expectations, wishes and needs, and concerns related to self-management support in T2D care and digitalization.\"" [Methods - Workshop Procedures] - shows participatory workshop with patients, nurses, and stakeholders."", ""A2 Iteration: \""Repeated interviews (n=4) with 1 diabetes specialist nurse and 1 primary care unit manager (n=2) revolved around work process, routines, and known organizational constraints and challenges.\"" [Methods - Interviews and Observations] - shows repeated data collection with some repetition of interviews but no explicit description of iterative design-feedback-redesign cycles."", ""A3 Lifecycle (Understanding/Ideation/Prototyping/Evaluation): \""Data were collected from multiple sources, that is, interviews, observations, focus groups, and a Mentimeter (interactive presentation with polling) survey among stakeholders...\"" [Methods - General Approach] - shows evidence of understanding users (interviews/observations) and ideation (workshop/canvases/focus groups) but no mention of prototyping (sketches/wireframes/mock-ups) or user evaluation of prototypes/usability testing in the methods or results.""], ""TASKS_elements"": [""\""Being efficient with limited resources was brought up by both patients and caregiver representatives...the diabetes specialist nurse faces the challenge of limited resources alone as the diabetes care is mostly organized around the nurse...\"" [Results - Resource Efficiency] - [Why it shows a designer barrier: describes resource limits faced in the project context that constrain design choices and implementation feasibility]."", ""\""The IT support is, however, poor. For example, there is currently no automated system support for the diabetes specialist nurse to schedule appointments...There is no integration between these two systems, resulting in registering the same data at two places.\"" [Results - Reduced Administrative Tasks] - [Why it shows a designer barrier: identifies process/technical integration issues that limit what designers can achieve and require adaptation]."", ""\""Training is seen as important, but there are also expectations for it to be relevant. However, training is often given through Web-based course packages where the user is supposed to watch instruction videos...there is a great risk that the training will be fragmented or even ignored.\"" [Results - Continuous Training and Support] - [Why it shows a designer barrier: describes constraints on designers' ability to implement and support new systems due to limited time and ineffective training formats]."", ""\""The recruitment began by listing potentially important stakeholders and participants who were invited based on personal contacts and snowball sampling...no stakeholders on higher organizational levels than the regional primary care director were participating in our studies.\"" [Methods - Workshop Procedures / Multiple Stakeholders] - [Why it shows a designer barrier: indicates limited participant/stakeholder access and sampling constraints that affected the breadth of design input]."", ""\""The methods used performed well in highlighting user needs from different perspectives...It does, however, not shed sufficient light on patient's everyday experience and is, therefore, not enough for fully establishing the user needs for the patient group.\"" [Discussion - Methodological Discussion] - [Why it shows a designer barrier: explicit limitation that affected designers' ability to understand and design for patients' everyday contexts].""]}",Condition A not satisfied: incomplete HCD cycle (no reported prototyping or evaluation of prototypes/usability testing),Schimmer R - 2019 - Digital Person Centered Self Management Support for People With Type 2 Diabetes Qualitative Study Ex.txt,"Condition A: not satisfied - although the study demonstrates active user involvement (workshops, focus groups, interviews) and some repeated data collection, it lacks explicit evidence of a complete HCD lifecycle because prototyping and evaluation of prototypes/usability testing are not reported.; Condition B: satisfied - the paper documents multiple designer-facing constraints (limited resources, recruitment/stakeholder access limits, poor IT integration, training/time constraints) that affected design activities.; Final rationale: Excluded because Condition A (full HCD cycle) is not satisfied due to missing prototyping and evaluation phases despite clear user involvement and documented designer constraints (Condition B satisfied).",Digital Person-Centered Self-Management Support for People With Type 2 Diabetes: Qualitative Study Exploring Design Challenges
Erica Schleimer; Jennifer Pearce; Andrew Barnecut; William Rowles; Antoine Lizee; Arno Klein; Valerie J Block; Adam Santaniello; Adam Renschen; Refujia Gomez; Anisha Keshavan; Jeffrey M Gelfand; Roland G Henry; Stephen L Hauser; Riley Bove,High,Include,"""HCD_fullcycle"": [""A1 User Involvement: \""We included a variety of key stakeholders: individual patients, patient support groups, clinicians, technology consultants, and institutional groups, and we integrated their feedback continuously throughout the development of the app.\"" - Methods: Human-Centered Design Approach"", ""A2 Iteration: \""We planned an iterative and cyclical development process that included stakeholder engagement and iterative feedback from users... The design and development were cyclical—many times throughout the process, we went back to the drawing board.\"" - Abstract / Methods"", ""A3 Lifecycle (Understanding/Ideation/Prototyping/Evaluation): \""we applied the three phases of human-centered design: (1) inspiration (empathize and define), (2) ideation (ideate and prototype), and (3) implementation (test and iterate).\"" AND \""To evaluate the accuracy of basic data entered by participants, in pilot testing, we asked 24 patients... to enroll in Open MS BioScreen and create a basic profile... We then compared these entries to study clinician-entered data available in the EPIC study.\"" - Methods: Phase I/II/III and Results: Pilot testing""], ""TASKS_elements"": [""\""Due to the limitations of tablet storage and connectivity, the MS BioScreen was not used after the pilot phase.\"" - Introduction/Open MS BioScreen - This describes a technical/resource limitation of the original prototype that directly affected designers' ability to sustain and continue the prior design, forcing redesign to a web-based platform."", ""\""Given this landscape, rather than invest substantially in developing Application Programming Interfaces with selected vendors and industry partners (who may or may not retain market share) to synchronize data from wearables, we focused instead on a simpler, more agile MVP.\"" - Conclusions - This reflects a resource/technical constraint (rapidly evolving wearable ecosystem and uncertain vendor stability) that constrained integration choices and forced designers to adopt a simplified, device-agnostic solution."", ""\""Through convenience sampling, we identified 50 adults with MS...\"" and \""demographic information was not always collected...\"" - Methods: Key Stakeholders / Phase II description - This indicates recruitment and sampling limitations (convenience sampling, incomplete demographics) that limited designers' access to a fully representative participant pool and thus affected design evaluation and iteration.""]}",,Schleimer et al. - 2020 - A Precision Medicine Tool for Patients With Multiple Sclerosis the Open MS BioScreen Human Centered.txt,"Condition A: satisfied - The paper documents active user involvement (multiple patient interviews and focus groups), explicit iterative cycles across three HCD phases, and evidence of the full lifecycle (empathize/define, ideation/prototyping, implementation/testing including pilot validation).; Condition B: satisfied - The manuscript reports designer-facing constraints (tablet storage/connectivity issues, decision to avoid wearable APIs due to evolving vendor landscape, and convenience sampling/incomplete demographics) that affected design decisions and capabilities.; Final rationale: Both Condition A (full HCD cycle with sustained user involvement and iteration) and Condition B (explicit designer-oriented constraints affecting design activities) are met based on the Methods, Results, and Discussion; therefore the study should be included.",A Precision Medicine Tool for Patients With Multiple Sclerosis (the Open MS BioScreen): Human-Centered Design and Development
"Matthew Schmidt, Noah Glaser, Tina Riedy, Carmen Rietta, Heather Huszti, Janelle Wagner, Gigi Smith, Ana M. Gutierrez-Colina, Sara E. Wetter, Shanna M. Guilfoyle, Anup Patel, Avani C. Modi",High,Include,"""HCD_fullcycle"": [""A1 User Involvement: Phase 1 used empathy interviews, empathy mapping, and persona development methods; personas were constantly referenced during the remaining design and development phases (Methods: 2.1; Results: 3.1.2, 3.1.3)"", ""A2 Iteration: eACT was developed in 3 phases: 1) preparation, 2) iterative design, and 3) iterative development; three product releases were developed and tested (alpha, beta, and gold); issues that negatively impacted user experience were rectified between sessions (Methods: 2; 2.1; Results: 3.3, 3.3.3)"", ""A3 Lifecycle (Understanding/Ideation/Prototyping/Evaluation): Understanding users via empathy interviews and empathy maps (Methods: 2.1, 2.3.1); Ideation via rapid prototyping and articulation of design principles and focus areas (Methods: 2; Results: 3.2); Prototyping via rapid prototypes and alpha/beta/gold releases (Methods: 2; 2.1; Results: 3.3); Evaluation via usability testing, SUS scores, adjectival ratings, and qualitative coding with Cohen's Kappa (Methods: 2.3.2; Results: 3.3.2, 3.3.3)""], ""TASKS_elements"": [""All 9 participants were scheduled for interviews; however, only 4 attended the scheduled sessions (Methods: 2.2.1) - This documents participant access issues/drop-outs that limited designers' planned user contact and data collection for Phase 1 empathy work"", ""The limitations state the study uses small sample sizes and focuses on user experience from a single context and that participants were nearly all white, female-identified (Results: 3.4) - This indicates reduced data diversity that constrained designers' ability to gather representative feedback across intended user groups""]}",,Schmidt et al. - 2022 - Learning experience design of an mHealth intervention for parents of children with epilepsy.txt,"Condition A: satisfied - The paper documents active user involvement (empathy interviews, personas informing design), explicit iterative cycles (iterative design/development and multiple releases), and a complete lifecycle with understanding, ideation, prototyping, and evaluation activities.; Condition B: satisfied - The manuscript reports designer-facing constraints: scheduled empathy interview attendance dropped from 9 to 4 (participant access issue) and the limitations note small sample sizes and low participant diversity, which reduced the designers' ability to gather diverse user data.; Final rationale: The study reports a full HCD cycle (user involvement, iteration, and all lifecycle phases) and describes concrete designer-facing barriers (participant no-shows and limited sample diversity) that affected data and design activities; therefore it meets both Condition A and Condition B and is included.",Learning Experience Design of an mHealth Intervention for Parents of Children with Epilepsy
"Thomas Schmidt, Marco Jakob, Christian Wolff",Medium,Include,"""HCD_fullcycle"": [""A1 User Involvement: \""we gather requirements and feedback from annotators as soon as possible in the development process via various usability engineering methods.\"" - Abstract/Approach"", ""A2 Iteration: \""The iterative aspect of user-centered design: We want to evaluate our solutions as early as possible with potential annotators, adjust the tool and reevaluate it, thus creating a constant development cycle.\"" - Approach"", ""A3 Lifecycle (Understanding/Ideation/Prototyping/Evaluation): \""For the start of our project, we conducted a small-scale sentiment and emotion annotation study with six annotators... annotators had to complete a questionnaire... we also conducted a focus group... To start the development process, we first conducted two contextual inquiries... instructed the annotator to 'think aloud'... we first developed mock-ups via the mock-up-tool Pencil and discussed these mock ups with the previous mentioned annotators... Based on this feedback, we adjusted our mock-ups and developed our first prototype of SentiAnno\"" - Approach/Prototype""], ""TASKS_elements"": [""\""...annotators reported that they were oftentimes very unsure about annotations what also hindered their annotation flow. Therefore, in our future scheme we also integrated the possibility to mark the certainty of an annotation.\"" - Approach - This shows a participant-related problem that hindered the annotation process and forced designers to change the scheme and add functionality (certainty marking), i.e., a constraint that required design adaptation."", ""\""...critique concerning Microsoft Word was expressed since it does not look motivating and oftentimes annotators simply forgot to annotate speeches. It was at this point that we shifted our focus more towards tool development.\"" - Approach - This identifies a technical/process limitation (use of Word) that prevented effective annotation workflow and forced the design team to develop a new tool, i.e., a designer-facing process/technical constraint.""]}",,Schmidt T. et al. - 2019 - Annotator centered design Towards a tool for sentiment and emotion annotation.txt,"Condition A: satisfied - The paper documents active user involvement (questionnaires, focus group, contextual inquiries), explicit iterative cycles (pilot studies, adjustments, mock-ups, prototype), and evidence of the four lifecycle phases (understanding via studies and inquiries, ideation via mock-ups/discussion, prototyping of SentiAnno, and evaluation via questionnaires, focus groups and planned usability studies).; Condition B: satisfied - The paper reports concrete constraints impacting the design process: annotator uncertainty hindered annotation flow leading to scheme/tool changes, and limitations of using Microsoft Word hindered workflow and compelled development of a new tool—both are designer-facing barriers that forced adaptations.; Final rationale: The study reports a full HCD-style cycle with active annotator involvement and iteration, and it describes real constraints that affected the designers' work and led to concrete design changes; therefore it meets both Condition A and Condition B and is included.",Annotator-Centered Design: Towards a Tool for Sentiment and Emotion Annotation
Tjeerd A.J. Schoonderwoerd; Wiard Jorritsma; Mark A. Neerincx; Karel van den Bosch,High,Include,"""HCD_fullcycle"": [""A1 User Involvement: \""A user study with experienced paediatricians uncovered what explanations the CDSS should provide.\"" - Methods (Section 4, Requirements elicitation and assessment / 4.1 Methods / 4.1.1 Participants and 4.1.2 Materials)"", ""A2 Iteration: \""The designs were then iteratively refined based on reviews with the other authors, and AI experts and interaction design experts from our organisation.\"" - Methods (Section 5.1 UI design patterns for explanations by a CDSS)"", ""A3 Lifecycle (Understanding/Ideation/Prototyping/Evaluation): \""The main goal of the domain analysis is to determine if and why explanations are required within the context of use... We developed design patterns for all information elements... created concept-interfaces based on the pattern... After creating the patterns and user interfaces that contained explanations of a diagnosis based on the use case from the first user study, we conducted a second user study in which clinicians evaluated the designs.\"" - Methods (Sections 3 Domain analysis; 5.1 and 5.2 Multi-modal interaction design and evaluation)""], ""TASKS_elements"": [""\""Unfortunately, it appeared that one participant did not fill out six questionnaire items, and another participant did not fill out four items, leading to ten information elements with four ratings instead of five.\"" - Methods (Section 4.1.4 Data analysis) - This shows a designer-facing participant access/data completeness problem that reduced available data and affected analyses."", ""\""The DoReMi-practice enabled us to efficiently obtain these first design specifications by involving a relatively low number of end users and by using reusable questionnaires.\"" - Discussion (Section 6 General discussion) - Indicates limited participant pool (resource/user access constraint) that shaped how the designers conducted the process.""]}",,Schoonderwoerd et al. - 2021 - Human centered XAI Developing design patterns for explanations of clinical decision support systems.txt,"Condition A: satisfied - The paper documents active user involvement in two user studies (requirements elicitation and evaluation), explicit iterative refinement of designs, and evidence of the full HCD lifecycle (domain analysis/understanding, ideation/design patterns, prototyping/mock-ups, and evaluation with clinicians).; Condition B: satisfied - The manuscript reports designer-facing issues: incomplete questionnaire responses reduced data (fewer ratings per item) and a relatively small number of end users was involved, both of which constrained data completeness and influenced the design/evaluation process.; Final rationale: Both the full HCD cycle (A) and at least one designer-facing task/constraint (B) are clearly documented in Methods and Discussion, so the study meets inclusion criteria.",Human-centered XAI: Developing design patterns for explanations of clinical decision support systems
Christel Schwartz-Lasfargues; Camille Roux-Gendron; Pim Edomskis; Isabelle Marque; Yves Bayon; Johan F Lange; Jean Luc Faucheron; Bertrand Trilling,High,Include,"""HCD_fullcycle"": [""A1 User Involvement: \""For this case study, a cooperative design methodology was chosen to benefit from the active participation of future users alongside other stakeholders.\"" - Methods: A Cooperative Design Methodology"", ""A2 Iteration: \""The specificity of our intervention was that a first iterative loop (observation, design, and formative evaluation) was completed before producing a functional prototype system.\"" - Methods: A Cooperative Design Methodology"", ""A3 Lifecycle (Understanding/Ideation/Prototyping/Evaluation): \""The objective of these observations was to understand the use context, tasks to be completed, tools currently used, and how conditions vary from day to day.\"" - Methods: Observations; \""Participative workshops with members of the development team were conducted to promote an efficient design of the medical device.\"" - Methods: Workshops; \""The first version of the device was 3D printed with the previously defined size and weight.\"" - Methods: Workshops; \""A total of 5 usability tests were organized with 13 participants... Tests were performed using low-level mock-ups (3D-printed model).\"" - Methods: Formative Evaluation Through Usability Tests""], ""TASKS_elements"": [""\""The main technical constraint for attaching the system was the length of the drain placed at 10 cm from the abdomen... Usability tests revealed the criticality of this issue, with differing views among the nurses, nurses’ assistants, and physicians on where and how to affix the device. The workshop dedicated to this aspect also did not result in consensus on a potential placement and fixation of the system. It was concluded that more technical tests were required to remove certain constraints and ensure that the device met the practitioners’ requirements.\"" - Results: Device Attachment - This shows a designer-experienced technical constraint that prevented finalizing the attachment solution and forced further design iterations and technical testing."", ""\""Each additional task linked to the introduction of this system can delay the operating schedule, which is undesirable for the just-in-time organization of the operating theater. Thus, another setup was proposed... Over the course of observations and interviews, the fear of adding to the workload was mentioned several times.\"" - Results: Context in Which the Device Is Used - This shows participant availability and workflow constraints that designers had to accommodate, limiting when and how setup/iteration could occur."", ""\""On certain aspects, notably the attachment of the system to the patient, our methodology has not yet succeeded in proposing a convincing solution. This shows that the user does not always have answers to the problems and that the proposed solutions are sometimes technically unfeasible. Therefore, it is important to set up new design loops involving the end user and the technical team in the design choices.\"" Additionally: \""Another limitation was that observations at both sites occurred only during elective surgical interventions. Thus, the results and recommendations do not consider the specificities of emergency surgery.\"" - Limitations - These statements indicate technical feasibility barriers and limited data diversity that affected the designers' ability to produce solutions and generalize design decisions.""]}",,Schwartz-Lasfargues et al. - 2022 - Development of a Connected Sensor System in Colorectal Surgery User Centered Design Case Study.txt,"Condition A: satisfied - The study reports active user involvement (observations, workshops, usability tests), explicit iterative cycles, and documented understanding, ideation, prototyping (3D mock-ups), and evaluation (usability tests).; Condition B: satisfied - Multiple documented designer-facing constraints (drain length and weight affecting attachment, OR workflow and workload limiting setup opportunities, technical feasibility issues and limited observation scope) impacted design activities and forced adaptations.; Final rationale: The paper describes a full user-centered design cycle with explicit iteration and contains clear evidence of designer-experienced constraints that limited or shaped the design process; therefore it meets Conditions A and B and should be included.",Development of a Connected Sensor System in Colorectal Surgery: User-Centered Design Case Study
Christina Schüttler; Verena Huth; Magdaléna von Jagwitz-Biegnitz; Martin Lablans; Hans-Ulrich Prokosch; Lena Griebel,High,Include,"""HCD_fullcycle"": [""A1 User Involvement: \""Subsequently, the first draft of the prototype was pretested by 3 male researchers with a biobank background who are affiliated with GBA... The second version, which the questionnaire described below refers to, was used for the usability tests. This in turn resulted in the third and final prototype, which was enriched by feedback from the evaluation.\"" - Methods: Preliminary Work / Results: Implementation of the Feedback in the Final Prototype"", ""A2 Iteration: \""In total, 3 versions of the Sample Locator prototype were created in the course of this work. Following the iterative nature of the design process, the versions are based on each other.\"" - Methods: Preliminary Work"", ""A3 Lifecycle (Understanding/Ideation/Prototyping/Evaluation): \""First, the participants discussed the typical context of use of the Sample Locator, resulting in the design of 2 hypothetical users (hereafter referred to as personas)... Second, the participants defined 2 example interaction designs... With the acquired knowledge, the participants designed low-fidelity mock-ups using Balsamiq... The main ideas of these mock-ups were discussed, extracted, and summarized into a comprehensive midfidelity prototype. It was modeled using Microsoft PowerPoint... Based on this preliminary work, the usability analysis was ultimately carried out with researchers and the results were evaluated.\"" - Methods: Preliminary Work / Methods: Study Design / Results: Evaluation of the Prototype""], ""TASKS_elements"": [""\""due to time constraints inherent to the project and the fact that work had already begun on a development version to drive progress on the technical back end of the search tool, the focus was on the steps most relevant to our objective of providing a user-friendly application in avoidance of undue delay. This comprised the creation of a persona, the identification of an interaction design, the creation of an interactive prototype, and the evaluation of the prototype. In this shortened procedure, the thorough analysis of the user group in particular was neglected.\"" - Discussion: Preliminary Work - Why it shows a designer barrier: explicitly reports time/resource constraints that forced an abbreviated UCD process and neglected thorough user analysis, i.e., a designer-facing limitation that affected design activities and choices."", ""\""Although these [other prototyping tools] are dedicated tools for prototyping, we decided to use PowerPoint... On the other hand, we did not strive to design a functioning, more realistic high-fidelity prototype... The only constraint that became apparent in the course of implementation was the fact that there was not enough space to include more text, as the prototype was designed in typical PowerPoint slides. For example, ICD codes were not stored with textual descriptions, an aspect criticized by several test users. Apart from this limitation that prevented the test users from accurately experiencing the future tool’s fully featured performance, PowerPoint was a suitable tool for achieving our goal.\"" - Discussion: Preliminary Work / Discussion of Results - Why it shows a designer barrier: documents a tooling/licensing/training constraint and prototype fidelity limitation that prevented designers from providing a higher-fidelity interactive prototype and affected evaluation and subsequent design decisions."", ""\""A further limitation inherent in our study is that we could only include 27 test users in our usability evaluation. This relatively small number of participants does not lead to statistically significant results, but merely provides insight into the participants’ opinions.\"" - Discussion: Limitations - Why it shows a designer barrier: indicates a participant recruitment/resource limitation that reduced the breadth/statistical power of user feedback available to designers, potentially limiting iterative refinement choices.""]}",,Schüttler C. et al. - 2020 - A federated online search tool for biospecimens sample locator Usability study.txt,"Condition A: satisfied - The paper documents active user involvement (pretest and main usability study whose feedback was incorporated), explicit iterative development with three prototype versions, and evidence of all four lifecycle phases (persona/requirements = understanding; workshop interaction designs = ideation; Balsamiq/PowerPoint prototypes = prototyping; task-based SUS evaluation = evaluation).; Condition B: satisfied - The paper reports concrete designer-facing constraints (time constraints forcing an abbreviated UCD, tooling/licensing/fidelity limits using PowerPoint that restricted prototype functionality and user experience, and a smaller-than-planned participant sample), which affected designers' ability to perform design activities.; Final rationale: The study meets the meta-study exclusion test, fulfills the full HCD cycle requirements (A1, A2, A3) with documented quotes and sections, and reports one or more valid designer-oriented task/constraint elements that impacted the design process; therefore it should be included.",A Federated Online Search Tool for Biospecimens (Sample Locator): Usability Study
"Juliette Semaan, Christopher Farah, Reem Abou Harb, Marco Bardus, Aline Germani, Imad H Elhajj",High,Include,"""HCD_fullcycle"": [""A1 User Involvement: \""The purpose of the needs assessment was to understand perceived barriers, benefits, and motivating factors related to the use of mobile phones for health, particularly for using them to receive COVID-19-related information.\"" - Methods, Phase 1 (Needs assessment)."", ""A2 Iteration: \""Alpha testing allowed us to address bugs and refine the software. Then, before the development of the final design, beta testing was conducted to check the prototype’s feasibility, usability, and acceptability. Finally, we modified the tool based on the feedback and developed a final product, which was then released to the same group of users.\"" - Methods, Phase 4 (user testing / alpha & beta testing)."", ""A3 Lifecycle (Understanding/Ideation/Prototyping/Evaluation): \""We undertook a pilot study guided by the Humanitarian Engineering Initiative (HEI)’s user-centered design framework, comprising five stages: (a) user research, including needs assessment and desk review of interventions with target users; (b) concept design based on platform and source selection, message format, concept testing, and architecture design; (c) prototyping and implementation, encompassing software development and system operation; (d) user testing (alpha and beta); and (e) evaluation through software analytics and user interviews.\"" - Methods (Design, overview).""], ""TASKS_elements"": [""\""Working with Syrian refugees in urban areas has been even more challenging due to the restrictions imposed by COVID-19 curfews and lockdowns, which limited the opportunity to visit the targeted areas and talk to our intended beneficiaries.\"" - Discussion (Strengths, limitations and future research) - [Shows a designer barrier: lockdowns prevented planned field visits and direct user engagement, forcing remote methods and constraining formative research and in-person testing]."", ""\""We tried to overcome these problems by recruiting users through our partner nongovernmental and religious organizations because refugees consider these trustworthy and reliable.\"" - Discussion (Strengths, limitations and future research) - [Shows a designer constraint and adaptation: difficulty accessing/referring participants directly led designers to rely on partner organizations for recruitment, affecting how they conducted user research]."", ""\""All women had access to a mobile phone since they were interviewed through WhatsApp phone calls, but most did not have an active data plan... Many participants could not download large apps on their phones because of limited storage.\"" - Results, Phase 1 (user research and analysis) - [Shows participant access/resource constraints that directly shaped designers' platform choice (led to selection of low-bandwidth WhatsApp and audio delivery), limiting design options]."", ""\""A way to overcome this limitation might be to use WhatsApp Communities or a WhatsApp channel... scaling this up would require human resources to manage these groups... more funding would be needed for such development.\"" - Discussion (Strengths, limitations and future research) - [Shows resource and scale constraints experienced by designers: platform/group size limits and funding needs prevented planned interactive/large-scale features]."", ""\""Two participants were not interviewed, because they actively (n = 1) or accidentally (n = 1) left the group.\"" - Methods, Phase 5 (Qualitative evaluation sample) - [Shows participant engagement/drop-out that constrained evaluation data and iterative feedback available to designers].""]}",,Semaan et al. - 2023 - Tackling the COVID 19 infodemic among Syrian refugees in Lebanon Development and evaluation of the W.txt,"Condition A: satisfied - The paper documents active user involvement (needs assessment, concept testing, WhatsApp group testing), explicit iteration (alpha and beta testing with refinements), and a complete lifecycle (understanding, ideation, prototyping, evaluation) within the described HEI user-centered framework.; Condition B: satisfied - The manuscript reports multiple designer-facing constraints (COVID-19 lockdowns limiting field access, reliance on partner organizations for recruitment, participants' limited data/storage, participant drop-outs, and scaling/funding limits) that affected how the team conducted design, testing, and scaling.; Final rationale: Both Condition A (full HCD cycle with active user shaping and iteration) and Condition B (documented designer-experienced resource, access, and participant-engagement constraints that affected design activities) are met based on explicit statements in Methods, Results, Discussion, and Limitations; therefore the study is included.",Tackling the COVID-19 infodemic among Syrian refugees in Lebanon: Development and evaluation of the “Wikaytek” tool
"Daniel Semakula, Allen Nsangi, Matt Oxman, Sarah Ellen Rosenbaum, Andrew David Oxman, Astrid Austvoll-Dahlgren, Claire Glenton, Simon Lewin, Margaret Kaseje, Angela Morelli, Atle Fretheim, Nelson Kaulukusi Sewankambo",High,Include,"""HCD_fullcycle"": [""A1 User Involvement: \""Participants included researchers, journalists, parents, other members of the public... We recruited parents with children in year five of primary school who, like the journalist network, participated by generating ideas and providing feedback on prototypes and the subsequent versions of the resources.\"" - Methods / Participants / Table 1"", ""A2 Iteration: \""This approach is characterised by multiple iterative cycles of development. For simplicity, we have summarised that process into four steps: (1) idea generation, (2) prototyping, (3) user testing and (4) analysis and incorporation of findings... We produced new prototypes to be user-tested and the design cycle continued until we came up with a final product.\"" - Methods"", ""A3 Lifecycle (Understanding/Ideation/Prototyping/Evaluation): \""Interviews with parents to identify relevant claims (semi-structured interviews) March–April 2015: 30 parents. We interviewed parents to identify health conditions and treatments that were relevant to them.\"" (Understanding users) + \""Idea generation workshop... At the 3-day kick-off meeting for the project, the research team together with invited teachers and journalists (18 people) discussed which concepts to focus on and brainstormed about potential resources.\"" (Ideation) + \""Working with information designers and journalists, we converted written descriptions of ideas into prototypes... for radio programmes we produced and recorded a version of a radio programme.\"" (Prototyping) + \""V2 User testing and piloting in Uganda (semi-structured interviews) September to December 2015: 28 parents... 28 parents listened to the podcast. We interviewed them after they listened to each episode.\"" (Evaluation) - Methods / Table 1""], ""TASKS_elements"": [""\""We decided against these ideas because they would not address important underlying barriers that make it difficult for journalists to report more informatively such as commercialism in the media (the need for journalists to sell stories, which can conflict with providing balanced information) and organisational constraints (such as editors that can be an obstacle to preparing more informative reporting of treatment claims). In addition, we thought that, to the extent that we could develop effective tools for journalists, it was unlikely that they would be widely used outside of a small subset of health journalists, further limiting their impact.\"" - Results / Idea generation and exploratory prototypes - Why it shows a designer barrier: designers encountered systemic organisational and commercial constraints that prevented planned solutions (tools for journalists) and forced them to abandon or redesign those prototypes."", ""\""We chose to produce a pre-recorded radio programme... A pre-recorded radio show was chosen over a live radio show because of the logistical and technical challenges related to producing live radio shows such as consistency in messaging by presenters and the reliance on media-savvy researchers, skilled moderators, among others.\"" - Results / Prototyping - Why it shows a designer barrier: practical and technical production constraints (need for media-savvy personnel, consistency issues) limited feasibility and forced a change in format."", ""\""At the time of development, content such as ours would be challenging to access through internet-based technologies and smartphone access was still very low... We found that preloading the audio messages onto small inexpensive portable media players and giving these to the parents was a feasible way to deliver the IHC podcast.\"" - Version 3 / Results - Why it shows a designer barrier: resource/technology limitations (low internet/smartphone access) constrained delivery options and required an alternative delivery solution."", ""\""The first episode was too long (15 min) and the explanations were confusing... The programme was not interactive; it had long explanations which made it boring... The pre-recorded interview sounded unnatural when scripted.\"" - Results / Version 1: the Health Choices radio programme - Why it shows a designer barrier: repeated usability and format problems identified during testing forced redesigns (shortening episodes, changing to skits/storytelling), indicating designers had to adapt processes in response to these obstacles."", ""\""People often did not understand the main purpose of the project, and this in turn led to misunderstandings about the content, such as thinking we were going to provide them with health advice... We worked with our audiences to adjust each episode, and the approach to the podcast as a whole until they were satisfied that the content was understandable and the podcast was usable.\"" - Discussion / Usability and understandability - Why it shows a designer barrier: misunderstandings by users limited designers' ability to convey aims and required iterative content and messaging changes.""]}",,Semakula et al. - 2019 - Development of mass media resources to improve the ability of parents of primary school children in.txt,"Condition A: satisfied - The paper documents explicit user involvement (journalists and parents engaged in idea generation and iterative user testing), clear iterative cycles (v1, v2, v3 with repeated prototyping and user testing), and evidence of the four lifecycle phases (understanding via interviews, ideation workshops, prototyping of radio/podcast prototypes, and evaluation through semi-structured user testing).; Condition B: satisfied - Multiple quotes show designers encountered real constraints that forced design changes: organisational/commercial barriers with journalists, logistical/technical issues with live radio production, low internet/smartphone access affecting delivery, and usability problems with prototypes requiring redesign.; Final rationale: Both Condition A (full HCD cycle) and Condition B (designer-facing task/constraint evidence) are clearly documented in Methods, Results, and Discussion. Therefore the study meets inclusion criteria.",Development of mass media resources to improve the ability of parents of primary school children in Uganda to assess the trustworthiness of claims about the effects of treatments: a human-centred design approach
"Agnese Seregni, Enrica Tricomi, Peppino Tropea, Rocio Del Pino, Juan Carlos Gómez-Esteban, Inigo Gabilondo, María Díez-Cirarda, Hannes Schlieter, Kai Gand, Massimo Corbo",High,Include,"""HCD_fullcycle"": [""A1 User Involvement: [\""Specific activities involving end-users were planned along the development phases and are referred to as participatory design.\"" - Introduction/Methods]"", ""A2 Iteration: [\""The whole evaluation methodology of the system has been designed as an incremental testing approach composed of three different phases: (1) The Tech Labs (TL) phase, (2) The Living Labs (LL) phase, and (3) The Pilot Tests (PT) phase. The three phases aim to evaluate system functionalities, usability, and acceptability, respectively. Along these phases, the system is tested incrementally in relation to the availability of functional requirements provided by the vCare architecture...\"" - Materials and Methods]"", ""A3 Lifecycle (Understanding/Ideation/Prototyping/Evaluation): [Understanding: \""After watching the video, an interview was carried out and structured on a two-fold level: user experience questionnaire (UEQ) administration and qualitative semi-structured interview.\"" - Methods (End-User's Perspective); Ideation: \""Participatory design activities that are described here were meant to engage end-users to participate actively in the virtual coaching codesign process.\"" - Discussion; Prototyping: \""In the field study phase (during LL), the system prototypes were tested, for the first time, directly by a group of patients in a 'controlled environment'... Subjects experienced 2-week long rehabilitation treatments autonomously under the supervision of clinicians.\"" - Methods (Field Study); Evaluation: \""The usability of the platform user interface and also the subjects’ satisfaction with the services were assessed by patients at the end of the intervention through the system usability scale (SUS). Motor and cognitive services were assessed separately. A semi-structured interview was carried out...\"" - Methods (Outcome Measures)]""], ""TASKS_elements"": [""[\""One of the limitations of the work is the low number of the users, however justified by the preliminary and explorative aspect of this investigation.\"" - Limitations] - [Why it shows a designer barrier: limited participant numbers constrained the evaluation and statistical analysis, affecting designers' ability to robustly validate and refine the system during these phases (resource/participant access limitation)]."", ""[\""Some system bugs, in terms of sensitivity and accuracy, were also highlighted by the patients.\"" - Results (Field Study)] - [Why it shows a designer barrier: technical/process issues (sensor sensitivity and accuracy) impaired system performance and required developers/designers to address integration and technical limitations]."", ""[\""poor evaluability of the progression of the patient's participation from the speculative analysis of the solution (i.e., informational material and video footage) (end-user Perspective phase) to the examination of the proposed 'product' (i.e., the vCare solution) (field study phase). As strategy to mitigate this risk, both semi-structured interviews... were created following UEQ template.\"" - Limitations] - [Why it shows a designer barrier: difficulty in evaluating transitions between phases limited designers' ability to assess and iterate on user engagement progression (evaluation/measurement constraint)].""]}",,Seregni et al. - 2021 - Virtual Coaching for Rehabilitation The Participatory Design Experience of the vCare Project.txt,"Condition A: satisfied - The authors describe active participatory design (codesign) with end-users (patients, healthy elderly, professionals), an explicit incremental multi-phase testing approach (Tech Labs, Living Labs, Pilot Tests) indicating iteration, and documented activities corresponding to understanding (interviews), prototyping (system prototypes tested in living labs), and evaluation (UEQ, SUS, semi-structured interviews).; Condition B: satisfied - The manuscript reports designer-facing constraints: low number of users limiting evaluation/statistical analysis, system bugs (sensitivity/accuracy) encountered during field testing, and poor evaluability of progression between phases, all of which affected the designers' ability to perform and refine design activities.; Final rationale: The paper reports an author-led participatory design process involving users in shaping the system, explicit iterative phases, evidence of understanding/ideation/prototyping/evaluation activities, and documented designer-experienced constraints; therefore it meets both Condition A (full HCD cycle) and Condition B (designer-oriented task elements) and should be included.",Virtual Coaching for Rehabilitation: The Participatory Design Experience of the vCare Project
Cathy Shields; Scott G Cunningham; Deborah J Wake; Evridiki Fioratou; Doogie Brodie; Sam Philip; Nicholas T Conway,High,Include,"""HCD_fullcycle"": [""A1 User Involvement: \""Findings from focus groups informed the development of a prototype MDIQ interface\"" - Methods: Focus Groups / Abstract"", ""A2 Iteration: \""User testing of the prototype site through think aloud sessions (n=7)... Results from the focus groups and think aloud workshops were used in the development of a live MDIQ platform.\"" - Results / Development of the Final Site"", ""A3 Lifecycle (Understanding/Ideation/Prototyping/Evaluation): \""Current users of MDMW were invited to take part in focus groups to gather their insights... Findings from focus groups informed the development of a prototype MDIQ interface, which was then user-tested through the 'think aloud' method... User insights gained from focus groups and think aloud workshops... were discussed among the researcher, clinicians, and developer... and those that were feasible were used to inform the development of the final (live) MDIQ-augmented MDMW site.\"" - Methods: Focus Groups & Think Aloud Workshops; Results: Development of the Final Site""], ""TASKS_elements"": [""\""Attempts to recruit a more diverse group of participants via purposive sampling were not realized owing to poor response rates to the initial invite. The number of participants was relatively small and skewed towards older people with T1D...\"" - Limitations - Why it shows a designer barrier: recruitment shortfall limited designers' ability to obtain diverse user input and perform planned purposive sampling, constraining design activities."", ""\""Not all participants returned; therefore, several additional participants were recruited from the original PPI list.\"" - Methods: Think Aloud Workshops - Why it shows a designer barrier: participant retention issues required additional recruitment efforts, affecting the iteration/testing schedule and sample composition."", ""\""Social distancing necessitated by the COVID-19 pandemic resulted in the use of remote online user testing. This approach has known disadvantages, such as moderators needing to deal with unexpected technical issues during sessions and participants potentially facing a cognitively demanding environment (ie, navigating a video conferencing tool as well as testing the online intervention in question).\"" - Limitations - Why it shows a designer barrier: remote testing imposed technical and procedural challenges for moderators/designers, affecting the conduct and fidelity of usability evaluation and iteration.""]}",,Shields et al. - 2022 - User Centered Design of A Novel Risk Prediction Behavior Change Tool Augmented With an Artificial In.txt,"Condition A: satisfied - The study documents active user involvement (focus groups and think-aloud), explicit iterative refinement (focus groups -> prototype -> think-aloud -> final site), and evidence of all lifecycle phases (understanding via focus groups, ideation/decisions by researcher/clinicians/developer, prototyping of a prototype site, and evaluation via think-aloud sessions).; Condition B: satisfied - The paper describes concrete designer-facing constraints (failed purposive recruitment, participant retention issues requiring extra recruitment, and remote-testing technical/ moderation challenges due to COVID-19) that affected the team’s ability to perform design and evaluation activities.; Final rationale: Both the full HCD cycle and at least one designer-experienced task/constraint are documented in Methods, Results, Discussion, and Limitations. Therefore the study meets the inclusion criteria.",User-Centered Design of A Novel Risk Prediction Behavior Change Tool Augmented With an Artificial Intelligence Engine (MyDiabetesIQ): A Sociotechnical Systems Approach
"Akanksha Singh, Benjamin Schooley, Jack Mobley, Patrick Mobley, Sydney Lindros, John M. Brooks, Sarah B. Floyd",High,Include,"""HCD_fullcycle"": [""A1 User Involvement: \""A team of informaticians and comparative effectiveness researchers directly engaged with orthopaedic surgeon subject matter experts in a collaborative I-C-IT prototype design process.\"" - Methods/Abstract"", ""A2 Iteration: \""The collaborative design process spanned 6 months and produced roughly 15 iterations of I-C-IT.\"" - Step 4 (Collaborative Design Process to Create Wireframes)"", ""A3 Lifecycle (Understanding/Ideation/Prototyping/Evaluation): \""We conducted an ethnographic study ... we shadowed two orthopaedic surgeons ... for a total of 11 hours encompassing 42 patient visits.\"" (Understanding users - Step 3); \""iteratively designed wireframes ... produced roughly 15 iterations of I-C-IT.\"" (Ideation - Step 4); \""we developed the first high fidelity webapp prototype of I-C-IT ... driven by simulated data elements for 2,000 unique patients\"" (Prototyping - Step 5); \""10 semi-structured qualitative interviews ... NVivo 12 analysis ... At the end of the interview, we asked participants to complete a standard system usability scale (SUS) questionnaire ... as well as a customized utility survey\"" (Evaluation - Step 6)""], ""TASKS_elements"": [""\""The current I-C-IT prototype operates using a limited data set for the purpose of studying physician interactions with the interface.\"" - Limitations - Why it shows a designer barrier: This limitation indicates designers were constrained to simulated/limited data, which prevented full real-world testing and integration activities and thus affected their ability to evaluate and refine the system with live diverse EHR data."", ""\""For the utility of the system to be thoroughly tested for its real-world application, I-C-IT must be integrated with a dynamic data source ... The current I-C-IT prototype operates using a limited data set\"" - Limitations - Why it shows a designer barrier: Lack of EHR integration and dynamic data sources is a technical/process constraint that limited designers' ability to implement and test the intended system functionality and iterative refinements in a real clinical data environment."", ""\""Future research should focus on refining I-C-IT by incorporating patient feedback in future iterative cycles of system design and evaluation.\"" - Conclusion / Limitations - Why it shows a designer barrier: Absence of patient involvement in the current design/evaluation limited designers' ability to fully assess and optimize the system for shared decision-making, indicating a stakeholder-access constraint affecting design activities.""]}",,Singh A - 2024 - Human centered Design of a Health Recommender System for Orthopaedic Shoulder Treatment.txt,"Condition A: satisfied - Clear evidence of user involvement (collaborative design and ethnography), explicit iterative cycles (multiple iterations, agile sessions), and the full lifecycle (understanding via literature/ethnography/chart review; ideation/wireframing; prototyping webapp; evaluation via interviews and SUS).; Condition B: satisfied - Limitations and methods explicitly report designer-facing constraints (use of a limited/simulated dataset, lack of EHR integration, and absence of patient feedback) that affected the designers' ability to perform full real-world design and evaluation activities.; Final rationale: The paper reports a complete HCD cycle with iterative, user-engaged design and evaluation, and also documents concrete designer-experienced constraints (data and integration limits, missing patient involvement). Thus it meets both Condition A and Condition B and should be included.",Human-centered Design of a Health Recommender System for Orthopaedic Shoulder Treatment
"Berglind Smaradottir, Martin Gerdes, Santiago Martinez, Rune Fensli",High,Include,"""HCD_fullcycle"": [""A1 User Involvement: \""During the workshop, attendees defined the optimal workflow for the telemedicine service, described their preferred way of interacting with the IS and suggested ideas for the user interface layout.\"" - Methods: Workshop with end-users"", ""A2 Iteration: \""The UCD process was divided into two phases: (a) workshop with representatives of the end-user groups ... and (b) iterative development of the IS including user evaluations, interviews and a field trial.\"" AND \""After user test 1, two weeks were spent refining the IS.\"" - Methods: Iterative development / User test 1"", ""A3 Lifecycle (Understanding/Ideation/Prototyping/Evaluation): \""The workshop aimed to understand the context of use and gather user requirements for the design of the IS.\"" (Understanding) ; \""...suggested ideas for the user interface layout.\"" (Ideation) ; \""An interaction designer created the initial graphical user interface (GUI)... An industry partner... implemented the functionality of the IS.\"" (Prototyping/implementation) ; \""Two user tests based on a think aloud protocol were carried out with end-users... In the final phase, a field trial showed satisfactory use of the system.\"" (Evaluation) - Methods / Results""], ""TASKS_elements"": [""\""The user interaction with the IS during the performance of the tasks was generally successful, with minor technical problems related to transmission of patient data and videoconference’s quality.\"" - Results: User test 1 - This describes process/technical issues encountered that impeded system functioning during testing and required refinements by the design/development team."", ""\""...there were some technical problems due to data transmission into the IS.\"" - Results: Field trial - This documents integration/data-transmission problems experienced in real settings that limited designers' ability to deliver fully stable functionality and required addressing.""]}",,Smaradottir et al. - 2016 - The EU project United4Health User centred design of an information system for a Norwegian telemedici.txt,"Condition A: satisfied - Clear evidence of active user involvement (workshop, patient representatives, clinicians), explicit iterative cycles (user test 1 -> refinements -> user test 2 -> field trial) and documented activities covering understanding, ideation, prototyping and evaluation.; Condition B: satisfied - The paper reports designer-facing process/technical barriers (data transmission and videoconference quality issues) that affected testing and required refinement.; Final rationale: The study reports a full UCD cycle with active user participation, explicit iteration, and all lifecycle phases present, and it documents at least one designer-oriented constraint (technical/integration issues) that impacted development/evaluation; therefore it meets inclusion criteria.",The EU-project United4Health: User-centred design of an information system for a Norwegian telemedicine service
"Berglind Fjola Smaradottir, Randi Eikeland, Harald Reiso, Rune Werner Fensli",High,Exclude,"""HCD_fullcycle"": [""A1 User Involvement: \""The workshop participants were asked to describe and write down user needs and how they expected the registry to function on colorful post-it notes for 10 minutes. Afterwards, each participant presented their suggestions to the group. The patient representatives described their preferred way of interacting with the registry application in a home setting.\"" - [User Workshop]"", ""A2 Iteration: \""In the initial project phase, a User-centered Design process was made that consisted of two steps: 1) the user workshop and 2) the simulation in laboratory.\"" - [Introduction/Methodology] (shows a single workshop->simulation cycle rather than explicit multiple feedback-redesign iterations); \""This study had some limitations such as a reduced number of simulations (n=2) to test the service operation of the National Medical Registry prototype.\"" - [Discussion] (indicates limited repeat testing)"", ""A3 Lifecycle (Understanding/Ideation/Prototyping/Evaluation): \""The aim was to understand the context of use of the National Medical Registry for Tick-borne Diseases, and to work out the user requirements and make a conceptual plan for the service workflow of the registry.\"" - [User Workshop]; \""In the test room, the patients’ own Samsung smartphone device were used to access the National Medical Registry prototype application, which was developed with the software program proto.io.\"" - [Laboratory Simulation] (prototyping); \""The information flow and the interactions with technology across the roles were especially observed and the time for each scenario and potential errors were annotated. A debrief session was organized after each simulation together with the participants.\"" - [Laboratory Simulation] (evaluation)""], ""TASKS_elements"": [""\""This study had some limitations such as a reduced number of simulations (n=2) to test the service operation of the National Medical Registry prototype.\"" - [Discussion] - [Why it shows a designer barrier: reduced number of simulation runs limited designers' ability to test and refine the prototype and service operation (resource/experimental constraint) ]"", ""\""Carrying out evaluations in real clinical environments is not recommended for legal, ethical and privacy reasons [21]. Instead, user-based simulation with evaluation and test of an application can be made in a clinical laboratory...\"" - [Ethical Considerations/Methodology] - [Why it shows a designer barrier: inability to evaluate in real clinical settings due to legal/ethical/privacy restrictions forced designers to use simulations, constraining real-world evaluation and iterative design activities ]""]}",Missing explicit iterative refinement cycles (no multiple feedback-redesign iterations documented); Condition A not satisfied.,Smaradottir et al. - 2019 - User Centered Design of a National Medical Registry for Tick Borne Diseases.txt,"Condition A: not satisfied - Although user involvement (A1) and evidence of the four lifecycle phases (A3) are present, there is no clear evidence of explicit repeated refinement cycles or multiple feedback-redesign iterations (A2). The process is described as a two-step single workshop->simulation cycle with only two simulation runs.; Condition B: satisfied - The paper reports designer-facing constraints (reduced number of simulations and inability to evaluate in real clinical environments for legal/ethical/privacy reasons) that limited the designers' testing and refinement activities.; Final rationale: Excluded because the HCD full cycle condition (Condition A) is not fully met due to lack of explicit iterative refinement cycles; although users were actively involved and all lifecycle phases are represented, the study documents a single design-test cycle without demonstrated multiple rounds of redesign and re-testing.",User-Centered Design of a National Medical Registry for Tick-Borne Diseases
"Justin D. Smith, Nivedita Mohanty, Matthew M. Davis, Ashley A. Knapp, Yacob G. Tedla, Allison J. Carroll, Heather E. Price, Juan A. Villamar, Roxane Padilla, Neil Jordan, C. Hendricks Brown, Craig B. Langman",High,Include,"""HCD_fullcycle"": [""A1 User Involvement: \""With a stakeholder panel (e.g., pediatric providers, practice managers), led by the project team and with input from an external scientific advisory board, we will employ a user-centered design (UCD) approach [53, 54] to tailor an existing CDS tool for use at the point of care and optimize cohort management with a PPM tool, specifically to support adherence to the AAP guidelines for pediatric HTN and meet the needs of stakeholders.\"" - Methods: Aim 1 / Tailoring the PPM and CDS tools"", ""A2 Iteration: \""We anticipate that the majority of adaptation changes will happen within the first three iterations [54]. Thus, we plan to conduct at least three iterations of UCD meetings (four are planned; M3-M6) to ensure we capture all the major adaptations for the PPM tool while adhering to the AAP guidelines.\"" - Methods: Tailoring the PPM and CDS tools"", ""A3 Lifecycle (Understanding/Ideation/Prototyping/Evaluation): \""we will invite pediatric patients at risk for HTN and their caregiver(s) to participate in a brief interview to better understand their needs and perspectives... pediatric primary care providers will be invited to complete an online survey to better understand their perspectives\"" (understanding users); \""the stakeholder panel will convene for a 2-h co-design workshop in M2 and M4 to discuss and provide feedback on the tailoring of the PPM and CDS tools' initial features, functions, and required data inputs\"" (ideation); \""As features and functions are identified by the stakeholder panel, AllianceChicago will begin to build the tools (M3–M7)\"" (prototyping); \""In M7–M8, 10 participants from participating CHCs will evaluate the tools for 30 min in lab-based usability testing... Participants will be videotaped while using a 'think aloud' framework... At the conclusion... participants will complete a modified version of the System Usability Scale\"" (evaluation). - Methods: Protocol modifications; Tailoring the PPM and CDS tools; Usability testing""], ""TASKS_elements"": [""\""we are currently in the middle of the COVID-19 pandemic in the state of Illinois... AllianceChicago CHCs, like most healthcare systems across the nation, are shifting their focus to managing the pandemic. Accordingly, we have temporarily suspended administration of the provider survey and will hold meetings of the stakeholder panels virtually.\"" - Protocol modifications and current status - Why it shows a designer barrier: The pandemic caused suspension of planned provider survey administration and forced virtual stakeholder meetings, limiting planned data collection and requiring modification of design activities and timelines (participant access and process constraints)."", ""\""patient and provider data for PPM will need to be specified for each organization.\"" - Methods: Tailoring the PPM and CDS tools - Why it shows a designer barrier: Indicates additional technical and process integration work and customization for each CHC organization, increasing implementation complexity and workload for the design/implementation team (process/technical constraint).""]}",,Smith JD - 2020 - Optimizing the implementation of a population panel management intervention in safety net clinics fo.txt,"Condition A: satisfied - The Methods describe explicit user involvement via stakeholder panels, co-design workshops and patient/caregiver and provider interviews (A1), planned repeated UCD iterations (at least three) and iterative ERIC cycles (A2), and all four lifecycle phases are present: user understanding (interviews/surveys), ideation (co-design workshops), prototyping (tool build by AllianceChicago), and evaluation (lab-based usability testing, SUS, think-aloud, NoMAD and mixed-methods evaluation) (A3).; Condition B: satisfied - The protocol reports designer-facing constraints: COVID-19 necessitated suspension of the provider survey and virtualizing stakeholder meetings (limiting data collection and affecting planned activities), and technical/process integration work required specifying patient/provider data per organization, both of which are barriers experienced by the design/implementation team.; Final rationale: Both Condition A (full HCD cycle present) and Condition B (at least one documented designer-experienced task/constraint) are met based on explicit statements in the Methods and Protocol modifications sections; therefore the study meets inclusion criteria.",Optimizing the implementation of a population panel management intervention in safety-net clinics for pediatric hypertension (The OpTIMISe–Pediatric Hypertension Study)
"Alvaro Sobrinho, Leandro Dias da Silva, Angelo Perkusich, Maria Eliete Pinheiro, Paulo Cunha",High,Include,"""HCD_fullcycle"": [""A1 User Involvement: \""A user-centered design (UCD) approach involving health professionals (nurse and nephrologists) and target users guided the development process of the app between 2012 and 2016. In-depth interviews and prototyping were conducted along with healthcare professionals throughout the requirements elicitation process.\"" - Methods (Abstract / Interviews)"", ""A2 Iteration: \""The first version of the app was constructed and presented to the same nephrologist still in 2015. This aimed to make sure that all specified requirements were incorporated into the app. Afterward, a new version of the app was created according to the results obtained from the verification and validation activities outlined in the next sections.\"" Additionally: \""Therefore, the hierarchical model was simulated at least 18 times...\"" - Methods (Development / Formal specification and validation)"", ""A3 Lifecycle (Understanding/Ideation/Prototyping/Evaluation): \""The first activity of the UCD approach included literature reviews, interviews, and requirements validation to ensure that the system requirements reflect real needs of patients and physicians. The second activity includes an evaluation of the app considering effectiveness and usability. The study is composed of analyses of medical guidelines, in-depth interviews with health professionals, requirements specification, development and system evaluation.\"" - Methods (first paragraph)""], ""TASKS_elements"": [""\""During the data analysis, lack of data was identified due to the technological precariousness of the medical records located at the healthcare facility. The data was collected from the medical history recorded in a non-electronic format. Therefore, data related to proteinuria (more than 75% of the medical records) and other relevant data, such as weight, were not available. It required additional laboratory tests and other personal data (e.g., weight) to complete the medical records of the subjects.\"" - Methods (Statistical analysis) - This shows a designer barrier (resource/data limitation) that forced additional tests and hindered collection/validation of required data."", ""\""There are also limitations to this test. For instance, the eight subjects may be considered a small sample.\"" - Discussion (Usability and perception evaluation / Discussion) - This shows a participant/sample limitation that constrained the designers' ability to perform broader usability evaluation and generalize usability findings.""]}",,Sobrinho et al. - 2018 - Design and evaluation of a mobile application to assist the self monitoring of the chronic kidney di.txt,"Condition A: satisfied - The paper documents active user and clinician involvement in requirements elicitation and prototyping (A1), explicit iterative refinement including multiple simulations and a second app version (A2), and evidence of full lifecycle activities: understanding (interviews, literature/guideline review), ideation/specification (requirements and formal CPN models), prototyping/development (native Android app), and evaluation (statistical concordance study and usability tests) (A3).; Condition B: satisfied - The authors report concrete designer-facing constraints: substantial missing/non-electronic medical record data that required additional laboratory tests (affecting design/evaluation) and a small usability sample limiting evaluation, both of which impacted the team's ability to carry out design and validation activities.; Final rationale: Both Condition A (full HCD cycle) and Condition B (designer-facing task constraints) are met based on the Methods, Results, Discussion, and Limitations text provided; therefore the study is Included.",Design and evaluation of a mobile application to assist the self-monitoring of the chronic kidney disease in developing countries
"Ingrid Konstanse Ledel Solem, Cecilie Varsi, Hilde Eide, Olöf Birna Kristjansdottir, Elin Børøsund, Karlein M G Schreurs, Lori B Waxenberg, Karen E Weiss, Eleshia J Morrison, Mette Haaland-Øverby, Katherine Bevan, Heidi Andersen Zangi, Audun Stubhaug, Lise Solberg Nes",High,Include,"""HCD_fullcycle"": [""A1 User Involvement: \""stakeholders were invited to discuss their needs, requirements for acceptability, ideas, and possible challenges related to the eHealth project.\"" - Methods: Workshops (Workshops With All Stakeholders)"", ""A2 Iteration: \""Stakeholders' input and 5 iterative rounds of usability testing contributed to adjustments to detect and ensure (1) easy and intuitive navigation... (2) language and content issues... (3) implementation of engaging design elements... and (4) possibilities for personal preferences and choice.\"" - Results: Software Development and Formative Evaluation / Usability Testing"", ""A3 Lifecycle (Understanding/Ideation/Prototyping/Evaluation): \""The intervention was developed in iterative processes... through a combination of (1) contextual inquiry and co-design processes collecting input from people with chronic pain, their spouses, health care providers, and eHealth experts; (2) intervention content development...; and (3) iterative software development and formative evaluation, including low- and high-fidelity prototypes development and usability testing.\"" - Methods: Study Design / Intervention Development""], ""TASKS_elements"": [""\""Potential barriers in the development process, as well as for the final product, were identified as (1) time challenges, referring to the amount of time it takes to develop eHealth interventions and whether or not health care providers had time to participate in the development process; (2) defining the most relevant and beneficial intervention content; (3) patient involvement in the development process; and (4) privacy and security issues.\"" - Results: Workshops With Collaborating Partners - Why it shows a designer barrier: Explicitly describes constraints (time, content prioritization, patient involvement, privacy) that limited the development team's ability to perform and plan design activities."", ""\""As ease of use and a simple log-in were identified as one of the most important patient requirements, the solution was to incorporate a simple 4-digit PIN, excluding functionality such as sharing possibilities and personal notes.\"" - Results: Security and Privacy Considerations - Why it shows a designer barrier: Demonstrates a technical/privacy constraint that forced the designers to exclude planned functionality (sharing, personal notes) to meet security/usability trade-offs."", ""\""The software development and formative evaluation may also present some limitations. For instance, every part of the intervention steps/modules was not tested... Usability testing was conducted at the project team offices, with a facilitator and observer watching the participants within a limited period. This could have impacted the testing, and it is possible that the usability testing of EPIO captured only some of the potential barriers to continued use over time.\"" - Discussion: Strengths, Limitations, and Future Directions - Why it shows a designer barrier: Describes evaluation constraints (limited testing coverage and setting) that impeded comprehensive formative evaluation by the design team.""]}",,Solem I.K.L. et al. - 2020 - A user centered approach to an evidence based electronic health pain management intervention for peo.txt,"Condition A: satisfied - Clear evidence of active user involvement (workshops, co-design), explicit iterative refinement (multiple rounds of prototyping and usability testing), and all four lifecycle phases (contextual inquiry/understanding, ideation via workshops, prototyping low/high-fidelity, and evaluation via usability testing).; Condition B: satisfied - Multiple documented designer-facing constraints (time challenges, difficulty defining content, privacy/security trade-offs, and limited testing scope) that affected design decisions and the team's ability to carry out development activities.; Final rationale: The paper reports a full user-centered HCD cycle with active stakeholder involvement, iterative development, prototyping, and evaluation, and it documents concrete designer-facing barriers that impacted the project; therefore it meets both Condition A and Condition B and should be included.",A User-Centered Approach to an Evidence-Based Electronic Health Pain Management Intervention for People With Chronic Pain: Design and Development of EPIO
Jennifer Sonney; Emily E Cho; Qiming Zheng; Julie A Kientz,High,Include,"""HCD_fullcycle"": [""A1 User Involvement: \""Evaluation with parent–child dyads entailed in-person and remote concept testing and usability testing sessions, after which rapid cycle thematic analyses identified key insights that informed future design refinement.\"" - Methods/Abstract"", ""A2 Iteration: \""our app refinement used the HCD process of research, ideation, design, evaluation, and implementation, including 6 cycles of design and evaluation.\"" - Methods/Abstract"", ""A3 Lifecycle (Understanding/Ideation/Prototyping/Evaluation): \""During this phase, our team conducted a scoping literature review of mHealth app engagement strategies...conducted a market research review...assessed the extent to which existing asthma apps facilitated parent–child shared management.\"" (Understanding) - Methods/Research; \""The ideation phase...the study team conducted brainstorming sessions...affinity mapping...effort versus impact matrices to prioritize design ideas and refinements.\"" (Ideation) - Methods/Ideation; \""The original mHealth IMPACT app prototype was developed using Figma...the designer digitally drafted the prioritized design ideas, usually providing 2 or 3 variations...Later design rounds focused on visual design and microinteractions...high-fidelity prototyping within Figma.\"" (Prototyping) - Methods/Design; \""The study team used numerous techniques within the evaluation stage, including concept testing, usability testing, and semistructured interviews...think-aloud technique...Following each evaluation session, the UX researcher and designer debriefed the session...rapid thematic analyses...identified key insights that informed future design refinement.\"" (Evaluation) - Methods/Evaluate""], ""TASKS_elements"": [""\""we originally planned 3 cycles of design and evaluation, but as a result of delayed study timelines due to the COVID-19 pandemic, we extended our threshold for concluding iterations to Spring 2021.\"" - Methods/Design - This shows a resource/time constraint (COVID-related delays) that affected the designers' planned iteration timeline and process."", ""\""During the COVID-19 pandemic, the stay-at-home orders necessitated to transition to a remote study protocol...As an alternative to Mr. Tappy, which would require mailing to and from participant homes, the UX researcher would access the Figma app prototype, share their screen, and enable 'remote control' of their mouse and keyboard.\"" - Methods/Procedures for Evaluation and Refinement - This describes a process/technical constraint that forced designers to change data collection methods and tooling."", ""\""Several concepts were never prototyped, including chat forums and leaderboards, due to patient privacy concerns.\"" - Results/Design - This documents a design constraint (privacy) that prevented prototyping and testing of certain features, limiting designer options.""]}",,Sonney et al. - 2022 - Refinement of a Parent Child Shared Asthma Management Mobile Health App Human Centered Design Study.txt,"Condition A: satisfied - The study documents active user involvement (concept testing, usability testing, semistructured interviews), explicit repeated iterations (6 cycles), and evidence of all lifecycle phases (user understanding, ideation, prototyping in Figma, and evaluation with users).; Condition B: satisfied - Multiple explicit designer-facing constraints are reported (COVID-related delays forcing extended iterations and remote protocol changes; tooling/workflow adaptations; features withheld due to privacy concerns), meeting the TASKS elements criteria.; Final rationale: The paper reports an HCD process with active co-design by parent–child dyads across multiple iterative cycles, demonstrates all required lifecycle phases, and explicitly describes constraints that affected designers' work; therefore it meets both Condition A and Condition B and should be included.",Refinement of a Parent–Child Shared Asthma Management Mobile Health App: Human-Centered Design Study
"Emily L Speybroeck, Christie Petrenko, Cristiano Tapparello, Katrina Griffin, Emily Hargrove, Myles Himmelreich, Anique Lutke, CJ Lutke, Maggie May, Shuo Zhang, Janna Looney, Carson Kautz-Turnbull, Madeline N Rockhold",High,Include,"""HCD_fullcycle"": [""A1 User Involvement: \""Members of the ALC have served as an advisory board, co-developed the app prototype, and co-led the conduction of the presented research.\"" - Introduction/My Health Coach section"", ""A2 Iteration: \""This project follows an established user-centered design approach to app development and evaluation, allowing for feedback loops promoting iterative change.\"" - Abstract / Methods (procedures showing prototype -> focus groups -> follow-up survey)"", ""A3 Lifecycle (Understanding/Ideation/Prototyping/Evaluation): \""we discussed initial design ideas, and an initial design prototype was created in Adobe XD\"" (Ideation/Prototyping) - My Health Coach section; \""focus groups... to elicit in-depth feedback about the design and proposed components of the My Health Coach app\"" (Understanding/Evaluation) - Methods/Focus groups; \""The interactive design prototype was shown to focus group and survey participants to help inform refinements to the design and functionalities to the app prior to programming.\"" (Prototyping/Evaluation/Iteration) - Methods/Procedures""], ""TASKS_elements"": [""\""This study is likely missing voices that either were not comfortable with these channels, had scheduling problems, or needed different supports to participate. This was especially salient with the Consent and Screening forms for the study.\"" - Limitations - Why it shows a designer barrier: Participant access and consent/document accessibility problems limited the designers' ability to obtain representative input and complete intended user engagement activities."", ""\""Due to the online nature of the study, we do not know how many participants decided not to participate in the study.\"" - Results/Sample demographics/procedures - Why it shows a designer barrier: Online recruitment/format constrained recruitment reach and prevented the team from knowing or capturing non-participation, limiting data used to inform design.""]}",,Speybroeck et al. - 2024 - My Health Coach Community members perspectives on a mobile health tool for adults with fetal alcohol.txt,"Condition A: satisfied - The authors and ALC co-developed the prototype, conducted focus groups and surveys, and explicitly used user feedback to inform iterative refinements, demonstrating user involvement, iteration, and the four lifecycle phases (understanding, ideation, prototyping, evaluation).; Condition B: satisfied - The paper reports participant access and consent/documentation barriers and missing voices due to online methods and scheduling, which constrained designers' ability to collect representative input and perform design activities.; Final rationale: The study documents a full HCD cycle with active co-design and iterative feedback and also reports concrete participant-access-related constraints that affected the design process; therefore it meets both Condition A and Condition B and should be included.",My Health Coach: Community members’ perspectives on a mobile health tool for adults with fetal alcohol spectrum disorders
Preethi Srinivas; Kunal Bodke; Susan Ofner; NiCole R Keith; Wanzhu Tu; Daniel O Clark,High,Include,"HCD_fullcycle"": [
      ""A1 User Involvement: This study used an iterative user-centered research and design approach that comprised 4 phases ... Focus group with stakeholders; 1-1 design session with users; Scenario-based think-aloud usability evaluation; Field trials with participants (Methods - Overview / Table 1)"",
      ""A2 Iteration: Iterative participatory design and review sessions helped progress the identified measures from low-fidelity paper sketches to high-fidelity prototypes; versions V1, V2, and V3 were developed and refined based on participant feedback across phases (Methods - Overview; Phase 1 and Phase 2 Results)"",
      ""A3 Lifecycle (Understanding/Ideation/Prototyping/Evaluation): Understanding/users: Phase 1 involved focus group and 1-on-1 design sessions with Healthy Me patients to elicit needs and themes (Phase 1 Methods/Results); Ideation: brainstorming and creation of V1 and V2 questions with stakeholders and users (Phase 1 Methods/Results); Prototyping: development of interactive mobile prototypes and an Android EMA app (Ecological Momentary Assessment System: V3-Simple); Evaluation: in-lab evaluations (Phase 2) and two 4-week field trials testing feasibility and engagement (Phase 3 and Phase 4 Methods/Results)""
    ],
    ""TASKS_elements"": [
      ""We chose to develop an Android app owing to (1) the availability of reusable Google libraries and services ... (3) engineers’ existing knowledge of Android app development practices. (Ecological Momentary Assessment System: V3-Simple) - Why it shows a designer barrier: indicates design choices were constrained by engineering resources/skillsets and available libraries, a resource/skill-driven constraint affecting the project's technical direction."",
      ""Achieving a satisfactory interface for real-world, real-time self-reports of weight-related behaviors and context required significant time with users and many design iterations and prototypes over a 6-month period. (Discussion) - Why it shows a designer barrier: documents a substantial time/resource burden on the design team that affected how the project was executed."",
      \""For locations not in Google's service and particularly the participant's home, the system uses the following approach... For instances when the system is unable to locate the device, the participant's response to the location question is used to present appropriate follow-up EMA questions specific to that context. (Identifying the Device's Location and Movement) - Why it shows a designer barrier: describes a technical limitation of external services (location coverage) that forced the team to implement workarounds impacting the design and data collection process.\"",
      ""It felt like the system was eating up my phone’s battery. [P60] (Field Trial 2 Results) AND we identified an additional design constraint for the EMA system, namely designing for increased engagement ... we hypothesized that engagement would increase from 2 additional auditory alerts ... (Field Trial 1 Results) - Why it shows a designer barrier: illustrates a trade-off designers had to manage between increasing engagement via repeated notifications and negative impacts (battery drain / user annoyance), forcing design adjustments and empirical testing.""",,Srinivas et al. - 2019 - Context Sensitive Ecological Momentary Assessment Application of User Centered Design for Improving.txt,"Condition A: satisfied - The paper reports active user involvement (focus groups, 1-on-1 sessions, in-lab testing, onboarding), explicit iterative refinement across V1-V3, and evidence of all four lifecycle phases (understanding, ideation, prototyping, evaluation via two field trials)."",
    ""Condition B: satisfied - The manuscript documents designer-facing constraints and difficulties including engineering skill/resource-driven platform choice, substantial time and iteration burden over 6 months, technical limitations of location services requiring workarounds, and balancing notification frequency with battery/annoyance issues that required design changes and testing."",
    ""Final rationale: The study meets the full HCD cycle criteria and provides multiple concrete examples of constraints and difficulties experienced by the design team. Therefore it should be included.""",Context-Sensitive Ecological Momentary Assessment: Application of User-Centered Design for Improving User Satisfaction and Engagement During Self-Report
"Brian C. Stagg, MD, MS; Benton Tullis, BS; Afua Asare, OD, PhD; Joshua D. Stein, MD, MS; Felipe A. Medeiros, MD, PhD; Charlene Weir, PhD, RN; Damian Borbolla, MD, MS; Rachel Hess, MD, MS; Kensaku Kawamoto, MD, PhD, MHS",Medium,Include,"""HCD_fullcycle"": [""A1 User Involvement: \""We showed the design solution to the 5 clinicians who care for patients with glaucoma described above and 3 informatics and design researchers. After interacting with the design solution, the clinicians and researchers provided feedback, which was incorporated in a second iterative design solution.\"" - Methods, Step 4: Evaluating and Refining Designs / Results, Step 4"", ""A2 Iteration: \""We followed this iterative design loop for 2 additional iterations. The third iteration was satisfactory to the clinicians and researchers and was accepted as our prototype glaucoma CDS system.\"" - Methods, Step 4: Evaluating and Refining Designs"", ""A3 Lifecycle (Understanding/Ideation/Prototyping/Evaluation): \""Using the established User-Centered Design Process framework, we conducted semistructured interviews with 5 clinicians...\"" (Understanding users) - Methods, Step 1; \""Two researchers... reviewed the statements and themes to identify design requirements... developed design requirements\"" (Ideation) - Methods, Step 2; \""The research team then developed a CDS system design solution to meet these needs using Figma software\"" (Prototyping) - Methods, Step 3; \""After interacting with the design solution, the clinicians and researchers provided feedback, which was incorporated...\"" (Evaluation) - Methods, Step 4""], ""TASKS_elements"": [""\""We had an a priori small sample size of 5 clinicians, though we appeared to reach thematic saturation...\"" - Limitations - Why it shows a designer barrier: This sample-size/resource limitation constrained the breadth of user data available to designers during prototype development and is described as affecting the study design."", ""\""As a preliminary design project, we employed telephone interviews and interactions with the prototype CDS system for our iterative design process. In future work, we plan to use cognitive task analyses, think-aloud methods, and direct observation of clinicians using the CDS system. These methods should provide a more nuanced understanding of how the users interact with the EHR and CDS system.\"" - Discussion/Limitations - Why it shows a designer barrier: The use of telephone interviews (rather than direct observation or think-aloud) limited designers' ability to observe actual user interaction and gather richer task-level data, constraining design evaluation and refinement.""]}",,Stagg B.C. et al. - 2023 - Systematic User centered Design of a Prototype Clinical Decision Support System for Glaucoma.txt,"Condition A: satisfied - The paper documents active user involvement (interviews and iterative feedback), explicit multiple iterative design cycles, and activities covering understanding users, ideation (requirements), prototyping (Figma designs), and evaluation (clinician feedback across iterations).; Condition B: satisfied - The authors report designer-facing constraints (small a priori sample and reliance on telephone interviews rather than direct observation/think-aloud) that limited the designers' ability to gather richer interaction data and may have constrained design activities.; Final rationale: The study reports a complete user-centered design cycle with active clinician involvement and explicit iterative refinement, and it documents methodological/resource constraints that affected the designers' ability to perform design activities. Therefore it meets both Condition A and Condition B and should be included.",Systematic User-centered Design of a Prototype Clinical Decision Support System for Glaucoma
,High,Exclude,"""HCD_fullcycle"": [""A1 User Involvement: \""Appendix 1. Information about the participants who attended design workshops and prototype testing sessions\"" - Appendix 1 (shows participants attended workshops/testing but provides no evidence that users/stakeholders actively shaped the design)"", ""A2 Iteration: \""No explicit mention of multiple iterative cycles or refinement in provided text; only single reference to workshops and testing.\"" - Methods/Appendix (provided text)"", ""A3 Lifecycle (Understanding/Ideation/Prototyping/Evaluation): \""design workshops and prototype testing sessions\"" - Appendix 1 (indicates prototyping and evaluation/testing but no evidence of understanding/users research or ideation phases)""], ""TASKS_elements"": []}","Condition A not satisfied - full HCD cycle not evidenced (missing active user shaping, explicit iteration, and/or understanding/ideation phases)",Stawarz et al. - 2020 - Design Considerations for the Integrated Delivery of Cognitive Behavioral Therapy for Depression Use.txt,"Condition A: not satisfied - provided text only indicates participants attended workshops and prototype testing but lacks evidence of active user co-design, explicit iterative cycles, and the full set of lifecycle phases (understanding and ideation are not shown).; Condition B: not satisfied - no quotes or statements in the provided text describing difficulties or constraints experienced by designers (participant non-response noted but not linked to limiting designers' ability to perform design activities).; Final rationale: Excluded because the excerpt does not provide evidence of a complete Human-Centered Design cycle (A1,A2,A3 all required) nor any designer-facing task/constraint; therefore it fails Condition A and Condition B.",
Carolyn Steele Gray; Anum Irfan Khan; Kerry Kuluski; Ian McKillop; Sarah Sharpe; Arlene S Bierman; Renee F Lyons; Cheryl Cott,High,Include,"""HCD_fullcycle"": [""A1 User Involvement: \""As depicted in Figure 1, patients, carers, and PCPs were involved at each step in the design process.\"" - Methods: Overview"", ""A2 Iteration: \""An iterative analysis technique was used in which data were reviewed by two researchers, first independently and then together at multiple points aligned with the stage of tool development.\"" and \""Prototype development and refinement occurred over a series of teleconferences and meetings between the research partners and the technology partner.\"" - Methods: Data Analysis / Phase 2: Tool Development"", ""A3 Lifecycle (Understanding/Ideation/Prototyping/Evaluation): \""Phase 1 consisted of focus groups with patients and carers plus interviews with content experts (CEs) and PCPs from the practice.\"" (understanding); \""Based on the Phase 1 findings, we identified four key features for the tool: symptom monitoring; medication management; educational resources; and hospital visit notification\"" (ideation); \""The prototype included two features: symptom monitoring and hospital access notification.\"" (prototyping); \""Patients, PCPs, and CEs ... were invited to provide feedback on a working prototype during separate 2-hour working group sessions. At each working group session, participants were asked (1) whether the tool captured issues of importance... (2) whether the tool was easy to use... (3) whether there were other ways that we could gather similar information.\"" (evaluation) - Methods: Phase 1 / Phase 2""], ""TASKS_elements"": [""\""The medication management and educational features were challenged, as they were difficult to accomplish given our resources and time frames.\"" - Results: Phase 2: Prototype Development Process - Why it shows a designer barrier: explicit resource/time constraints prevented implementation of planned features, forcing designers to remove or postpone them."", ""\""Blending qualitative specification elucidation into traditional prototyping methods is time and resource intensive and, as such, we were only able to go through a single round with a high-fidelity prototype\"" - Limitations - Why it shows a designer barrier: limited time/resources constrained the number of iterative design cycles designers could perform."", ""\""we also had a relatively low number of patients in our working group due to medical frailty. When working with a complex patient population, strategies are required to address the high likelihood of dropout\"" - Limitations - Why it shows a designer barrier: participant access and high dropout risk reduced designers' ability to obtain sufficient user input and iterate accordingly."", ""\""Provider workflow concerns, the length of the tool, and content issues suggested very low usability of the prototype... This realization prompted a major shift in the purpose of the tool away from an application that only captures patient-reported outcome measures to a tool that actively uses those measures to improve the design and delivery of goal-oriented primary health care\"" - Results: Working Group Findings / Shifting From Monitoring to Supporting - Why it shows a designer barrier: feedback about provider workflow and tool length forced the design team to substantially re-scope and redesign the tool's purpose.""]}",,Steele Gray C - 2016 - Improving Patient Experience and Primary Care Quality for Patients With Complex Chronic Disease Usin.txt,"Condition A: satisfied - The study documents active user involvement (patient/carer/PCP focus groups and working groups), explicit iterative development and analysis, and evidence of all four lifecycle phases (user understanding via interviews/focus groups; ideation/feature identification; prototyping of a high-fidelity prototype; and evaluation via working groups and cognitive walkthroughs).; Condition B: satisfied - The paper reports multiple designer-facing constraints (limited time/resources affecting feature implementation and iteration, participant access/dropout due to medical frailty, and provider workflow concerns that forced a major redesign), meeting the TASKS evidence criteria.; Final rationale: Both the full HCD cycle (A1, A2, A3) and designer-experienced task constraints (Condition B) are clearly documented in Methods, Results, and Limitations; therefore the paper meets inclusion criteria.",Improving Patient Experience and Primary Care Quality for Patients With Complex Chronic Disease Using the Electronic Patient-Reported Outcomes Tool: Adopting Qualitative Methods Into a User-Centered Design Approach
,High,Exclude,"""HCD_fullcycle"": [""A1 User Involvement: \""HOW WOULD YOU PREFER TO LEARN WHAT HAPPENED TO YOUR PATIENTS AFTER THEIR ED VISIT?\"" - Survey instrument (single survey questions to clinicians; no description of co-design or participatory shaping)"", ""A2 Iteration: \""THANK YOU FOR PARTICIPATING IN THIS SURVEY!\"" - Survey instrument (shows a one-time survey data collection; no mention of multiple rounds, feedback-redesign loops, or iterative refinement)"", ""A3 Lifecycle (Understanding/Ideation/Prototyping/Evaluation): \""WHAT POST-ED VISIT INFORMATION ABOUT DISCHARGED PATIENTS WOULD HELP YOU MAKE BETTER DECISIONS FOR FUTURE PATIENTS?\"" - Survey instrument (documents solicitation of information needs only; no evidence of ideation workshops, prototyping artifacts, or evaluation activities)""], ""TASKS_elements"": []}","Missing full HCD cycle (no evidence of iteration, ideation, prototyping, or evaluation) and no designer-facing task constraints identified",Strauss et al. - 2022 - A Patient Outcomes Driven Feedback Platform for Emergency Medicine Clinicians Human Centered Design.txt,"Condition A: not satisfied - The provided text is a one-time survey instrument soliciting clinician information needs; there is no evidence of participatory co-design shaping the design, no documented iterative cycles, and no evidence covering all four lifecycle phases (ideation, prototyping, evaluation are absent).; Condition B: not satisfied - The text contains no descriptions of difficulties, constraints, or barriers experienced by designers during the project (no resource, access, cognitive, skill, or process issues reported).; Final rationale: Based solely on the provided Methods-like content (the survey instrument), the submission does not demonstrate a full HCD cycle nor any designer-oriented task constraints, so it must be excluded.","HELLO, HOW ARE YOU TODAY!"
Eleah Stringer; Julian J Lum; Jonathan Livergant; Andre W Kushniruk,High,Exclude,"""HCD_fullcycle"": [""A1 User Involvement: \""screens and visualizations for an eDA were created and then presented to 12 survivors of HNC for feedback on their utility, features, and further requirements.\"" - Abstract / Methods (Prototype Visual Development; Recruitment and Materials)"", ""A2 Iteration: \""Repeat interviews to improve data richness were not conducted as these interviews were intended to be preliminary, setting the stage for the next phase of the project that will include in-depth workshops with participants.\"" - Limitations; also \""Participants were provided a demonstration of the eDA but did not interact with it.\"" - Methods (Interviews and Analysis)"", ""A3 Lifecycle (Understanding/Ideation/Prototyping/Evaluation): \""A point-of-reference (ie, example screen visualizations) mock-up of a DA was developed for the interviews... The information used in the design and graphs shown to participants was based on the evidence-based literature on HNC.\"" - Methods (Prototype Visual Development); \""The interview questions were designed to elicit participants' experience in learning about side effects of treatment along with their impression of the visuals presented to them... All interviews were video-recorded, transcribed, and analyzed...\"" - Methods (Interviews and Analysis)""], ""TASKS_elements"": []}",Condition A not satisfied: no evidence of iteration (no multiple rounds or feedback-redesign cycles; single-stage prototype evaluation only).,Stringer et al. - 2023 - Decision Aids for Patients With Head and Neck Cancer Qualitative Elicitation of Design Recommendatio.txt,"Condition A: not satisfied - although users were involved (A1 true) and the lifecycle phases (understanding, ideation/prototype, evaluation) are present (A3 true), there is no evidence of explicit iterative refinement cycles or multiple feedback-redesign loops (A2 false).; Condition B: not satisfied / not assessed - Condition A failed so designer-facing task constraints were not required for inclusion; no clear statements that designers experienced resource/participant/process constraints that forced adaptations to design iteration in the reported study.; Final rationale: Excluded because the study reports a single-stage presentation/evaluation of a prototype with participant feedback but lacks explicit, repeated iteration cycles required by the review's Full HCD Cycle criterion.",Decision Aids for Patients With Head and Neck Cancer: Qualitative Elicitation of Design Recommendations From Patient End Users
"Sebastiaan M. Stuij, Constance H. C. Drossaert, Nanon H. M. Labrie, Robert L. Hulsman, Marie José Kersten, Sandra van Dulmen, Ellen M. A. Smets, on behalf of the INSTRUCT project group",High,Include,"""HCD_fullcycle"": [""A1 User Involvement: \""Phase 1 (Contextual Inquiry) involved consultation of the literature and a focus group interview study to uncover the learning needs and training preferences of clinicians’ regarding a digital training for the skill of information-provision.\"" - Methods"", ""A2 Iteration: \""iterative development process, including two user group assessment sessions and 5 individual user sessions in which prototypes were tested.\"" - Abstract/Results (Phase 3)"", ""A3 Lifecycle (Understanding/Ideation/Prototyping/Evaluation): \""Phase 1: contextual inquiry... consulted the literature and conducted an interview study\""; \""Phase 2: value specification... two multidisciplinary expert panels specified the learning content and format\""; \""Prototypes of increasing fidelity of the two training tools... were developed in an iterative process of prototype design and two user group assessment sessions\""; and \""we subsequently conducted one-hour individual user-testing sessions.\"" - Results (Phase 1, Phase 2, Phase 3)""], ""TASKS_elements"": [""\""Participant samples in each of the different phases were relatively homogeneous and small and it was rather demanding to involve professionals over a longer period of time.\"" - Limitations - [This describes a recruitment/engagement constraint experienced by the design team that limited their ability to involve end-users over time and thus affected design activities]"", ""\""it is challenging for a developer to keep users engaged for further testing.\"" - Discussion - [This indicates a process constraint encountered by the designers in sustaining participant involvement across iterative cycles]"", ""\""we struggled with this tension. We performed a literature search to create an inventory... yet, at the same time, we did not want to bias the participants too much by introducing this knowledge\"" - Discussion - [This shows a designer-experienced methodological/process difficulty integrating scientific evidence with user input that affected design decisions]"", ""\""Importantly, for actual implementation of such a feature, privacy issues need to be taken well care of to safeguard the privacy of patients as well as learners.\"" - Results/Discussion - [This indicates a technical/ethical constraint the designers had to address, affecting the feasibility and design of video-sharing features]""]}",,Stuij et al. - 2020 - Developing a digital training tool to support oncologists in the skill of information provision a us.txt,"Condition A: satisfied - The paper documents active user involvement (focus groups, interviews, expert panels, user group sessions, individual user-testing), explicit iterative refinement (multiple assessment sessions and iterations), and evidence of all lifecycle activities required (contextual inquiry/understanding, value specification/ideation, prototyping with wireframes and mock-ups, and formative evaluation via user testing).; Condition B: satisfied - The authors report designer-facing constraints including difficulty engaging and retaining professionals across phases (limited and homogeneous samples), methodological tensions between evidence and co-design (struggle to integrate literature without biasing users), and privacy/implementation issues that affected design choices.; Final rationale: Both the full HCD cycle (Condition A) and at least one valid designer-facing TASKS element (Condition B) are documented in Methods/Results/Discussion/Limitations. Therefore the study meets inclusion criteria.",Developing a digital training tool to support oncologists in the skill of information-provision: a user centred approach
"Alistair Sutcliffe, Oscar de Bruijn, Sarah Thew, Iain Buchan, Paul Jarvis, John McNaught, Rob Procter",High,Include,"""HCD_fullcycle"": [""A1 User Involvement: \""Twenty-one participants were involved in the requirements exploration and evaluation session (8 male, 13 female); representing two user groups: eight academic epidemiologists and 13 public health analysts...\"" - Methods (User-centred design / Method)"", ""A1 User Involvement: \""Subsequently, interviews and workshops were held with both academic and health analyst users. Ten workshops were facilitated by the second author, seven with health analysts and three with academic users. A combination of scenarios, sketching and brainstorming was used in the first workshops to generate design ideas.\"" - Methods (User-centred design / Method)"", ""A2 Iteration: \""The prototype was subject to three cycles of evaluation after the requirements exploration-design phase... Round one was formative for usability debugging and design improvement while the second round was more summative... In the final evaluation...\"" and \""each round of the evaluation directly influenced the next iteration of design and development.\"" - Evaluation"", ""A3 Lifecycle (Understanding/Ideation/Prototyping/Evaluation): \""We adapted scenario-based design and user-centred requirements engineering, both of which advocate the use of scenarios, storyboards and prototypes in iterative cycles of requirements elicitation, design exploration and user feedback to create the process.\"" and additionally: \""Four unstructured interviews were conducted at the beginning of the project... The academic epidemiologists were observed carrying out their research and in five weekly progress meetings... Storyboard sketches were prepared... In subsequent workshops more detailed storyboards and prototypes were presented, and discussed in 'walkthroughs'... The various prototypes were used in combination with scenarios in task walkthroughs...\"" - Methods / Evaluation""], ""TASKS_elements"": [""\""Time was the main barrier to more in-depth participation.\"" - Discussion - [Shows a designer barrier: time constraints limited designers' ability to engage users more deeply and refine design with greater participation]"", ""\""Access to the health analysts on various sites around Manchester was more difficult.\"" - Discussion - [Shows a designer barrier: participant access issues that hindered frequent involvement and required adaptation of design process]"", ""\""Geographic and organizational separation of the two user groups led to a 'two-track' approach that militated against joint workshops and hence discussion to reconcile divergent stakeholder views.\"" - Discussion - [Shows a designer/process barrier: separation forced designers to adopt a two-track process, limiting joint co-design activities]"", ""\""It is worth noting that several functions were not implemented, in particular a set of configuration editors that would have made the ADVISES system into a portable, flexible toolset...\"" - Implementation - [Shows a technical/resource constraint experienced by designers limiting full implementation of planned functionality]""]}",,Sutcliffe et al. - 2014 - Developing visualization based decision support tools for epidemiology.txt,"Condition A: satisfied - Clear evidence of user involvement (interviews, workshops, observations), explicit iterative refinement (three cycles of evaluation and statements that each round influenced the next iteration), and all four lifecycle phases (understanding via interviews/observations, ideation via scenarios/storyboards/workshops, prototyping via paper/concept/functional prototypes, and evaluation via multi-round user testing).; Condition B: satisfied - Multiple statements describe designer-facing constraints that affected the design process (time limits, difficulty accessing health analysts, geographic/organizational separation forcing a two-track approach, and incomplete implementation of planned functions), which are directly relevant to designers' ability to carry out design activities.; Final rationale: The paper reports a full HCD cycle with active user participation, iterative design and evaluation, and documents concrete designer-facing barriers experienced during the project; therefore it meets both Condition A (full HCD cycle) and Condition B (designer-oriented task constraints) and should be included.",Developing visualization-based decision support tools for epidemiology
"Konrad M. Szymanski, Aaron E. Carroll, Rosalia Misseri, Courtney M. Moore, Bridget A. Hawryluk, Sarah E. Wiehe",High,Include,"""HCD_fullcycle"": [""A1 User Involvement: \""We surveyed children and parents, and conducted parent and provider Zoom-based prototyping sessions to iteratively design the app.\"" - Summary/Methods"", ""A2 Iteration: \""Data collection occurred in four iterative stages: an initial online Qualtrics-based toolkit for children and parents, an online Zoom prototyping design sessions with parents, a Qualtrics-based Prototyping Testing Survey for children and parents (Online Supplement), and a focus group discussion with pediatric urology healthcare providers.\"" - Methods"", ""A3 Lifecycle (Understanding/Ideation/Prototyping/Evaluation): \""The initial online toolkit included activities to inform the goal-setting tool messaging... During Zoom design sessions, parents in facilitated breakout groups brainstormed ideas for and then prototyped several goal-setting tools using an online whiteboarding tool (Miro, miro.com). ... Based on analysis of the design sessions, the team created visualizations of a preliminary prototype. In the Prototype Testing Survey, children and parents were shown a visual flow map (Figure) and an overview of how the app would work. They were asked what they liked, what they would change, and what might prevent them from using it.\"" - Methods/Results""], ""TASKS_elements"": [""\""While we initially planned to rely mostly on children’s input, it was not surprising that children were uninterested in sharing intimate details of UI and FI with researchers they did not know. We pivoted to engage children with online surveys and engaged parents and healthcare providers in group discussions.\"" - Limitations - This shows a participant access/engagement constraint that forced designers to change recruitment and data-collection methods, limiting direct child involvement in co-design."", ""\""The final goals created using this approach were impractical due to confusing grammar, unclear or overly complex answers, unsolvable problems (...), trouble diverging (limited final options), and goals which were not actionable (not measurable or time-based).\"" - Results (Parents imagining the goal-setting process) - This reflects a design/process issue where prototype outputs were unusable, forcing the design team to change approach (selecting a modifiable menu-based approach)."", ""\""Despite a heterogenous study population representing varying levels of disability and locations of urological care, parents participating were English-speaking, predominantly white mothers. We did not capture the educational level or health literacy of study participants.\"" - Limitations - This documents a sampling limitation that affected designers' ability to obtain diverse stakeholder input, constraining generalizability and potentially influencing design decisions.""]}",,Szymanski et al. - 2023 - Building a prototype of a continence goal selection tool for children with spina bifida Patient pare.txt,"Condition A: satisfied - The study documents active user involvement (children and parents in tool-building activities and providers in sessions), explicit iterative stages (multiple prototyping sessions, testing surveys, refinements), and evidence of the four HCD phases (understanding via toolkit, ideation via brainstorming, prototyping in Miro, and evaluation via Prototype Testing Survey and provider feedback).; Condition B: satisfied - The text reports concrete designer-facing constraints: children’s reluctance necessitated a methodological pivot, impractical prototype outputs required redesign of the goal-selection approach, and participant demographic limitations reduced design diversity—each of which affected designers' ability to carry out planned design activities.; Final rationale: Both the full HCD cycle and at least one designer-experienced task/barrier are explicitly documented in Methods, Results, and Limitations; therefore the paper meets inclusion criteria.","Building a prototype of a continence goal-selection tool for children with spina bifida: patient, parental and urology provider recommendations"
John R. Taylor; Andrew Milne; Jennifer MacRitchie,High,Include,"""HCD_fullcycle"": [""A1 User Involvement: [\""we conducted a 13-week group music-making intervention in an aged-care home, using a prototype digital musical instrument that we iteratively refined by following a user-centred design approach from direct resident feedback.\"" - Abstract / Aims (Section 1)]"", ""A1 User Involvement: [\""During sessions, participants were prompted to provide feedback on any aspect of the session: the controllers; the songs; the structure of the music lessons and; how they felt in general about the process. The facilitators made notes of these comments, and, together with the full transcriptions of the audio recordings, collated the feedback from each session. Weekly meetings between the facilitators and the software and hardware development team facilitated rapid responses to the documented requests. Where these changes could be enacted quickly, new iterations were pushed out for the sessions the following week.\"" - Evaluation (Section 2.4)]"", ""A2 Iteration: [\""weekly meetings between the facilitators and the software and hardware development team facilitated rapid responses to the documented requests. Where these changes could be enacted quickly, new iterations were pushed out for the sessions the following week. Larger changes were planned over several weeks, or coinciding with a break in sessions (see Procedure).\"" - Evaluation / Procedure (Sections 2.4, 3.1)]"", ""A2 Iteration: [\""The user-design workshop series was planned for two main periods... These two main periods were separated by a period of 7 weeks to allow for major iterations of the controllers and DMI to be carried out.\"" - Procedure (Section 3.1)]"", ""A3 Lifecycle (Understanding/Ideation/Prototyping/Evaluation): [Understanding: \""An initial workshop was conducted at the facility in order to provide information about the project and to staff and prospective participants. This initial workshop facilitated a broad conversation with residents as to what types of interfaces they might like to use. This enabled the initial design of the controllers.\"" - Procedure (Section 3.1)]"", ""A3 Lifecycle (Understanding/Ideation/Prototyping/Evaluation): [Ideation: \""This enabled the initial design of the controllers. The user-design workshop series was planned...\"" - Procedure / Context (Sections 3.1, 2.1)]"", ""A3 Lifecycle (Understanding/Ideation/Prototyping/Evaluation): [Prototyping: \""we opted to develop a series of prototype controllers in our DMI, using custom built hardware (incorporating sensors and an Arduino), with custom music controller software using Max/MSP. This would allow us to rapidly prototype the hardware and software, and change any musical and hardware control mappings between sessions in response to user feedback.\"" - DMI Design / Overview (Section 2.2.5)]"", ""A3 Lifecycle (Understanding/Ideation/Prototyping/Evaluation): [Evaluation: \""The Music in Dementia Assessment Scale (MiDAS) was used... Administering the MiDAS involved receiving completed scales from both the facilitators conducting the session, and a caregiver (in this case a staff member).\"" and \""Each of the sessions was recorded through video and audio; primarily so that resident feedback and specific requests could be documented and rapidly translated into iterations of the controllers and DMI, software and song content.\"" - Measurements / Materials (Section 3.3.3; 3.3.2)]""], ""TASKS_elements"": [""[\""the second period experienced a delay in completing the sessions due to an influenza lockdown at the facility.\"" - Procedure (Section 3.1)] - [This describes a participant access / external constraint (lockdown) that delayed sessions and major iterations, limiting designers' ability to carry out planned iterative design activities.]"", ""[\""this ended up being a burden on time when they needed to be caring for residents, and so we did not collect data from staff for a number of sessions (12/15).\"" - Dependent Variables (Section 3.4.1)] - [Staff time burden reduced data collection (missing staff MiDAS data), a resource/participant-access constraint that limited designers' evaluation evidence and ability to assess design impact.]"", ""[\""we found limitations in our data that were in part a result of our UCD approach, which involved rapid prototyping. Because a UCD approach relies upon feedback from end-users, it is difficult to structure development changes so as to avoid correlation and conflation between changes made and the response measures.\"" - Conclusion (Section 6)] - [This is a process/methodological issue experienced by the design team: rapid, user-driven changes created confounding/correlation that hinder designers' ability to evaluate specific effects of design changes.]"", ""[\""Because participants were unlikely to articulate specific technical requests for functionality, we coded the participant feedback... a correlation matrix... found correlations above 0.80 between hardware and software changes and requests. Thus, any model using the individual predictors would not adequately distinguish between the individual effects of these predictors.\"" - Model 3 (Section 4.3)] - [This is a technical/methodological barrier encountered by designers, limiting their ability to disambiguate effects of different types of changes and constraining evaluation of design decisions.]"", ""[\""Although illness and other reasons not to attend were not captured by this process.\"" - Procedure note (Section 3.2 footnote)] - [Participant attendance variability and unrecorded absences represent participant access/engagement issues that limited designers' ability to obtain consistent feedback and measure iterative effects.]""]}",,Taylor JR - 2023 - New musical interfaces for older adults in residential care assessing a user centred design approach.txt,"Condition A: satisfied - The study documents direct resident involvement in co-design workshops and in-session feedback (A1), explicit repeated refinement cycles and planned iteration periods including a 7-week break for major iterations (A2), and evidence of the full lifecycle: initial user workshops (understanding), controller design decisions and workshops (ideation), development of custom prototype hardware/software (prototyping), and systematic evaluation using MiDAS ratings and recorded sessions with statistical analysis (evaluation) (A3).; Condition B: satisfied - Multiple documented designer-facing constraints affected the project: an influenza lockdown delayed sessions and iterations; staff time burden prevented collection of staff MiDAS data; rapid UCD prototyping and unstructured requests produced correlated changes that limited the team's ability to disentangle effects; and variable/uncaptured attendance reduced consistent data — all are process/resource/participant-access barriers experienced by the design team.; Final rationale: The paper reports a full user-centred design cycle with explicit user involvement and iteration, and includes clear evidence of designer-facing constraints that impacted data collection, iteration timing, and evaluation. Therefore it meets both Condition A (full HCD cycle) and Condition B (designer-oriented task/constraint evidence) and should be included.",New Musical Interfaces for Older Adults in Residential Care: Assessing a User Centred Design Approach
"Lorynn Teela, Lieke E. Verhagen, Mariken P. Gruppen, Maria J. Santana, Martha A. Grootenhuis, Lotte Haverman",High,Include,"""HCD_fullcycle"": [""A1 User Involvement: \""Adolescents (12–18 years) were engaged in all steps of the development process through focus groups, interviews or a workshop.\"" - Methods"", ""A2 Iteration: \""The development of the patient engagement game was an iterative process consisting of three steps\"" and \""developing, testing and continuously adapting the draft versions of the game.\"" - Methods"", ""A3 Lifecycle (Understanding/Ideation/Prototyping/Evaluation): \""Step 1: Identification of important themes... Step 2: Evaluation of the draft version of the game. Step 3: Testing usability in clinical practice.\"" (descriptions: focus groups/interviews to identify themes; draft developed with design agency and tested; pilot workshop for usability) - Methods/Results""], ""TASKS_elements"": [""\""Some barriers to engagement in this study included logistic difficulties related to travelling to the hospital, time constraints and difficulties in scheduling a meeting with a group of adolescents.\"" - Discussion - [Shows participant access/resource constraints that hindered designers' ability to convene groups and may have limited engagement and iteration opportunities]"", ""\""...during the evaluation of the pilot version of the game, only adolescents with cancer participated, which may have limited the representativeness of our study.\"" - Discussion - [Shows a limitation in participant diversity that reduced designers' ability to obtain diverse input and may have constrained design validity]""]}",,Teela et al. - 2022 - Including the voice of paediatric patients Cocreation of an engagement game.txt,"Condition A: satisfied - Clear active user involvement across all steps, explicit iterative cycles, and documented stages mapping to understanding (focus groups/interviews), ideation/design (development with design agency based on themes), prototyping (draft and pilot versions), and evaluation (focus groups, interviews, pilot usability testing).; Condition B: satisfied - The authors reported concrete designer-facing constraints: logistical/travel/time/scheduling barriers and limited participant representativeness during pilot, which impeded engagement and diversity of input.; Final rationale: The paper documents a full HCD cycle with iterative co-creation involving adolescents and reports concrete constraints affecting the design process; therefore it meets both Condition A and Condition B and should be included.",Including the voice of paediatric patients: Cocreation of an engagement game
Sarah Thomas; Andy Pulman; Huseyin Dogan; Nan Jiang; David Passmore; Keith Pretty; Beth Fairbanks; Angela Davies Smith; Peter W Thomas,High,Include,"""HCD_fullcycle"": [""A1 User Involvement: \""Phase 1 involved the elicitation of detailed user requirements for the toolkit via 2 focus groups with previous attendees of FACETS...\"" (Methods - Phase 1 Focus Groups)"", ""A1 User Involvement: \""Based on this feedback, a third set of design prototypes was created prior to development commencing.\"" (Methods - Phase 1 Focus Groups)"", ""A2 Iteration: \""Several prototypes were developed... Testing commenced with a stable prototype release; later release versions were created based on user feedback and tested with users iteratively.\"" (Methods - Phase 2 Supervised Usability Testing Sessions)"", ""A2 Iteration: \""The process of developing the digital toolkit was highly iterative and agile; where possible we implemented user suggestions for improvements as we went along.\"" (Discussion - Prototyping)"", ""A3 Lifecycle (Understanding/Ideation/Prototyping/Evaluation): \""Understanding users: Two focus groups... to gather feedback about requirements and preferences for the toolkit\""; \""Ideation: Paper designs were sketched leading to the creation of low-fidelity wireframes and, subsequently, to the first interactive high-fidelity design prototype\""; \""Prototyping: Several prototypes were developed... Coding started in October 2018\""; \""Evaluation: Phase 2 involved supervised usability testing with people with MS (n=11) with iterative prototyping... videocapture... concurrent think-aloud... followed by completion of the System Usability Scale (SUS) and a semistructured interview\"" (Methods - Phase 1 & Phase 2; Preliminary Work; Analysis)""], ""TASKS_elements"": [""\""Technical problems that required resolution included issues with the ringtone preview and selection on certain devices, and the alarms not resetting upon phone restart.\"" (Results - Prototype Changes Made to This Section: Rest and Sleep Planner) - Why it shows a designer barrier: These are platform/device-specific technical issues that the development team had to diagnose and fix, affecting functionality and forcing adaptations in development."", ""\""The toolkit was initially developed for Android—chosen due to its larger market share and lower anticipated cost of development compared to Apple iOS.\"" (Preliminary Work - Choosing technology) - Why it shows a designer barrier: Resource and cost constraints influenced a platform choice, limiting designers' ability to target iOS initially and constraining development decisions."", ""\""fragmentation within the current market is huge. Most Android devices are currently using versions of the operating system that are more than 2 years old. Considered targeting of a significant portion of the user base is recommended (rather than trying to target every possible Android legacy device).\"" (Discussion - Digital Tools / Mobile Platforms) - Why it shows a designer barrier: Device and OS fragmentation created constraints requiring designers to limit target devices and adapt design/testing strategies."", ""\""As a limitation... the prototype toolkit has only been tested to date in a closed, controlled environment with a limited number of potential users (n=11).\"" (Strengths and Limitations) - Why it shows a designer barrier: Limited, controlled testing constrained the designers' ability to gather broader, real-world feedback and to iterate across diverse devices and contexts.""]}",,Thomas et al. - 2021 - Creating a Digital Toolkit to Reduce Fatigue and Promote Quality of Life in Multiple Sclerosis Parti.txt,"Condition A: satisfied - The study shows active user involvement (focus groups, iterative feedback shaping prototypes), explicit iterative cycles (multiple prototypes and iterative usability testing), and evidence of all four lifecycle phases (understanding via focus groups, ideation/wireframing, prototyping, and evaluation via usability testing and SUS).; Condition B: satisfied - The paper reports concrete designer-facing constraints and technical/process difficulties (device-specific bugs, platform choice driven by cost, Android fragmentation, and limited closed testing) that affected development and required adaptations.; Final rationale: The paper reports a full human-centered design cycle with documented user involvement and iterative prototyping/evaluation, and also describes multiple designer-oriented constraints and technical barriers encountered during the project. Therefore it meets both Condition A and Condition B and should be included.",Creating a Digital Toolkit to Reduce Fatigue and Promote Quality of Life in Multiple Sclerosis: Participatory Design and Usability Study
"Josien G. Timmerman, Thijs M. Tönis, Marit G. H. Dekker-van Weering, Martijn M. Stuiver, Michel W. J. M. Wouters, Wim H. van Harten, Hermie J. Hermens, Miriam M. R. Vollenbroek-Hutten",High,Include,"""HCD_fullcycle"": [""A1 User Involvement: \""Through semi-structured interviews (n = 10 LC patients and 6 HCPs), focus groups (n = 5 HCPs), and scenarios (n = 5 HCPs), user needs and requirements were elicited.\"" - [Methods: User needs and requirements / Abstract]"", ""A2 Iteration: \""This is an iterative, cyclical process during which design and evaluation phases are alternated.\"" - [Methods: User-centred design description]"", ""A3 Lifecycle (Understanding/Ideation/Prototyping/Evaluation): \""Semi-structured interviews were held with HCPs and NSCLC patients... mock-ups were shown... Subsequently focus groups were held... As a third step, a scenario was described... From the selected requirements, technical requirements were derived after which the first prototype was developed. Semi-structured interviews and the System Usability Scale (SUS) were used to evaluate usability of the telehealthcare application...\"" - [Methods: User needs and requirements / Prototype design / Evaluation of usability / Abstract]""], ""TASKS_elements"": [""\""Considerations for requirement selection included (in order of importance): ... 2) technical feasibility and time available to realize the requirement...\"" - [Prototype design] - [Why it shows a designer barrier: Explicit statement that technical feasibility and limited time constrained which requirements could be implemented, indicating resource/time limits affected designers' decisions.]"", ""\""For HCPs the most important barrier mentioned was the limited time available for preparation and patient consultation.\"" and \""Therefore, integration of the service with existing electronic patient records, as well as adequate summary of the measured outcome parameters into a coherent overview were regarded critical and were further defined during the focus groups.\"" - [Results: Semi-structured interviews / Focus groups] - [Why it shows a designer barrier: Clinicians' limited time forced designers to prioritize EPR integration and concise summaries, a constraint that shaped design and implementation choices.]"", ""\""First, the results of the usability study might be biased by inclusion of ‘enthusiasts’ (that is early adopters), while unfamiliarity with technology might have prevented other patients or HCPs to participate... we did not collect data of participants not willing to participate. Therefore we cannot draw firm conclusions to what extent bias might have influenced our results.\"" - [Limitations/Discussion] - [Why it shows a designer barrier: Participant recruitment/engagement issues limited the designers' access to representative user feedback, reducing data diversity and potentially affecting design decisions.]"", ""\""In total, 75 usability issues were identified; of which 10 were critical, 25 serious, and 40 were minor issues. HCPs reported 63 % of these issues.\"" - [Results: Usability] - [Why it shows a designer barrier: Substantial usability problems discovered during evaluation required designers to address many critical and serious issues, indicating process/technical challenges encountered in the project.]""]}",,Timmerman et al. - 2016 - Co creation of an ICT supported cancer rehabilitation application for resected lung cancer survivors.txt,"Condition A: satisfied - The study documents active user involvement (interviews, focus groups, scenarios), explicit iterative approach, and evidence of all lifecycle phases (user understanding, ideation, prototyping, usability evaluation).; Condition B: satisfied - The paper describes designer-facing constraints: technical feasibility and time limiting requirement selection, clinician time constraints necessitating EPR integration, participant recruitment/engagement bias limiting feedback, and numerous usability problems discovered that designers had to address.; Final rationale: The manuscript reports an author-led, user-centred, iterative design process including understanding, ideation, prototyping and evaluation, and it documents multiple constraints and barriers that affected the designers' work (resource/time limits, integration needs, participant access bias, and identified usability problems). Therefore it meets both Condition A (full HCD cycle) and Condition B (designer-oriented task elements) and should be included.",Co-creation of an ICT-supported cancer rehabilitation application for resected lung cancer survivors: design and evaluation
Emma Tonkin; Lauren Jeffs; Thomas Philip Wycherley; Carol Maher; Ross Smith; Jonathon Hart; Beau Cubillo; Julie Brimblecombe,High,Include,"HCD_fullcycle"": [
      ""A1 User Involvement: [The formative phase involved a simulated grocery-selection activity with think aloud (henceforth 'think aloud' shop), a semistructured interview regarding eating behaviors, a questionnaire outlining current smartphone and app use, and a paper prototyping activity - Methods]"",
      ""A2 Iteration: [An early pilot app was developed using information from both the initial scoping review and preliminary analyses of the data collected in phase 1; participants who completed phase 1 were invited to also complete phase 2; the preliminary end-user testing phase aimed to trial the functionality and acceptability of the developed early pilot app - Methods/Study Design]"",
      ""A3 Lifecycle (Understanding/Ideation/Prototyping/Evaluation): [Understanding users: think aloud shop and semistructured interviews to identify determinants of food choice and TPB-related themes - Methods]; [Ideation: paper prototyping activity where participants built or selected app features and styling - Methods]; [Prototyping: development of an early pilot app containing log-in, drink selection/tracking, progress screens, team challenges and a quiz-style game - Phase 2 Methods]; [Evaluation: think aloud prototype/usability testing and semistructured user satisfaction interviews (modified SUS) - Phase 2 End-User Testing]""
    ],
    ""TASKS_elements"": [
      ""While an accompanied shop scenario was considered ideal by the research team, this was logistically unachievable in the RIC setting; as such, participants were asked to shop using a paper supermarket catalogue - Methods/Think Aloud Shop - Why it shows a designer barrier: logistical impossibility forced modification of the planned observational method and limited designers' ability to conduct in-situ shopping observations."",
      ""The limited opening hours of the community store, combined with the small population resulting in participant discomfort with thinking aloud in the store, meant modification of the think aloud shop activity was required - Limitations - Why it shows a designer barrier: store hours and social context prevented planned data collection and required adaptation of methods, constraining designers' ability to implement best-practice procedures."",
      ""Given that for most participants English was a third, fourth, or fifth language, with much terminology untranslatable, the modification of the end-user testing methods enabled participant comprehension - Limitations - Why it shows a designer barrier: language barriers forced researchers to alter standard testing protocols, affecting how designers could conduct evaluation and gather feedback."",
      \""Participants who completed phase 1 were invited to also complete phase 2; however, new participants were recruited for phase 2 when existing participants were unable to be followed up - Methods/Recruitment - Why it shows a designer barrier: participant follow-up/retention issues limited continuity across iterative testing rounds, forcing designers to use different users for prototype testing.\"",
      \""Smartphone use in RICs is currently different to that found in urban environments; in particular, extremely low use of Facebook, restricted variety of phone types, and limited Internet access - Results/Abstract/Discussion - Why it shows a designer barrier: technical and access constraints required designers to abandon common solutions (eg, Facebook login) and design for offline/limited-device contexts, constraining standard development choices.",,Tonkin et al. - 2017 - A Smartphone App to Reduce Sugar Sweetened Beverage Consumption Among Young Adults in Australian Rem.txt,"Condition A: satisfied - The study documents active user involvement (think aloud shop, semistructured interviews, paper prototyping, end-user testing), explicit iteration from formative phase to development of an early pilot app and testing, and evidence of the full lifecycle (understanding, ideation, prototyping, evaluation) in Methods and Phase 2."",
    ""Condition B: satisfied - Multiple documented constraints affected designers' ability to carry out planned design activities (logistical impossibility of in-store observation, limited store hours and small population causing method changes, language barriers requiring protocol modification, participant follow-up/retention issues, and technical/access limitations such as low Facebook use and limited Internet/phone variety)."",
    ""Final rationale: The paper reports a full human-centered design cycle with active user involvement and iterative development/testing, and it includes concrete, project-level barriers that the design team experienced and adapted to. Therefore it meets both Condition A and Condition B and should be included.","A Smartphone App to Reduce Sugar-Sweetened Beverage Consumption Among Young Adults in Australian Remote Indigenous Communities: Design, Formative Evaluation and User-Testing"
Kevin Tran-Nguyen; Caroline Berger; Roxanne Bennett; Michelle Wall; Suzanne N Morin; Fateme Rajabiyazdi,High,Include,"""HCD_fullcycle"": [""A1 User Involvement: \""As such, we decided to conduct participatory design workshops so that our targeted end users could directly influence the design process.\"" - Phase 2 Procedure"", ""A2 Iteration: \""We facilitated 4 workshops with the same group of participants from March 2021 to July 2021... The aim of the first 3 workshops was to seek feedback and suggestions on different parts of the prototype. Upon analyzing the data gathered in the first 3 design workshops, we designed an interactive medium-fidelity prototype... finally, we demonstrated the medium-fidelity prototype as a whole in the fourth workshop for a final round of feedback.\"" - Phase 2 Procedure"", ""A2 Iteration (additional): \""We used an iterative approach for our usability tests by dividing them into batches. Three participants did the initial test. We then addressed the most glaring usability issues and tested the app again with 4 participants. Finally, we tested the app with 3 additional participants.\"" - Phase 3 Procedure"", ""A3 Lifecycle (Understanding/Ideation/Prototyping/Evaluation): \""We used the information gathered through previous surveys administered by our research team with 305 members of the Canadian Osteoporosis Patient Network and 34 health care professionals... We discussed and iterated sketches of the app within our multidisciplinary team... Once we finalized the initial design of our app, we converted the sketches to a digital low-fidelity prototype using Axure... we designed a medium-fidelity prototype... we conducted usability tests with 10 participants. The results informed the design of our high-fidelity prototype.\"" - Phase 1, Phase 2, Phase 3""], ""TASKS_elements"": [""\""Our studies were conducted remotely owing to the COVID-19 pandemic restrictions, which may have affected the participants’ interactions with the prototype. We used only an emulator on a desktop computer to test our medium-fidelity mHealth prototype; thus, it is possible that some usability problems were not detected.\"" - Limitations - Why it shows a designer barrier: The remote/COVID constraints and use of an emulator limited designers' ability to observe real-device interactions and may have prevented detection of usability issues, affecting evaluation activities."", ""\""Convenience sampling may have biased our results, as we recruited participants who had participated in previous studies on bone health or who had been evaluated in orthopedic clinics at our center... In the future, the prototype should be tested with participants with limited or no knowledge of managing an injury.\"" - Limitations - Why it shows a designer barrier: Recruitment approach constrained the diversity and representativeness of users available to designers, limiting their ability to evaluate the app with naive or less-informed end users."", ""\""The protocol for the usability tests required participants to have access to Zoom. Consequently, these participants likely had higher technological literacy than those who would never have used videoconferencing tools.\"" - Limitations - Why it shows a designer barrier: Requiring Zoom access restricted participant pool to more tech-literate individuals, limiting designers' ability to assess usability for low-technology-literacy users and thus constraining iterative evaluation.""]}",,Tran-Nguyen K - 2022 - Mobile App Prototype in Older Adults for Postfracture Acute Pain Management User Centered Design App.txt,"Condition A: satisfied - The paper documents active user involvement (participatory design workshops and surveys), explicit iterative cycles (multiple workshops, prototype refinements, iterative usability test batches), and a complete HCD lifecycle (needs assessment, ideation/sketching, low-/medium-/high-fidelity prototyping, and usability evaluation).; Condition B: satisfied - The Limitations and Methods report concrete designer-facing constraints (remote COVID-related testing and emulator use limiting detection of issues; convenience sampling bias; Zoom access requirement restricting recruitment), which affected the designers' ability to perform evaluation and recruit representative users.; Final rationale: Both Condition A (full HCD cycle) and Condition B (designer-experienced task/constraint evidence) are met based on the Methods, Results, and Limitations; therefore the paper should be included.",Mobile App Prototype in Older Adults for Postfracture Acute Pain Management: User-Centered Design Approach
Fang-Wu Tung; Po-Kai Liang,High,Exclude,"""HCD_fullcycle"": [""A1 User Involvement: \""Through this collaborative effort, participants contribute to the development of digital fitness services that are not only innovative but also closely aligned with user expectations and requirements.\"" - [Methods: Phase Two: Co-creation Workshop / Outcomes of the Co-creation Workshop]"", ""A2 Iteration: \""Utilizing chatbots for diary studies enabled us to modify interactive queries in response to participants’ immediate feedback, allowing for a more comprehensive investigation of their actual usage experiences.\"" - [Methods: Phase One: Diary Study - Development of Research Tools]"", ""A3 Lifecycle (Understanding/Ideation/Prototyping/Evaluation): \""Phase One: participants are prompted to record their daily experiences with the smartwatch, focusing on usage contexts, challenges encountered, and their expectations... Co-creation Workshop steps include 'Envisioning Desired Features' and a final 'Sharing and Interviews' step where participants share results and engage in interviews to discuss their perspectives on smartwatch fitness services.\"" - [Methods: Phase One: Diary Study; Phase Two: Co-creation Collaboration / Co-creation Workshop]""], ""TASKS_elements"": [""\""This method also exposed certain limitations, particularly the challenge of conducting in-depth explorations. Finding strategies to unearth deeper insights for more meaningful analysis remains an area for future investigation.\"" - [Discussion: Opportunities and Challenges of Using Chatbots in Diary Studies] - [Why it shows a designer barrier: authors state the diary/chatbot approach limited their ability to conduct in-depth exploration, affecting designers' ability to gather rich data for design activities.]"", ""\""The co-creation process also revealed challenges in fostering creative and productive dialogue among users... translating user insights into actionable design principles and features remains a complex endeavor, necessitating a delicate balance between meeting user desires and ensuring technical feasibility.\"" - [Discussion: Co-creation Tools and Workshops] - [Why it shows a designer barrier: authors report that facilitating productive co-creation dialogue and converting insights into implementable design guidance was difficult, hindering the design process.]""]}",Incomplete HCD cycle: missing evidence of a prototyping phase and explicit iterative design–redesign cycles,Tung F.-W. and Liang P.-K. - 2024 - Wearable Wellness Exploring User Experiences with Fitness Systems on Smartwatches.txt,"Condition A: not satisfied - While the study shows strong user involvement (diary studies and co-creation) and some feedback-informed changes (chatbot query modification and diary→toolkit workflow), there is no clear evidence of a prototyping phase (sketches, wireframes, mock-ups, or interactive prototypes) nor of multiple explicit iterative design–redesign cycles; therefore the full HCD cycle is incomplete.; Condition B: satisfied - The paper explicitly reports designer-facing constraints (limited ability to conduct in-depth exploration with the chatbot diary method; difficulties fostering creative dialogue and translating insights into actionable design), which affected the researchers' ability to perform design activities.; Final rationale: Because Condition A (complete HCD cycle) is not met—specifically missing evidence of prototyping and explicit iterative refinement—the paper must be excluded despite satisfying Condition B (designer-facing task/constraint evidence).",Wearable Wellness: Exploring User Experiences with Fitness Systems on Smartwatches
