authors,confidence,decision,evidence,exclusion_reason,file_name,reasoning,title
"Mitra Dirin, Amir Dirin, Teemu H. Laine",Medium,Include,"""HCD_fullcycle"": [""A1 User Involvement: \""The initial user study was conducted with 12 nurses and a doctor at two elderly houses in Espoo, Finland. ... Semi-structured interview was selected as a method for eliciting in-depth information about the users’ requirements regarding the application.\"" - [4.1 Data Collection]"", ""A1 User Involvement: \""Prepared scenarios are shared with target users for assessment. This is yet another opportunity for the target users to impact the concept design.\"" - [5.1 Concept development]"", ""A2 Iteration: \""The scenario above is a revised version of an original scenario, based on the users’ feedback collected at a scenario review session.\"" - [5.1 Concept development]"", ""A2 Iteration: \""After we analyzed the prototype evaluation data we slightly modify the categories in order to make some service more visible for faster accessibility.\"" - [6 Prototype Evaluation]"", ""A3 Lifecycle (Understanding/Ideation/Prototyping/Evaluation): \""The initial user study was conducted with 12 nurses and a doctor...\"" (understanding users) - [4.1 Data Collection]"", ""A3 Lifecycle (Understanding/Ideation/Prototyping/Evaluation): \""We applied affinity diagrams and brain storming to compose a list of potential application requirements based on commonly quoted actions.\"" (ideation) - [4.2 Data Analysis]"", ""A3 Lifecycle (Understanding/Ideation/Prototyping/Evaluation): \""a low-fidelity prototype of CANA was developed using the HTML5 and CSS3 technologies.\"" (prototyping) - [6 Prototype Evaluation]"", ""A3 Lifecycle (Understanding/Ideation/Prototyping/Evaluation): \""The prototype was evaluated with five users ... First the participants were given a set of tasks to complete one by one. They were asked to think aloud ... Additionally, a semi-structured interview was conducted after each session\"" (evaluation) - [6 Prototype Evaluation]""], ""TASKS_elements"": [""\""The prototype was not fully functional and it only contained main categories and sub categories for the services. ... We did not collect feedback about the performance and the functionality as the application was a low-fidelity prototype.\"" - [6 Prototype Evaluation] - This shows a designer-facing limitation: using a low-fidelity prototype prevented collection of performance/functionality feedback, limiting designers' ability to evaluate and refine implementation aspects."", ""\""administrative and technical challenges related to gaining access to external systems must be solved in order to implement all requested features.\"" - [7 Conclusion] - This describes constraints (access to external systems) that impede designers' ability to implement full features and thus affected implementation planning (noted as a barrier to proceeding to functional implementation).""]}",,Dirin et al. - 2015 - User Centered Design of a Context Aware Nurse Assistant CANA at Finnish Elderly Houses.txt,"Condition A: satisfied - The study documents active user involvement (interviews, scenario reviews), explicit iteration (scenario revision and prototype modification based on feedback), and all four lifecycle phases (user understanding, ideation, prototyping, and evaluation).; Condition B: satisfied - The authors report concrete designer-facing constraints during the project (use of a low-fidelity prototype that prevented collection of performance/functionality feedback) and note administrative/technical access challenges affecting implementation.; Final rationale: The paper reports a full UCD cycle with participatory methods, iterative refinement, and prototype evaluation (Condition A met). It also contains at least one clear designer-facing constraint encountered during the project that limited design/evaluation activities (Condition B met). Therefore the paper should be included.",User-Centered Design of a Context-Aware Nurse Assistant (CANA) at Finnish Elderly Houses
"Ram A. Dixit, Stephen Hurst, Katharine T. Adams, Christian Boxley, Kristi Lysen-Hendershot, Sonita S. Bennett, Ethan Booker, Raj M. Ratwani",High,Include,"""HCD_fullcycle"": [""A1 User Involvement: \""End users were engaged openly and continuously for feedback in order to ensure that dashboard design, elements, and functionality met their specific role-based needs.\"" - Dissemination and iterative refinement (Materials and Methods / Results)"", ""A2 Iteration: \""These pairs would create prototype dashboards, starting with a basic layout of data feeds in a development environment then rapidly iterating with end users to ensure the dashboards met their needs.\"" - Visualization design, development, and testing (Materials and Methods)"", ""A3 Lifecycle (Understanding/Ideation/Prototyping/Evaluation): \""Our multidisciplinary visualization team used a 5-step process to create and iteratively refine visualization dashboards to support the initial launch and ongoing development of the expansive telehealth program.\"" (steps included gaining domain knowledge, identifying user needs, identifying data sources, designing and developing visualizations, and iteratively refining) - Foundations and overview of 5-step process (Materials and Methods)""], ""TASKS_elements"": [""\""As neither vendor fully supported industry-standard application programming interfaces nor a common data format, data were retrieved from their proprietary data platforms using semi-automated scripts and ingested into structured relational database tables.\"" - Processing telehealth data sources (Materials and Methods) - Shows a designer barrier: lack of vendor APIs and common formats forced the team to implement workarounds, increasing technical burden and constraining integration and development."", ""\""Varying time constraints from each of our stakeholder groups, evolving data structures, and variable reliability of these data feeds required redundant and flexible extraction methods in order to maintain a resilient situation awareness infrastructure.\"" - Processing telehealth data sources (Materials and Methods) - Shows a designer barrier: unreliable and changing data feeds and stakeholder timing forced adaptations in extraction methods, hindering stable iterative development and data availability."", ""\""We also faced several challenges, including interoperability, poor vendor data standards, and challenges accessing real-time data.\"" - Discussion / Limitations - Shows a designer barrier: explicitly identifies interoperability and real-time access problems that limited the team's ability to deliver integrated, timely visualizations and perform certain design activities.""]}",,Dixit et al. - 2020 - Rapid development of visualization dashboards to enhance situation awareness of COVID 19 telehealth.txt,"Condition A: satisfied - The paper documents active user involvement (interviews, needs analysis, continuous feedback), explicit iterative development cycles, and a complete lifecycle covering understanding users, ideation/prototyping, and evaluation via feedback and refinement.; Condition B: satisfied - Multiple explicit statements describe designer-facing constraints (lack of vendor APIs/standards, unreliable and evolving data feeds, interoperability and real-time data access issues) that affected the team's ability to perform design and development tasks.; Final rationale: Both Condition A (full HCD cycle) and Condition B (designer-experienced tasks/constraints) are clearly supported by statements in the Methods, Results, and Discussion/Limitations, so the study meets inclusion criteria.",Rapid development of visualization dashboards to enhance situation awareness of COVID-19 telehealth initiatives at a multihospital healthcare system
Nicola Doering · Sandra Poeschl · Horst-Michael Gross · Andreas Bley · Christian Martin · Hans-Joachim Boehme,High,Include,"""HCD_fullcycle"": [""A1 User Involvement: \""we followed a user-centered design process for the development of the search engine and the graphical user interface\"" [Section 5 Developmental Stage 1: Article Search System - Introduction/Method]"", ""A2 Iteration: \""A non-experimental cross-sectional formative evaluation study was conducted with three consecutive phases... After every data collection phase, interviews and observation protocols were analyzed and system developers were informed about identified usability problems.\"" [Section 5.1.1 / Section 5.2.1]"", ""A3 Lifecycle (Understanding/Ideation/Prototyping/Evaluation): \""requirements were identified in a user-centered design and development process by discussion with store owners and managers, experiences from test bed evaluations, and surveys of market staff and customers\"" (Understanding) [Section 4.2.1]; \""derived requirements (Sect. 4.2) and the final implementation\"" (Ideation/Design decisions) [Section 4 Introduction]; \""The humanoid shopping robot TOOMAS was developed over the course of several years (from 2005 until 2009).\"" (Prototyping) [Section 4]; \""Three separate empirical field studies address the robot’s usability ... are presented\"" (Evaluation: three formative/summative user studies) [Abstract / Sections 5-7]""], ""TASKS_elements"": [""\""A basal revision of the database would have been very cost and time consuming, due to its complexity (more than 80,000 items). On that account, it could not be put into effect at the time of research.\"" [Section 5.2.1] - Resource limits: designers were prevented by cost/time constraints from fully revising the store product database, limiting their ability to resolve search failures and iterate the system."", ""\""The user study was conducted at a stationary terminal and not with the mobile robot as it was seldom available due to intensive technical system revisions.\"" [Section 5.1.4] - Process/resource constraint: limited robot availability forced evaluations to be run on a stationary terminal rather than the mobile robot, hindering realistic iterative testing."", ""\""one elementary problem was that the robot began to move away when interested customers were moving towards it (11 %, n = 4). The main reason for this problem was the not perfectly working person-tracking function.\"" [Section 6.2.1] - Technical/process issue: imperfect person-tracking directly disrupted intended interaction flows and required developer adaptation."", ""\""Initially, the robot blinked during oral interactions with customers. However, when it was used often, blinking drained the battery very fast, leading to frequent recharging. Therefore, that feature was turned off.\"" [Section 4.3.2] - Technical/design constraint: battery life forced designers to remove a desired interaction feature, altering design decisions."", ""\""some technical problems remained unresolved for economic reasons and affected user experience (e.g. problems with missing or mislabeled products in the article data base provided by the home improvement store chain).\"" [Section 8 General Discussion] - Economic/resource constraint: unresolved technical/economic limitations affected user experience and designers' ability to fully implement planned improvements.""]}",,Doering N. et al. - 2015 - User Centered Design and Evaluation of a Mobile Shopping Robot.txt,"Condition A: satisfied - The paper documents active user involvement (field interviews/observations informing design), explicit iterative formative evaluation across three consecutive phases with implemented revisions, and evidence covering understanding users (requirements gathering), ideation/design decisions, prototyping (TOOMAS platform and GUI prototypes), and multiple evaluations (three empirical field studies).; Condition B: satisfied - The manuscript reports multiple designer-facing constraints (cost/time limits on database revision; limited robot availability preventing mobile tests; person-tracking, orientation, voice and battery issues; unresolved technical problems for economic reasons) that impeded design activities and iteration.; Final rationale: Both Condition A (full HCD cycle) and Condition B (designer-experienced task/constraint evidence) are clearly met based on quoted methodological, results and discussion text; therefore the study should be included.",User-Centered Design and Evaluation of a Mobile Shopping Robot
"Aoife M. Doyle, Emma Mulhern, James Rosen, Gabrielle Appleford, Christina Atchison, Christian Bottomley, James R. Hargreaves, Michelle Weinberger",High,Exclude,"""HCD_fullcycle"": [""Abstract: \""participant observations were key to capturing the depth of the fast-paced, highly-iterative HCD process, and to understand decision-making within the design process.\"" - Abstract"", ""\""The implementers were all involved in the design process.\"" - Adolescents 360 (Rationale/Intervention description)"", ""Process evaluation: \""the process evaluation team needed to be flexible in order to align closely with the work plan of the implementers and methodologies such as direct participant observation were key to capturing the depth of the HCD process.\"" - Process evaluation section""], ""TASKS_elements"": []}",Meta-study analyzing others' design work,Doyle AM - 2019 - Challenges and opportunities in evaluating programmes incorporating human centred design lessons lea.txt,"Step 1 (Meta-study check): Paper documents the external evaluation team's observations and analysis of the implementers' HCD design process (participant observation, aligning with implementers' work plan), indicating the authors analyzed/design processes conducted by others.; Condition A/B: Not assessed further because the paper meets the meta-study exclusion criterion (authors observed/analyzed design processes conducted by implementers rather than reporting a design process they themselves conducted).; Final rationale: According to the meta-study immediate exclusion rule, studies that observe or analyze other teams' design work should be excluded. This paper reports an external evaluation (process evaluation with participant observation) of the implementers' HCD process rather than the authors conducting and reporting their own design process.",Challenges and opportunities in evaluating programmes incorporating human-centred design: lessons learnt from the evaluation of Adolescents 360
Julie Doyle; Emma Murphy; Shane Gavin; Alessandra Pascale; Stéphane Deparis; Pierpaolo Tommasi; Suzanne Smith; Caoimhe Hannigan; Myriam Sillevis Smitt; Cora van Leeuwen; Julia Lastra; Mary Galvin; Patricia McAleer; Lorraine Tompkins; An Jacobs; Marta M Marques; Jaime Medina Maestro; Gordon Boyle; John Dinsmore,High,Include,"""HCD_fullcycle"": [""A1 User Involvement: \""A notable feature of the ProACT approach to designing and evaluating the platform was that it continually involved people with multimorbidity in a user-centered design process, including interviews, focus groups, co-design workshops, usability testing and evaluation activities, supporting regular, iterative updates to the ProACT platform.\"" - Discussion"", ""A2 Iteration: \""The study was a PoC trial, which used an action research design, to allow for continuous feedback from participants and refinement of the ProACT platform throughout the trial. There were 3 action research cycles (ARCs) and 4 time points (T1-T4) of data collection ... Refinements were made to the ProACT platform based on the feedback from participants at the end of each ARC.\"" - Methods (Study Design)"", ""A3 Lifecycle (Understanding/Ideation/Prototyping/Evaluation): \""Understanding users: Interview protocols at time point T1 covered motivations and expectations...\"" - Methods (Data Collection and Analysis); \""Ideation: continually involved people with multimorbidity in a user-centered design process, including... co-design workshops\"" - Discussion; \""Prototyping: ...data collection, semistructured interviews, and usability testing (Figure 13).\"" - Methods (Study Design); \""Evaluation: The participants completed the system usability scale (SUS) at T2, T3, and T4... SUS scores... above the threshold of 68, which indicates that participants considered ProACT to be usable.\"" - Results (Usability and User Burden)""], ""TASKS_elements"": [""\""First, given the resource limitations, the version of the ProACT platform described in this paper and evaluated in the trial did not integrate all of the features required to fully support the self-management of multimorbidity...\"" - Limitations - [Shows a resource limitation that constrained developers from implementing planned features and affected design scope]"", ""\""The triage staff responded to alerts between 9 AM and 5 PM, Monday-Friday (hours were limited because of project budget) and made monthly check-in phone calls.\"" - Methods (Procedures) - [Shows budgetary/resource constraint that limited service hours and thus affected how the designers/services could be delivered during the trial]"", ""\""There were a total of 355 calls to the helpdesk in Ireland over the course of the trial... 121 were for devices not working... 50 related to data syncing issues... 29 involved pairing or connection problems (eg, accidentally turning off Bluetooth).\"" - Results (Potential Facilitators of Engagement) - [Shows technical/process issues with third-party devices that required substantial researcher technical support and likely forced adaptations during the project]"", ""\""Although care was taken to address these issues, for example, by replacing devices and providing further training, the initial experience for these participants resulted in a negative perception of the technology, which led to their disengagement.\"" - Results (Barriers to Engagement) - [Shows designers/researchers had to adapt (device replacement, extra training) due to device usability/reliability problems which impeded engagement and design goals]""]}",,Doyle et al. - 2021 - A Digital Platform to Support Self management of Multiple Chronic Conditions ProACT Findings in Rela.txt,"Condition A: satisfied - Methods, Results, and Discussion document active user involvement (interviews, co-design), explicit iterative action-research cycles with refinements, and evidence of the full lifecycle (user understanding via interviews, ideation via co-design, prototyping/usability testing, and evaluation via a 12-month trial with SUS and interviews).; Condition B: satisfied - Multiple documented designer-facing constraints are present: explicit resource/budget limitations (limiting features and triage hours) and substantial technical/process issues with devices (large helpdesk workload, device failures requiring replacement and extra training) that affected design and delivery.; Final rationale: The paper reports a full HCD cycle (user involvement, iteration, and all lifecycle phases) and explicitly describes designer-facing resource and technical constraints that affected the project; therefore it meets both Condition A and Condition B and should be included.",A Digital Platform to Support Self-management of Multiple Chronic Conditions (ProACT): Findings in Relation to Engagement During a One-Year Proof-of-Concept Trial
K.R. Dufendach; S. Koch; K.M. Unertl; C.U. Lehmann,High,Exclude,"""HCD_fullcycle"": [""A1 User Involvement: Users can express their preferences in the software’s dynamic canvas, where the user interface is built and modified by the user. - Methods (Canvas/Preferences Pane)"", ""A2 Iteration: Following each PD or VandAID session, users provided feedback on the usability of the specific user-centered design method by completing a standardized system usability scale survey. (Sessions are described as single PD sessions or single VandAID submissions with no reported repeated refinement cycles.) - Methods/Results"", ""A3 Lifecycle (Understanding/Ideation/Prototyping/Evaluation): Understanding: Each [PD] session was video recorded and then transcribed for further evaluation. - Methods (PD sessions); Ideation: Participants were given the opportunity to design a neonatal handoff tool using pens, paper, sticky notes, scissors, and other materials. - Methods (PD sessions); Prototyping: The dynamic canvas allows the design team to test different display options by letting the users select the ones that best match their expectations and workflow. - Methods (Canvas); Evaluation: Following each PD or VandAID session, users completed a standardized system usability scale survey and results (SUS scores) are reported. - Methods/Results""], ""TASKS_elements"": []}",Failed Condition A (no explicit iterative refinement cycles reported) and Failed Condition B (no reported designer-facing task constraints).,Dufendach et al. - 2017 - A Randomized Trial Comparing Classical Participatory Design to VandAID an Interactive CrowdSourcing.txt,"Condition A: not satisfied - User involvement (A1) and evidence of lifecycle phases (A3) are present, but explicit iterative refinement cycles (A2) are not reported; the study reports single PD sessions and single VandAID submissions without multiple rounds of feedback-redesign.; Condition B: not satisfied - No clear evidence in Methods, Results, Discussion, or Conclusions that designers experienced resource, access, skill, cognitive, or process constraints that limited or forced adaptation of the design activities; no designer-facing barriers are reported in Limitations or elsewhere.; Final rationale: The paper reports active user involvement and elements of the design lifecycle but lacks documented iterative cycles required by Condition A2 and does not report designer-experienced task constraints required for Condition B, so it must be excluded.","A Randomized Trial Comparing Classical Participatory Design to VandAID, an Interactive Crowdsourcing Platform"
"Jody Ede, David Garry, Graham Barker, Owen Gustafson, Elizabeth King, Hannah Routley, Christopher Biggs, Cherry Lumley, Lyn Bennett, Stephanie Payne, Andrew Ellis, Clinton Green, Nathan Smith, Laura Vincent, Matthew Holdaway, Peter Watkinson",High,Include,"""HCD_fullcycle"": [""A1 User Involvement: \""All potential users of the proposed ICU environment were invited to participate in the build simulation exercise. Participants were a convenience sample of users of the new ICU unit which included staff, patients, and relatives.\"" - Participant selection (Methods)"", ""A2 Iteration: \""Regular design meetings occurred preceding the ICU build simulation exercise with feedback being used to iterate designs.\"" - Design team (Methods)"", ""A3 Lifecycle (Understanding/Ideation/Prototyping/Evaluation): \""To meet the four HCD principles for this specific project (detailed in the introduction), we developed an ICU build simulation exercise that would specify user requirements (point 1 and 2) and produce design solutions to meet these requirements (point 3). This data would underpin the design process as the build project progressed (point 4).\"" AND \""Build Mapping involved taping out sections of the design and mocking up with equipment.\"" AND \""Participants were asked to undertake some (but not all) of the defined tasks... Participants fed back specifically about i) ease of task completion and ii) identify any barriers to these based on current designs. Facilitators also observed performed tasks and entered observations into field notes.\"" - Human-centred design / Build mapping / Task analysis / Qualitative (Methods)""], ""TASKS_elements"": [""\""Given space constraints we were unable to map out entire ICU levels, so we prioritised areas of concern/predictable high activity such as tight corners or lifts.\"" - Build mapping (Methods) - This shows a resource/space constraint that limited designers' ability to prototype the full environment and forced prioritisation."", ""\""Not all pre-defined tasks were completed during the exercise.\"" - Task analysis (Methods) - This indicates limitations in the exercise (time/setting/participant availability) that prevented designers from evaluating all planned tasks, constraining the design evaluation."", ""\""Firstly, not all the ICU building was tested as described in the methods. This was limited by event facilities, but we endeavoured to test problematic areas.\"" - Limitations - This explicitly states event-facility limitations that affected the designers' ability to perform design activities across the whole build.""]}",,Ede et al. - 2023 - Building a Covid 19 secure intensive care unit A human centred design approach.txt,"Condition A: satisfied - Clear user involvement (co-design simulation with staff, patients, relatives), explicit mention of iteration ('feedback being used to iterate designs'), and documented evidence of the four HCD phases (understanding via task analysis/observations, ideation via generated design suggestions, prototyping via build mapping mock-ups, and evaluation via participant feedback and facilitator observations).; Condition B: satisfied - Multiple statements describe constraints experienced by the design team (space/event facility limitations preventing full mapping/testing and incomplete task execution), which influenced how the design activities were conducted.; Final rationale: The paper reports an author-led HCD process including active user involvement, iterative feedback informing design changes, full-cycle HCD activities (understand/ideate/prototype/evaluate), and explicit designer-facing constraints that affected the conduct of design activities; therefore it meets inclusion criteria.",Building a Covid-19 secure intensive care unit: A human-centred design approach
"Ekstedt, M.; Kirsebom, M.; Lindqvist, G.; Kneck, Å.; Frykholm, O.; Flink, M.; Wannheden, C.",High,Include,"""HCD_fullcycle"": [""A1 User Involvement: \""users were involved throughout the design and development process\"" - [Methods: 2.3 Overview of the User-Centered Design Process]"", ""A2 Iteration: \""The design process lasted from January 2016 to December 2017 and involved iteration between the three phases until user needs had been adequately explored, described, and addressed.\"" - [Methods: 2.3 Overview of the User-Centered Design Process]"", ""A3 Lifecycle (Understanding/Ideation/Prototyping/Evaluation): \""One researcher (Å.K.) performed five days of observations at a heart failure day care clinic ... and performed interviews with registered nurses (n = 4), patients (n = 8), and family caregivers (n = 2).\"" (Understanding) / \""design sketches and mockups were developed by an interaction designer in the research group (O.F.) and discussed with the design team in the monthly meetings.\"" (Ideation) / \""Once satisfaction was reached on the low-fi prototypes, a web application was developed.\"" (Prototyping) / \""All district nurses from the design team were encouraged to use the eHealth service and introduce it to a convenience sample of patients who were willing to participate in a six-week feasibility test. ... We performed follow-up interviews with the patients and district nurses who participated.\"" (Evaluation) - [Methods: 2.5.1; 2.6.2; 2.6.2; 2.7.1]""], ""TASKS_elements"": [""\""only a small number of participants could be recruited for testing the service in a clinical setting.\"" - [Discussion: 4. Discussion] - [Why it shows a designer barrier: Recruitment shortfall limited the designers' ability to evaluate and iterate the system in practice, a resource/participant access constraint affecting design activities]"", ""\""The feasibility test proved challenging, which is reflected in the low number of participants. Only two of the district nurses from the design team participated. The other three were not available for participation due to changes in staffing.\"" - [Discussion: 4.1 User-Centered Design Process] - [Why it shows a designer barrier: Staffing changes among clinician-design collaborators reduced available personnel and prevented planned testing and iterative cycles]"", ""\""it coincided with other development projects, re-organization, and staff leave at the integrated care organization that was the setting for the study. Due to down-prioritization of our project, the process from initial conceptualization of the project to feasibility testing became too long drawn out for the participants to get a return on their investment of time and effort.\"" - [Discussion: 4.2 Methodological Considerations] - [Why it shows a designer barrier: Organizational re-prioritization and staffing leave delayed testing and diminished designers' capacity to carry out planned implementation and iterative refinement (resource/organizational constraint)]"", ""\""nurses did not feel sufficiently confident in introducing the tool to their patients, possibly due to insufficient training.\"" - [Discussion: 4.1 User-Centered Design Process] - [Why it shows a designer barrier: Skill/training gaps among implementers hindered deployment and designers had to account for additional training or change implementation approach]""]}",,Ekstedt et al. - 2022 - Design and Development of an eHealth Service for Collaborative Self Management among Older Adults wi.txt,"Condition A: satisfied - The manuscript documents active user involvement across phases, explicit iterative cycles over a two-year period, and all four lifecycle activities (understanding via observations/interviews, ideation through sketches and design meetings, prototyping of web and mobile apps, and evaluation via a feasibility test).; Condition B: satisfied - The authors report concrete constraints experienced during the project (limited participant recruitment, staff unavailability and re-organization, down-prioritization, and insufficient confidence/training among nurses) that affected the designers' ability to perform testing and iteration.; Final rationale: Both Condition A (full HCD cycle) and Condition B (designer-facing task/constraint evidence) are met based on Methods, Results, Discussion, and Limitations content; therefore the study should be included.",Design and Development of an eHealth Service for Collaborative Self-Management among Older Adults with Chronic Diseases: A Theory-Driven User-Centered Approach
"Anthony Faiola, Haleh Vatani, Kate Greenhill, Manjula Bhuma, Mangilal Agarwal",High,Exclude,"""HCD_fullcycle"": [""A1 User Involvement: \""Twelve Type 1 and 2 diabetics were interviewed to deduce user requirements and to understand their perception and level of interest in the proposed mobile system.\"" - Abstract / Design Iteration—Phase 1"", ""A1 User Involvement: \""Participants received eight open-ended interviews and 13 multiple-choice survey questions. At the conclusion of the questionnaire, participants were shown the first iteration of the mobile app interface designs, with follow-up questions related to benefits, functionality, and overall appeal.\"" - Method—User Requirements and Design Testing"", ""A2 Iteration: \""This paper presents the first two (prototype) design iterations of research and testing of HYPOalert.\"" - Abstract"", ""A2 Iteration: \""Design Iteration—Phase 1\"" and \""DESIGN ITERATION—PHASE 2\"" (section headings describing first and second iterations) - Design Iteration sections"", ""A3 Lifecycle: Understanding: \""we performed a user requirements study—focusing on understanding user needs through questionnaire, semi-structured interviews\"" - Design Iteration—Phase 1"", ""A3 Lifecycle: Ideation: \""Based on a preliminary review of existing diabetes products and mobile applications, we developed a series of exploratory static/rapid interfaces for inspection by diabetes patients.\"" - Design Iteration Process"", ""A3 Lifecycle: Prototyping: \""Figure 2 illustrates the first conceptual iteration of HYPOalert...\"" and \""Findings from the first iteration and the review... informed our design of the interactive prototype (Figure 3) of phase two.\"" - Design Iteration sections"", ""A3 Lifecycle: Evaluation: \""At the conclusion of the questionnaire, participants were shown the first iteration of the mobile app interface designs, with follow-up questions related to benefits, functionality, and overall appeal.\"" and \""Findings provided design requirements and the users’ overall perception and interest in a breath smart sensor app for supporting HYPO monitoring.\"" - Method—User Requirements and Design Testing / Findings""], ""TASKS_elements"": []}","Condition B not satisfied - no evidence of designer-facing difficulties, constraints, or barriers reported in Methods/Results/Discussion/Limitations.",Faiola et al. - 2018 - HYPOalert Designing Mobile Technology for Hypoglycemic Detection and Monitoring Based on Human Breat.txt,"Condition A: satisfied - The paper documents active user involvement (interviews, questionnaires, prototype review), explicit multiple design iterations (first and second iterations), and evidence of the four lifecycle phases (user understanding, ideation, prototyping, and evaluation of the first iteration).; Condition B: not satisfied - The manuscript contains no explicit descriptions of difficulties, constraints, or barriers experienced by the designers (e.g., recruitment problems that impeded design, resource/time limits that forced changes, participant drop-outs affecting iteration).; Final rationale: Although the study meets the full HCD cycle criteria (Condition A), it fails Condition B because there is no reported evidence of designer-facing tasks, constraints, or barriers during the project. Per decision rules, both conditions are required for inclusion.",HYPOalert: Designing Mobile Technology for Hypoglycemic Detection and Monitoring—Based on Human Breath
"Ibidun Fakoya, Claire Cole, Chris Larkin, Melanie Punton, Eleanor Brown, Ahna Ballonoff Suleiman",High,Include,"""HCD_fullcycle"": [""A1 User Involvement: \""Teams collected data using a range of qualitative research methods (e.g., observations, promoted discussions, photo narratives, card sort, and in-depth interviews). During formative research, youth designers acted as note-takers, interpreters, and interviewers.\"" - Inquiry (Methods)"", ""A2 Iteration: \""These findings were iteratively incorporated into recruitment strategies. The youth-adult teams analyzed iteratively in the field using simple tools (post-its and flip charts). Team members described and reflected on interviews and observations, highlighting extreme cases and identifying emerging themes.\"" - Inquiry / Methods"", ""A3 Lifecycle (Understanding/Ideation/Prototyping/Evaluation): \""A360 consisted of four phases: (1) Inquiry: youth-engaged formative research...; (2) Insight synthesis: collaborative analysis across expertise to generate themes to inform design; (3) Prototyping: quickly developing and testing rudimentary versions of solutions...; and (4) Adaptive implementation: ongoing inquiry and refinement, critical reflection, and iterative evaluation of solutions.\"" - Adolescents 360 (Methods)""], ""TASKS_elements"": [""\""building the skills and capacity of youth designers and adult partners was costly, both financially and in terms of staff time and skill.\"" - Implications for practice / Form Transdisciplinary Teams - This indicates resource limits (financial and staff-time) that affected designers' ability to sustain youth engagement and perform design activities."", ""\""Initially, 6 months were allocated testing tangible solutions. However, delays during the design research phases shortened this phase to just 6 weeks per county. This duration was inadequate to rigorously test the solutions in real-world settings and feed data and learning back into the solutions to course correct.\"" - Table 2 / Create tangible products or services - This is a time/resource constraint that prevented designers from conducting adequate real-world testing and iterative refinement."", ""\""Embedding youth designers enhanced the validity of the analysis and interpretation of data; however, resources were limited for youth engagement, and consequently, in-country teams found it challenging to recruit and retain a sustained cohort of young people.\"" - Table 1 / Form Transdisciplinary Teams - This documents recruitment/retention difficulties that limited designers' staffing and continuity."", ""\""In the context of low- and middle-income countries, recruiting and working with extreme users was frequently challenging due to security, logistical concerns, and the political context.\"" - Table 2 / Recruit and work with extreme users - This shows participant access constraints that hindered designers' ability to engage certain user groups as partners."", ""\""teams (particularly those who were new to design) struggled to synthesize insights using the rapid and iterative methods usual to design research.\"" - Table 2 / Cultivate greater empathy - This describes skill/knowledge gaps and process difficulties experienced by designers during analysis/iteration.""]}",,Fakoya et al. - 2022 - Enhancing Human Centered Design With Youth Led Participatory Action Research Approaches for Adolesce.txt,"Condition A: satisfied - The paper documents active user/stakeholder involvement (youth designers engaged in data collection, analysis, and design), explicit iterative refinement cycles (iterative analysis, prototyping, and adaptive implementation), and a complete lifecycle covering inquiry (formative research), ideation/insight synthesis, prototyping (73 prototypes across countries), and evaluation/adaptive implementation (pilots and independent process evaluation).; Condition B: satisfied - The paper reports multiple designer-facing constraints: financial and staff-time resource limits for youth engagement, shortened testing timelines that impeded rigorous real-world testing, recruitment and retention challenges for youth designers and extreme users, and skill/process difficulties synthesizing rapid design research—each of which affected designers' ability to carry out design activities.; Final rationale: Both Condition A (full HCD cycle with active user involvement and iteration) and Condition B (documented designer-facing tasks/constraints) are met in the Methods/Results/Discussion/Limitations content provided, so the study should be included.",Enhancing Human-Centered Design With Youth-Led Participatory Action Research Approaches for Adolescent Sexual and Reproductive Health Programming
"Janette Fanio, Erin Zeng, Brian Wang, David J. Slotwiner, Meghan Reading Turchioe",High,Include,"""HCD_fullcycle"": [""A1 User Involvement: In prior work we defined the scope of the decision aid, conducted needs assessments with patients and clinicians, determined the format and distribution plan, and reviewed and synthesized evidence about treatment options as well as optimal decision aid design. (Methods)"", ""A1 User Involvement: The final interactive prototypes were used for alpha testing with patients; during each session we collected qualitative data regarding general reactions and suggestions for improved usability, appearance, and satisfaction. (Alpha testing / Methods)"", ""A2 Iteration: Prototype development occurred in three phases: low-fidelity prototyping, high-fidelity prototyping, and expert feedback incorporation; we iterated upon these prototypes until the entire research team was satisfied with the content and visual elements in the prototypes. (Prototype design and development / Methods)"", ""A3 Lifecycle (Understanding/Ideation/Prototyping/Evaluation): Understanding - 'Our needs assessment with 15 patients and 5 clinicians underscored the need for decision aids in this specific treatment decision, and generated suggestions regarding the format and delivery of the decision aid.' (Methods/prior work); Ideation - 'During low-fidelity prototyping we created a set of hand-drawn rough sketches, which we iterated upon until agreeing upon a design theme and common elements.' (Prototype design and development / Methods); Prototyping - 'We then created high-fidelity prototypes using Adobe XD... The final interactive prototypes were used for alpha testing with patients.' (Prototype design and development / Methods); Evaluation - 'Alpha testing involves evaluating early stage prototypes with patients for usability and comprehension... During each session... participants were shown a series of screens displaying the high fidelity prototype. We collected qualitative data... and administered the Decision Aid Acceptability Scale.' (Alpha testing / Methods)""], ""TASKS_elements"": [""Recruitment constraint: 'Recruitment concluded after five participants were enrolled in alpha testing because thematic saturation was reached.' - [Results] - [Why it shows a designer barrier: early termination at five participants limited the amount of user data available to iterate and validate design decisions, constraining designers' ability to test with larger/diverse samples and possibly limiting further refinement.]"", ""Sample representativeness limitation: 'Our study was limited primarily by the small sample size due to thematic saturation being reached after only five participants were enrolled, which may narrow the generalizability of findings. Moreover, the sample did not include a wide range of older adults based on age or technology comfort, which may further limit generalizability.' - [Limitations] - [Why it shows a designer barrier: the lack of diverse participant ages and technology comfort levels reduced designers' access to varied user input, restricting the ability to design inclusively and validate designs across target user subgroups.]"", ""Participant characteristic constraint: 'The majority of participants were non-Hispanic/Latino White with high education levels and high technology experience. All had adequate or more than adequate financial resources and owned a laptop and an iPhone.' - [Results] - [Why it shows a designer barrier: homogenous, highly tech-savvy sample limited exposure to barriers faced by lower-resourced or less tech-comfortable users, constraining designers' understanding of accessibility needs and potentially preventing necessary design adaptations.]""]}",,Fanio et al. - 2023 - Designing for patient decision making Design challenges generated by patients with atrial fibrillati.txt,"Condition A: satisfied - The study documents user involvement (needs assessment and alpha testing with patients), explicit iteration across low- and high-fidelity prototypes with expert feedback, and evidence of the full lifecycle (understanding users, ideation via sketches, prototyping, and evaluation via alpha testing).; Condition B: satisfied - The paper reports concrete constraints encountered during the design/evaluation (small sample size, early recruitment termination after five participants, lack of age and technology diversity) that affected the designers' ability to perform comprehensive testing and iterative refinement across diverse users.; Final rationale: Both the full HCD cycle requirements and at least one designer-oriented task/constraint are explicitly present in the Methods/Results/Limitations; therefore the study meets inclusion criteria.",Designing for patient decision-making: Design challenges generated by patients with atrial fibrillation during evaluation of a decision aid prototype
Charic D Farinango; Juan S Benavides; Jesús D Cerón; Diego M López; Rosa E Álvarez,High,Include,"""HCD_fullcycle"": [""A1 User Involvement: \""To gather user information, a survey sample of 1,187 individuals, eight interviews, and a focus group with seven people were performed.\"" - Methods"", ""A2 Iteration: \""Throughout five iterations, three prototypes were built.\"" - Methods / Results"", ""A3 Lifecycle (Understanding/Ideation/Prototyping/Evaluation): \""OpenUP/MMU-ISO 9241-210 is a software development process ... which integrates to its phases of development ... the four main UCD activities specified in the ISO 9241-210 standard: understand and specify the context of use, specify the user requirements, produce design solutions to meet user requirements, and evaluate the designs against requirements.\"" - Methods""], ""TASKS_elements"": [""\""The project cannot afford a health professional available 24 h a day and 7 days a week, so online communication with a medical doctor was discarded.\"" - Results (Evaluation of the first design prototype) - [Resource limit: lack of funding/staff forced designers to remove planned functionality]"", ""\""As the PHR-S is not interoperable with electronic medical records of patient’s health care providers, users will not be able to share their PHR with their family doctors.\"" - Results (Evaluation of the first design prototype) - [Process/technical issue: integration constraint prevented designers from implementing sharing with providers]"", ""\""This prototype was implemented in Indivo, which comes with its own interface and functionalities. In consequence, it added factors that complicated user’s performance in the test.\"" - Discussion/Results - [Technical/platform constraint: external platform limitations affected design choices and usability testing]"", ""\""UCD activities increased the complexity of the development process, in terms of time and documentation.\"" - Discussion - [Resource/process burden: increased time/documentation requirements experienced by the design team]""]}",,Farinango et al. - 2018 - Human centered design of a personal health record system for metabolic syndrome management based on.txt,"Condition A: satisfied - The Methods and Results document direct user involvement (surveys, interviews, focus group), explicit iterative development (five iterations, three prototypes), and all four UCD lifecycle activities (context understanding, ideation/design, prototyping, and evaluation/usability testing).; Condition B: satisfied - Multiple explicit statements describe constraints experienced by the design team (resource limitation removing 24/7 doctor availability, lack of interoperability with clinical records, platform-imposed limitations, and increased time/documentation burden) that affected design decisions and capabilities.; Final rationale: Both Condition A (full HCD cycle met) and Condition B (designer-facing task/constraint evidence) are clearly supported by the Methods, Results, and Discussion, so the study meets inclusion criteria.",Human-centered design of a personal health record system for metabolic syndrome management based on the ISO 9241-210:2010 standard
"David Farrell, Patty Kostkova, Lisa Lazareck, Dasun Weerasinghe, Julius Weinberg, Donna M. Lecky, Niels Adriaenssens, Tereza Koprivova Herotova, Jette Holt, Pia Touboul, Kyriakoula Merakou, Raffaella Koncan, Anna Olczak-Pienkowska, António Brito Avô, Jose Campos, Cliodna A. M. McNulty",High,Include,"""HCD_fullcycle"": [""A1 User Involvement: \""Development of the games used feedback acquired from children in four schools across the UK (Glasgow, London and two in Gloucester). The children were selected according to their willingness to participate.\"" - [Methods: Developing the games / Participants]"", ""A2 Iteration: \""We used a standard iterative software development methodology.\"" and \""By engaging with play-testers frequently (in keeping with the methodology of user-centred design techniques), it was possible to iteratively develop games that ensured player satisfaction.\"" - [Methods: Developing the games / Conclusions]"", ""A3 Lifecycle (Understanding/Ideation/Prototyping/Evaluation): \""a focus group with five senior-school teachers...\"" and \""Focus groups were held with a small number of children... to find out what kind of games they enjoyed\"" (Understanding); \""it was decided... that a platform game... and a story-based play experience... was chosen\"" (Ideation/genre selection) - [Methods: Contexts/Genres]; \""Figure 2... Figure 7...\"" and descriptions of levels/missions (Prototyping/implementation); \""Throughout development, frequent developmental evaluations using play-tests, focus groups and observational studies were used to test new features and to ensure that the games would be enjoyed by children.\"" (Evaluation) - [Methods / Design mechanics / Conclusions]""], ""TASKS_elements"": [""\""An attempt was made to identify the technical capabilities of these computers, but it was not possible to determine this. The games were therefore designed to be suitable even for low-specification computers.\"" - [Methods: Hardware and software platforms] - [Why it shows a designer barrier: inability to determine classroom hardware forced the designers to adapt and constrain technical design choices to low-spec targets]"", ""\""The range of schools with broadband access varied considerably between countries, with Greece relying largely on dial-up connections.\"" - [Methods: Hardware and software platforms] - [Why it shows a designer barrier: variability in network infrastructure constrained technology choices and required trade-offs to ensure cross-country accessibility]"", ""\""Because of the difficulty in arranging the use of dedicated computer rooms for a class, and in order to increase the likelihood of the games being played by children out of class, it was decided that the games would stand independently of the e-Bug pack\"" - [Methods: Contexts in which the games would be played] - [Why it shows a designer barrier: logistical constraints (access to computer rooms) directly forced a change in the planned design/integration]"", ""\""Flash Version 8... was chosen to ensure that even older computers would be able to play the games. If a newer version of Flash (or an alternative technology) was required, it might be necessary for teachers to request administrative rights to their computers in order to install the web browser plug-in.\"" - [Methods: Hardware and software platforms] - [Why it shows a designer barrier: deployment/technical limitations and administrative restrictions influenced technology selection and design decisions]""]}",,Farrell D. et al. - 2011 - Developing e Bug web games to teach microbiology.txt,"Condition A: satisfied - The paper documents active user involvement (focus groups, play-testers, developmental evaluations), explicit iterative development, and evidence of the four lifecycle phases (user understanding, ideation/genre selection, prototyping/implementation, and evaluation/play-tests).; Condition B: satisfied - Multiple described constraints affected designers' activities and forced adaptations (unknown classroom hardware, variable broadband access, difficulty arranging computer rooms, and technology/installation constraints), meeting the TASKS criteria.; Final rationale: The study reports a full HCD cycle with active user participation and iterative refinement, and it explicitly describes designer-facing constraints that shaped design decisions; therefore it meets both Condition A and Condition B and is included.",Developing e-Bug web games to teach microbiology
Matthias Fassl; Lea Gröber; Katharina Krombholz,High,Include,"""HCD_fullcycle"": [""A1 User Involvement: \""We applied a four-stage User-Centered Design process: (1) five collaborative design workshops with ten potential users to gather ideas and drawings that reflect users’ perceptions of authentication ceremonies and trust establishment, (2) a security evaluation that narrowed the design space, (3) an iterative storyboard prototyping approach with 18 participants to improve usability and collect participants’ preliminary security perceptions, and (4) an online evaluation of the prototypes on Amazon MTurk with N = 131 participants.\"" - Introduction"", ""A2 Iteration: \""We used an iterative approach with alternating field-work and revision of the prototypes. ... After we improved all storyboard prototypes we recruited new participants in the field and started a new iteration of the prototyping approach.\"" - Section 6 Iterative Storyboard Prototyping"", ""A3 Lifecycle (Understanding/Ideation/Prototyping/Evaluation): \""(1) Collaborative Design Workshops... (2) Narrowing Down the Design Space... (3) Iterative Storyboard Prototyping... (4) Evaluation. ... We describe each of the steps in a separate section in the remaining paper.\"" - Section 3 Design Method""], ""TASKS_elements"": [""\""However, we did not implement this suggestion since we could not decide on fitting imagery and our paper-based prototyping approach does not work well with animations.\"" - UX Expert Feedback (Section 6.2) - This shows a process/technical constraint experienced by the design team: the chosen low-fidelity, paper-based prototyping method prevented implementation of UX expert suggestions (animations/imagery), limiting design iteration possibilities."", ""\""The required sample size for a medium effect size ... is 144 participants, which was our lower bound recruitment goal. ... After removing them, our final dataset consists of N = 131.\"" - Section 7 Evaluation/Analysis - This shows a resource/participant access constraint: the team did not reach their planned sample size, reducing statistical power and affecting their ability to detect usability effects."", ""\""Our evaluation used a scripted online experience instead of a lab study. Previous work [3, 7] found that remote asynchronous usability testing discovers fewer usability issues than lab testing, which is offset by easier participant recruitment.\"" - Limitations (Section 8) - This indicates a methodological constraint affecting designers' ability to perform in-depth usability evaluation (choice of online scripted evaluation limited discovery of usability issues)."", ""\""We recruited participants for our collaborative design workshops and iterative storyboard prototyping sessions in stable, economically rich countries of the global north. This population faces few threats in their daily life – which influences the resulting prototypes.\"" - Limitations (Section 8) - This describes participant access/data diversity limitations that constrained the designers' ability to capture a broader range of threat models and thus influenced design outcomes."", ""\""Since the workshops were conducted in a different language the researchers translated the codebook, quotes, and the shown drawings.\"" - Section 4 Analysis - This is a process constraint (translation) the team had to handle, affecting coding/analysis workload and potentially interpretation during design iterations.""]}",,Fassl M. et al. - 2021 - Exploring user centered security design for usable authentication ceremonies.txt,"Condition A: satisfied - The paper reports direct and repeated user involvement (collaborative workshops, participatory concept generation), explicit iterative refinement (multiple prototyping iterations and UX expert feedback), and all four lifecycle phases (understanding via workshops, ideation in workshops, prototyping via storyboards, and evaluation via online study).; Condition B: satisfied - The paper documents multiple designer-facing constraints (paper-based prototyping limiting implementation of UX suggestions, not meeting planned sample size, use of online scripted evaluation vs lab, recruitment limited to global north participants, and translation burdens) that affected the design process and evaluation.; Final rationale: Both the full HCD cycle (A1-A3) and at least one valid designer-facing TASKS element are present in the Methods/Results/Limitations, so the study meets inclusion criteria.",Exploring User-Centered Security Design for Usable Authentication Ceremonies
Muhammad Almeriztama Fauzan; Dawam Dwi Jatmiko Suwawi; Aristyo Hadikusuma,High,Include,"""HCD_fullcycle"": [""A1 User Involvement: \""In this research, the method used is User-Centered Design (UCD) which involves the user in every process.\"" - Methods (Introduction / Methodology)"", ""A1 User Involvement: \""Researchers recruited five fixed participants for each stage of this research. These 5 participants will take part in usability and interviews.\"" - Methods (Context Analysis / Determine participants)"", ""A2 Iteration: \""1) Low-Fidelity Design: ... The goal of making low-fidelity designs is to get feedback from the user at the initial stage.\"" and \""2) High-Fidelity Design: After creating a low-fidelity design, researchers created a high-fidelity version ...\"" and \""3) Prototype: ...\"" - Methods (Design)"", ""A3 Lifecycle (Understanding/Ideation/Prototyping/Evaluation): \""The e-library mobile application's design was performed using the UCD method. This method has four steps to follow: a) context analysis; b) defining the requirements; c) design; d) evaluation.\"" - Methods (Methodology)""], ""TASKS_elements"": [""\""Due to this research's time constraints and qualitative nature, Researchers could take on 5 participants.\"" - Methods (Context Analysis / Determine participants) - This states a resource/time constraint experienced by the researchers that limited participant numbers, a designer-facing limitation affecting study design and data collection.""]}",,Fauzan M.A. et al. - 2023 - User Interface Design for A University E Library Mobile App Using User Centered Design.txt,"Condition A: satisfied - The paper documents user involvement through interviews and repeated engagement across stages (context analysis, persona interviews, low-fidelity feedback), shows iterative refinement from low-fidelity to high-fidelity to prototype, and presents all four lifecycle phases (understanding, requirements/ideation, prototyping, evaluation).; Condition B: satisfied - The authors explicitly report time constraints that limited participant recruitment, a resource limitation that affected designers' ability to conduct broader user studies.; Final rationale: The study reports a complete UCD cycle with active user involvement and iterative design steps, and documents a concrete designer-facing constraint (time limiting participant number); therefore it meets both Condition A and Condition B and is included.",User Interface Design for A University E-Library Mobile App Using User-Centered Design
Somayeh Fazaeli; Taleb Khodaveisi; Ali Khorsand Vakilzadeh; Mehdi Yousefi; Atousa Ariafar; Mohsen Shokoohizadeh; Saeed Mohammad-Pour,High,Include,"""HCD_fullcycle"": [""A1 User Involvement: This focus group discussion was held with the presence of 10 potential users of the system, including hospital managers, nursing managers, heads of relevant departments (infectious disease specialists), and heads of COVID-19 committees (emergency medicine specialists). - Methods"", ""A2 Iteration: In the final phase (i.e., evaluation of the designs), 1 week after the prototype was available to users, the third focus group was held with the same participants who had attended the second focus group... Eventually, the final version of the dashboard system was developed after the comments and suggestions received from users and the required changes were applied to the designed prototype. - Methods"", ""A3 Lifecycle (Understanding/Ideation/Prototyping/Evaluation): Understanding: 'The main goals of designing this dashboard for real-time analysis and management of COVID-19 disease and the general features of this dashboard were examined through brainstorming during the first focus group discussion.' (Methods); Ideation/Design solutions: 'In the creation of the design solutions phase, the specialized software design team developed the dashboard prototype using the Power BI Desktop software based on the identified data elements and requirements from the previous step.' (Methods); Prototyping: 'the designed prototype was integrated with the hospital information system (HIS) and its capabilities and visual features were displayed to the users.' (Methods); Evaluation: 'their satisfaction was measured based on the end-user satisfaction model... The dashboard software was then provided to participants to evaluate after working with the dashboard through the completion of a designed paper questionnaire.' (Methods/Results)""], ""TASKS_elements"": [""Regarding the limitations of the present study, one can refer to the fact that due to the critical situation of the COVID-19 pandemic, focus group interviews with potential users were withheld. Moreover, since the present study was conducted in only one center, the number of participants involved in the development and implementation of the dashboard was small. - Discussion/Limitations - This describes a constraint that affected designers' ability to conduct planned user engagement (withheld focus group interviews) and resulted in a small participant pool, limiting designers' access to user feedback and data.""]}",,Fazaeli et al. - 2021 - Development Implementation and User Evaluation of COVID 19 Dashboard in a Third Level Hospital in Ir.txt,"Condition A: satisfied - The Methods report explicit user involvement in multiple focus groups and nominal group technique (A1), multiple iterative cycles including prototype, third focus group and finalization after feedback (A2), and documented steps covering understanding users, ideation/design, prototyping, and evaluation (A3).; Condition B: satisfied - The Limitations state focus group interviews were withheld due to the pandemic and the study had a small participant pool, which limited designers' ability to engage users and gather feedback during design.; Final rationale: The paper documents a full user-centered design cycle with active user participation and iterative refinement, and also reports design-facing constraints (limited/withheld focus groups and small sample) that impacted the design process; therefore it meets both Condition A and Condition B and is included.","Development, Implementation, and User Evaluation of COVID-19 Dashboard in a Third-Level Hospital in Iran"
Giuseppe Fico; Antonio Martinez-Millana; Jan-Paul Leuteritz; Alessio Fioravanti; Maria Eugenia Beltran; Vicente Traver; Maria Teresa Arredondo,High,Exclude,"""HCD_fullcycle"": [""A1 User Involvement: \""These factors were used for the creation of mock-ups that were evaluated and refined through focus groups and face-to-face interviews with end-users.\"" - Methods (2.1) "", ""A2 Iteration: \""The methodology of this study consisted in three iterative cycles: usage scenario definition, user archetype definition and system development, as described in Fig. 1.\"" - Methods (2.1)"", ""A3 Lifecycle (Understanding/Ideation/Prototyping/Evaluation): \""In the first cycle we defined a situation/problem-oriented representation of the disease involving patients and clinicians... These factors were used for the creation of mock-ups... The prototypes were assessed in usability tests and interviews with patients representing the different PERSONAs, providing feedback and substantial changes in the final system development (third and final cycle).\"" - Methods (2.1)""], ""TASKS_elements"": []}",No evidence of designer-experienced difficulties or constraints during the project (no TASKS elements reported),Fico et al. - 2019 - User Centered Design to Improve Information Exchange in Diabetes Care Through eHealth Results from a.txt,"Condition A: satisfied - The paper documents active user involvement, explicit three iterative cycles, and evidence of understanding (scenarios/interviews), ideation (technological factors and mock-ups), prototyping (mock-ups and prototypes), and evaluation (usability tests and pilot study).; Condition B: not satisfied - The manuscript does not report clear evidence of difficulties or constraints experienced by the designers (no statements about resource limits, participant access problems affecting design, designer cognitive/skill gaps, or process/technical issues that forced adaptations).; Final rationale: Because Condition A (full HCD cycle) is met but Condition B (designer-experienced task/constraint evidence) is not supported by the provided text, the paper is excluded.",User Centered Design to improve information exchange in Diabetes Care through eHealth: Results from a small scale exploratory study
Kelsie T Forbush; Kara A Christensen Pacella; Marianna L Thomeczek; Sara R Gould; Danielle A N Chapa; Brianne N Richson; Victoria L Perko; Joseph Ayres; Yiyang Chen; Sonakshi Negi,High,Include,"""HCD_fullcycle"": [""A1 User Involvement: \""After the initial pilot-testing, we evaluated end user feedback collected in phase 2 and held 2 workshops with trainees (n=4) who served as BEST-U 1.0 treatment providers and made minor changes to the app based on their feedback.\"" - Phase 3: Redesign"", ""A1 User Involvement: \""Coaches reported that several participants expressed interest in having continuous access to the information from meal logs and daily surveys... coaches recommended the use of a PDF that compiled the data into a user-friendly format so that it could be downloaded from the Coaches’ Dashboard and viewed and discussed with participants with ease.\"" - Phase 3: Redesign"", ""A2 Iteration: \""We undertook a 4-phase iterative development process that focused on user-centered design. The 4 phases included needs assessment ... prototype development and initial evaluation in a pilot trial, redesign, and further pilot-testing to assess the usability and acceptability of the final version of the mHealth app.\"" - Methods Overview"", ""A3 Lifecycle (Understanding/Ideation/Prototyping/Evaluation): \""Our needs assessment included 2 components. First, we surveyed the directors of treatment centers... Second, we conducted a needs assessment based on a literature review\"" (Understanding) - Phase 1: Needs Assessment; \""the study clinical research coordinator met once per week with the treatment development team to discuss content and create a paper-based outline of session content that was reviewed and revised at subsequent meetings\"" (Ideation) - Phase 2: Prototype Development; \""Once an outline was approved by all team members, the content was programmed into the PiLR MEI Research platform and pilot-tested by trainees\"" (Prototyping) - Phase 2: Prototype Development; \""we conducted an additional pilot study to assess the usability and acceptability of BEST-U 2.0 in university students (n=47)\"" (Evaluation) - Phase 4: Further Pilot-Testing""], ""TASKS_elements"": [""\""recruitment for this phase began during the COVID-19 pandemic, which resulted in some participants delaying or canceling participation because they did not want to complete the in-person medical examination.\"" - Phase 4: Further Pilot-Testing - Why: Participant access issues during COVID-19 hindered recruitment/enrollment, limiting designers' ability to run planned pilot-testing and iterate."", ""\""Toward the latter part of the project, we had a higher response than anticipated, with many more students expressing interest than we were able to serve, resulting in a staffing-driven bottleneck in admitting students to the program.\"" - Limitations - Why: Resource/personnel limits constrained the team's ability to enroll participants and scale testing, a designer-facing resource limitation."", ""\""a small number of surveys not being delivered to the participants’ BEST-U app during the intervention... PiLR computer engineers thoroughly investigated and troubleshooted the issue, which required a temporary halt in access to the app. However, because the participants were actively engaged in our treatment when these issues arose, we were unable to pause the study, which limited the testing capabilities of the computer engineers.\"" - Limitations - Why: Technical/platform failures interrupted data collection and limited the team's ability to perform iterative testing and fixes."", ""\""The PiLR platform does not allow users to review submitted information, and once a user advances the content of the app, they cannot return to the earlier screens... Coaches... reported difficulty in quickly reading and interpreting the raw data from the server. We attempted to address issues related to the coach’s concerns about the readability of data by creating automated PDF weekly summary sheets... However, flaws in the summary sheets ... must be further improved in future versions of BEST-U for optimal clarity and usability.\"" - Limitations/Phase 3 - Why: Platform design constraints and data presentation issues created process/technical barriers experienced by designers and coaches during implementation."", ""\""We were limited in our ability to improve the attractiveness of the app because the PiLR platform has settings that limit the fonts, colors, and format options.\"" - Limitations - Why: Tool/platform restrictions prevented designers from making UI/visual improvements they desired, a technical/design constraint.""]}",,Forbush et al. - 2023 - The Building Healthy Eating and Self Esteem Together for University Students Mobile App to Treat Eat.txt,"Condition A: satisfied - The paper documents explicit user/stakeholder involvement (participant feedback and coach workshops), multiple iterative development phases, and evidence of the full lifecycle (needs assessment, ideation/outline, prototyping in PiLR, and pilot evaluations).; Condition B: satisfied - The manuscript reports multiple designer-facing constraints (COVID-related recruitment impacts, staffing bottlenecks, platform technical failures, data presentation limitations, and UI/format restrictions) that affected the team's ability to perform design and testing activities.; Final rationale: Both Condition A (full HCD cycle including user involvement, iteration, and complete lifecycle) and Condition B (documented designer-experienced tasks/constraints) are clearly met in Methods, Results, Discussion, and Limitations; therefore the study is included.",The Building Healthy Eating and Self-Esteem Together for University Students Mobile App to Treat Eating Disorders: User-Centered Research Design and Feasibility Study
Patricia D Franklin; Carol A Oatis; Hua Zheng; Marie D Westby; Wilfred Peter; Jeremie Laraque-Two Elk; Joseph Rizk; Ellen Benbow; Wenjun Li,High,Include,"""HCD_fullcycle"": [""A1 User Involvement: \""The original list of interventions was entered into a Microsoft Excel spreadsheet and provided to 7 physical therapists and PT interns at 4 ambulatory PT clinics. The 7 physical therapists and interns were asked to record their interventions on the spreadsheet and to add any interventions they used that were not listed on the spreadsheet. The revised list was then sent to 4 nationally recognized experts in PT post TKR care... We interviewed all 4 national experts to review their comments and suggestions... the next version of the intervention list was sent to 2 international physical therapist experts. They reviewed the list of interventions and discussed their suggestions in a series of 2 conference calls with the investigators.\"" - Methods, Content Development"", ""A2 Iteration: \""The suggestions were compiled in the next version of the intervention list and returned to the national experts for further comment. Another round of revisions occurred... The process of review and revision took approximately one year to complete and resulted in a list of 141 interventions organized in 8 categories.\"" - Methods, Content Development"", ""A3 Lifecycle (Understanding/Ideation/Prototyping/Evaluation): \""Understanding users: The original list of interventions identified by chart review was provided to 7 physical therapists and PT interns... Ideation: The revised list was then sent to 4 nationally recognized experts... suggestions were compiled and revisions included dividing the list of interventions into 8 distinct categories... Prototyping: The informatics team identified a HIPAA-compliant web-based software (Quickbase) that can capture discrete PT interventions and intensity details... a complex branching logic was built to support the entry screen... Evaluation: We deployed the data capture system in 8 PT practices with 33 different office sites; a total of 107 physical therapists and 7 physical therapist assistants... Over a period of approximately two years, data for 161 patients with 2615 patient visits were entered by 83 physical therapists or physical therapist assistants. No technical problems with the data capture system were reported... data entry was quick and easy, typically taking less than 2 minutes.\"" - Methods (Content & Informatics Development, System Deployment) and Results""], ""TASKS_elements"": [""\""The most common reason (162 visits, 6.2%) for including interventions in the text box was that the therapist exceeded the maximum allowable number (ie, 10) of strengthening exercises. Removing this limit will eliminate the need to document more exercises in text.\"" - Results - shows a process/technical constraint imposed by the system that forced workarounds and required design change (designer-facing barrier)."", ""\""A total of 47 (57%) physical therapists used the 'Clinical Notes' text box at least once... Investigator review found clinical notes from 16% (428/2615) of visits listed interventions... In 262 (10%) visits, the physical therapist listed interventions in the text box that were available in the intervention menus, but the therapist did not choose from the menu.\"" - Results - shows participant engagement and usage issues that limited the designers' structured data capture and required additional review and adaptation (designer-facing data quality/feedback constraint)."", ""\""The data collection system described in this paper is a prototype; it is not integrated into any health system’s electronic medical record. Future studies will assess its effectiveness and efficiency in the real world by integrating it into existing EHRs.\"" - Limitations and Future Considerations - shows a technical/integration limitation that prevented designers from testing and evaluating EHR integration within this project (designer-facing constraint)."", ""\""Some therapists did not use the available menus effectively. Improved training for clinicians and their use of the data capture system over an extended period will improve their ability to use the system effectively and efficiently.\"" - Limitations and Future Considerations - indicates a skill/knowledge gap among users that affected data entry practices and required designers to plan for additional training (designer-facing constraint).""]}",,Franklin PD - 2022 - Web Based System to Capture Consistent and Complete Real world Data of Physical Therapy Intervention.txt,"Condition A: satisfied - The study demonstrates active user involvement (multiple practicing PTs, national and international experts, interviews), explicit iterative refinement over about one year with multiple revision rounds, and evidence of all four lifecycle phases (user understanding via chart review and interviews, ideation and menu development, prototyping of a Quickbase web system, and evaluation via deployment and usage metrics across sites).; Condition B: satisfied - The paper reports several designer-facing constraints: a system-imposed maximum of 10 strengthening exercises forcing text-entry workarounds, substantial use of free-text requiring investigator review (affecting data completeness/quality), lack of EHR integration preventing full integration testing, and clinicians' ineffective use of menus indicating training/skill gaps that limited structured data capture.; Final rationale: Both Condition A (full HCD cycle) and Condition B (designer-oriented task constraints) are met based on explicit statements in Methods, Results, Discussion, and Limitations. Therefore the paper is included.",Web-Based System to Capture Consistent and Complete Real-world Data of Physical Therapy Interventions Following Total Knee Replacement: Design and Evaluation Study
Vincent Gagnon Shaigetz; Catherine Proulx; Anne Cabral; Nusrat Choudhury; Mark Hewko; Elicia Kohlenberg; Melanie Segado; Michael S D Smith; Patricia Debergue,Medium,Include,"""HCD_fullcycle"": [""A1 User Involvement: \""To obtain active input from domain experts, the agile methodology included regular delivery of technology to early adopters to obtain iterative feedback.\"" - Methods (Development Process / Implementation)"", ""A2 Iteration: \""The research team made use of agile software development, including feature-oriented code implementation, common code repository, software testing, user tests, bug tracking, and frequent software releases... This feedback informed the successive phases of software development.\"" - Methods (Development Process)"", ""A3 Lifecycle (Understanding/Ideation/Prototyping/Evaluation): \""identification of basic requirements and key differentiating criteria (TRL-1)\""; \""prototype design and foundational research to implement key components (TRL 2-3)\""; \""testing and validation in laboratory settings (TRL 3-4)\"" - Results (Technology Readiness); \""The prototype was tested and validated with healthy adults in a laboratory environment.\"" - Results (Prototype Development / Acceptability Study Results)""], ""TASKS_elements"": [""\""These challenges include selecting clinically relevant features, enabling tasks that capture the full breadth of deficits, ensuring longevity in a rapidly changing technology landscape, and performing the extensive technical and clinical validation required for digital interventions. Complicating development, is the need to integrate recommendations from domain experts at all stages.\"" - Introduction/Abstract - Why it shows a designer barrier: This describes concrete development challenges that the design team faced which affected design decisions and process (selection of features, need to integrate ongoing expert input, and validation demands)."", ""\""each clinic had different hardware needs depending on their patient constraints or limitations, price, availability, and the hardware that they already owned.\"" - Results (Prototype Development) - Why it shows a designer barrier: Heterogeneous clinic hardware forced the designers to adopt hardware-agnostic, multimodal solutions, indicating a constraint that required adaptation of the design and implementation.""]}",,Gagnon Shaigetz V - 2021 - An Immersive and Interactive Platform for Cognitive Assessment and Rehabilitation bWell Design and I.txt,"Condition A: satisfied - The paper documents active input from domain experts and testers (A1), explicit iterative agile development with frequent releases and feedback loops (A2), and activities covering requirements/understanding, ideation/design (requirements and exercise definitions), prototyping (Unity-based prototype, TRL-4), and evaluation (laboratory acceptability studies with healthy participants) (A3).; Condition B: satisfied - The manuscript explicitly describes design/development constraints experienced by the team (selection of clinically relevant features, ensuring longevity across changing hardware, need for extensive validation, and accommodating heterogeneous clinic hardware), which represent process/technical constraints that forced design adaptations.; Final rationale: Both the full HCD cycle criteria and at least one designer-facing tasks constraint are evidenced in Methods/Results/Discussion; therefore the paper meets inclusion criteria.",An Immersive and Interactive Platform for Cognitive Assessment and Rehabilitation (bWell): Design and Iterative Development Process
Daniel Z Q Gan; Lauren McGillivray; Mark Erik Larsen; Taylor Bloomfield; Michelle Torok,High,Include,"""HCD_fullcycle"": [""A1 User Involvement: \""semistructured qualitative interviews of LifeBuoy users. The interviews were conducted to assess the acceptability of having an adjunctive strategy and gain users’ perspectives on the specific characteristics (eg, content, design, medium or platform, and frequency of delivery) that this strategy should possess.\"" - [Methods: Discovery Phase; Interview Materials]"", ""A2 Iteration: \""The final version of the engagement strategy was created from the initial prototype following 3 rounds of iterative refinements arising from the workshops.\"" - [Results: Initial, Revised, and Final Design Samples of the Engagement Strategy]"", ""A3 Lifecycle (Understanding/Ideation/Prototyping/Evaluation): \""Understanding users: semistructured qualitative interviews of LifeBuoy users...\""; \""Ideation: Two design workshops were then conducted to iteratively refine this initial prototype.\""; \""Prototyping: Sample Instagram posts and blog posts at different stages of the design process... A total of 42 Instagram posts and 12 blog articles were created\""; \""Evaluation: The first workshop was focused on the content and aesthetics of the engagement strategy... Insights obtained from this workshop were used to revise the initial prototype.\"" - [Methods: Discovery & Design Phases; Results: Initial, Revised, and Final Design Samples]""], ""TASKS_elements"": [""\""Resource constraints affected the implementation of development activities in several ways. Workforce and financial constraints did not allow for multiple parallel workshops to be conducted with different groups of young people.\"" - [Limitations] - [Why it shows a designer barrier: explicit resource limitation (workforce and financial) that prevented planned design activities (multiple parallel workshops)]."", ""\""Operational constraints associated with technical expertise and funding meant that not all feedback from the design activities could be incorporated into the adjunctive strategy.\"" - [Limitations] - [Why it shows a designer barrier: technical expertise and funding shortfalls limited the designers' ability to implement user feedback into the product]."", ""\""Characteristics relating to the study sample may have restricted the scope of design activities conducted, and consequently, the insights obtained.\"" - [Limitations] - [Why it shows a designer barrier: limited participant diversity/sampling constrained designers' ability to conduct broader design activities and obtain diverse input].""]}",,Gan et al. - 2023 - Promoting Engagement With Smartphone Apps for Suicidal Ideation in Young People Development of an Ad.txt,"Condition A: satisfied - Users were actively involved via interviews and participatory workshops; multiple iterative refinement cycles occurred; documentation shows understanding (interviews), ideation (workshops), prototyping (Instagram/blog samples), and evaluation (workshop feedback used to revise prototypes).; Condition B: satisfied - Limitations explicitly report workforce, financial, technical expertise, and sampling constraints that affected the designers' ability to run more workshops and to incorporate all feedback.; Final rationale: The study documents a full HCD cycle with active user involvement and explicit iterative refinements, and it reports designer-facing resource and technical constraints that impacted the design process; therefore it meets both Condition A and Condition B and should be included.",Promoting Engagement With Smartphone Apps for Suicidal Ideation in Young People: Development of an Adjunctive Strategy Using a Lived Experience Participatory Design Approach
"Pamela M. Garabedian, Michael P. Gannon, Skye Aaron, Edward Wu, Zoe Burns, Lipika Samal",High,Include,"""HCD_fullcycle"": [""A1 User Involvement: \""we conducted contextual inquiry sessions to gather user requirements for the CDS. This was followed by group design sessions and one-on-one formative think-aloud sessions to validate requirements, obtain feedback on the design and layout, uncover usability issues, and validate changes.\"" - Methods / Abstract"", ""A2 Iteration: \""Following each step, iterative changes were made to the alert content and design.\"" AND \""We made changes to the mockups after conducting sessions with the first four participants and tested the newer versions with the remaining four participants.\"" - Results / Individual think aloud sessions"", ""A3 Lifecycle (Understanding/Ideation/Prototyping/Evaluation): \""conducted contextual inquiry sessions to help gather user requirements\"" (Understanding) - Methods / Contextual inquiry; \""Based on the user requirements... we designed several mockups\"" (Ideation/Prototyping of mockups) - Methods / Group design sessions; \""We developed working versions of the alerts that would trigger in the sandbox environment of the EHR\"" (Prototyping) - Methods / Individual think aloud sessions; \""we conducted individual formative think aloud usability testing sessions to uncover additional usability issues and validate design decisions\"" (Evaluation) - Methods / Individual think aloud sessions""], ""TASKS_elements"": [""\""Not all user requirements could be incorporated due to limitations of the EHR.\"" - Group design sessions - This indicates a technical constraint in the EHR that prevented designers from implementing planned features, directly limiting design activities."", ""\""We were unable to address the issue of modifying an existing order from the alert rather than discontinuing the existing order and adding a new one since this is a constraint within Epic.\"" - Results / Individual think aloud sessions - Explicit statement that the EHR (Epic) constrained the design and prevented implementation of desired functionality."", ""\""The testing process was limited due to the COVID-19 outbreak, causing all sessions to be conducted remotely. As a result, we were unable to perform near-live simulation and the circumstance of being behind schedule in clinic, which impacted in-person user requirements gathering and could impact the interaction with the alert.\"" - Discussion / Limitations - Shows pandemic-related remote methods limited designers' ability to conduct near-live simulations and in-person requirements gathering."", ""\""we were limited by our own institutions governance structure in terms of what technology solutions were allowed.\"" - Discussion / Limitations - Organizational governance constrained what technical solutions designers could pursue, limiting design options."", ""\""The constraints regarding the design of the order buttons and acknowledge reasons could significantly impact the user’s ability to complete the task and lead to a lot of frustration\"" - Discussion - Describes a technical/process limitation (order buttons/acknowledge reason behavior) that designers could not fully resolve within the EHR, affecting design outcomes.""]}",,Garabedian et al. - 2022 - Human centered design of clinical decision support for management of hypertension with chronic kidne.txt,"Condition A: satisfied - The paper documents active user involvement (contextual inquiry, group design, think-aloud), explicit iterative refinement across sessions, and evidence of all four HCD phases (understanding, ideation, prototyping, evaluation).; Condition B: satisfied - The authors report multiple designer-facing constraints (EHR limitations preventing implementation of requirements, inability to modify orders due to Epic, COVID-19 forcing remote testing limiting near-live simulation, and institutional governance limits) that affected their ability to carry out design activities.; Final rationale: Both Condition A (full HCD cycle present) and Condition B (designer-experienced constraints documented) are met based on the Methods, Results, Discussion, and Limitations; therefore the study is included.",Human-centered design of clinical decision support for management of hypertension with chronic kidney disease
"Alison Garber, Pamela Garabedian, Lindsey Wu, Alyssa Lam, Maria Malik, Hannah Fraser, Kerrin Bersani, Nicholas Piniella, Daniel Motta-Calderon, Ronen Rozenblum, Kumiko Schnock, Jacqueline Griffin, Jeffrey L. Schnipper, David W. Bates, Anuj K. Dalal",High,Include,"""HCD_fullcycle"": [""A1 User Involvement: \""We tested the working prototype with clinicians (MDs, APPs, and RNs) and solicited feedback during testing sessions. The working prototype was iterated between each session based on analysis of feedback.\"" - Diagnostic time-out (Methods/Results)"", ""A2 Iteration: \""Over an 8-week period, we used the EHR to identify 1–2 test cases per week... Iterations to the logic were made based on issues identified from analysis and discussion of each test case.\"" - Diagnostic safety column (Methods/Results)"", ""A3 Lifecycle (Understanding/Ideation/Prototyping/Evaluation): \""Broad clinician and patient needs... were identified from local context, clinician stakeholders... and patient advisors\""; \""Next, we searched the literature and assessed the available infrastructure at our institution to compile a comprehensive list of interventions\""; \""Our software development team generated an initial functional prototype of the DSC, which we released into our EHR’s production environment in 'silent mode'\""; \""The initial DTO prototype was tested with 18 hospital-based clinicians (MDs and APPs) during eight sessions conducted over a 4-week period.\"" - Potential interventions / Diagnostic safety column / Diagnostic time-out (Methods/Results)""], ""TASKS_elements"": [""\""these were not feasible to implement because of study timeline constraints; institutional governance roadblocks (limited access to certain APIs); and technical challenges.\"" - Discussion/Limitations - Why it shows a designer barrier: Describes institutional governance and API access constraints that prevented the design team from implementing planned interventions, directly limiting designers' ability to build and test features."", ""\""Withdrawal of vendor support for core functionality (eg, hyperlinks navigating users to specific EHR flowsheets, reports, widgets, etc.)... Vendor development roadmaps may limit use of third-party applications by end-users that rely on functionality enabling seamless interaction with the EHR.\"" - Table 4 / Limitations - Why it shows a designer barrier: Indicates vendor support withdrawal and roadmap limits that forced designers to change or abandon planned integration approaches, a technical/process barrier affecting design work."", ""\""Of 78 patients approached, 39 patients (50%) agreed to complete the PDQ; the remainder were unavailable (eg, off-unit, approaching discharge).\"" - Patient Diagnosis Questionnaire (Results) - Why it shows a designer barrier: Participant availability/drop-out constrained data collection for patient-facing prototype evaluation, limiting designers' ability to gather user feedback and iterate."", ""\""In 6 (60%) cases, the risk state did not change over the course of hospitalization despite expert clinician consensus suggesting increasing DE risk...\"" - Diagnostic safety column (Results) - Why it shows a designer barrier: Demonstrates a performance/logic limitation of the DSC that forced the design team to modify the algorithm (add configurable parameters), showing an adaptation driven by a technical/design problem encountered during testing.""]}",,Garber et al. - 2023 - Developing pilot testing and refining requirements for 3 EHR integrated interventions to improve dia.txt,"Condition A: satisfied - The study documents active involvement of clinicians and patients in design (testing sessions, focus groups, patient pilots), explicit iterative cycles (prototype iterations for DTO, DSC, PDQ), and evidence of the full lifecycle (user needs assessment, ideation/prioritization, prototyping in 'silent mode', and evaluation via test cases, clinician sessions, patient pilots, and focus groups).; Condition B: satisfied - Multiple documented constraints affected designers' ability to perform design activities (limited API access and institutional governance roadblocks, vendor support withdrawal, participant availability issues, and technical performance issues with the DSC that required logic changes), meeting the TASKS elements criteria.; Final rationale: The paper reports a complete user-centered HCD process (understanding, ideation, prototyping, evaluation) with explicit iteration and active user involvement, and it describes concrete designer-facing constraints and adaptations during development and testing. Therefore it meets both Condition A and Condition B and is included.","Developing, pilot testing, and refining requirements for 3 EHR-integrated interventions to improve diagnostic safety in acute care: a user-centered approach"
"Alberto García S., Carlos Iñiguez-Jarrín, Oscar Pastor Lopez, Daniel Gonzalez-Ibea, Estela Pérez-Román, Carles Borredà, Javier Terol, Victoria Ibanez, Manuel Talón",High,Exclude,"""HCD_fullcycle"": [""A1 User Involvement: \""In the first activity, we have researched our domain expert users by applying UCD techniques such as user observation and task analysis.\"" - Proposed Solution / 4.1 User Research"", ""A2 Iteration: \""As we have mentioned above, our works consisted of two UCD iteration. The first iteration focused on analyzing the tasks involved in genomic analysis, conceptualizing the UI... The second iteration focused on identifying usability problems as a result of the user evaluation of the first version.\"" - 6 Conclusions"", ""A3 Lifecycle (Understanding/Ideation/Prototyping/Evaluation): \""[Understanding] Identifying and analyzing the tasks involved in the prioritization of genetic variations allowed us to understand both the user mental model... The gathered information has been consolidated in a task model...\"" (Proposed Solution / 4.1 User Research); \""[Ideation] To define the CD, we have applied a method called GenomIUm... The systematic design process consists of four steps: Architectural Design, Structural Design, Content Design, Reﬁnement.\"" (User Interface Design / 4.2); \""[Prototyping] The reﬁned CDs have been implemented with standard web technologies. More specifically, we designed the UI using the Angular framework, and utilized a set of open source libraries to implement the UI patterns.\"" (User Interface Design / 4.2); \""[Evaluation] The validation consisted of 28 tasks... performed in a virtual way by using the Zoom video conference platform... Each virtual session involved one participant with the user role, and one of us with the evaluator role. The sessions were recorded and stored...\"" (Validation / 5.1 Method)""], ""TASKS_elements"": []}",Condition B not satisfied - No designer-facing task/constraints reported in Methods/Results/Discussion/Limitations,García S A. et al. - 2022 - CitrusGenome Applying User Centered Design for Evaluating the Usability of Genomic User Interfaces.txt,"Condition A: satisfied - The paper reports active user research (observations, interviews, task analysis), explicit iterative work (two UCD iterations), and a complete lifecycle including understanding, ideation (GenomIUm conceptual design), prototyping (implemented Angular prototype), and evaluation (usability tests with tasks and focus group).; Condition B: not satisfied - The manuscript does not report designer-experienced constraints (resource limits, participant access issues that hindered design, designer cognitive/skill strain, or technical/process barriers) that affected the designers' ability to perform design activities; participant difficulties reported were user-facing usability problems, not constraints that prevented designers from conducting design work.; Final rationale: Because Condition A is met but Condition B is not (no valid evidence of designer-facing task/constraint during the project), the paper must be excluded under the review criteria.",for Evaluating the Usability of Genomic User Interfaces
"Mirjam M. Garvelink, Julie Emond, Matthew Menear, Nathalie Brière, Adriana Freitas, Laura Boland, Maria Margarita Becerra Perez, Louisa Blair, Dawn Stacey, France Légaré",High,Include,"""HCD_fullcycle"": [""A1 User Involvement: \""we chose an iterative, user-centered design with three cycles in which we partnered with caregivers of frail elderly people, elderly people, and health administrators to understand their needs and goals and incorporate relevant changes in the decision aid (Cycles 1–3)\"" - Methods: Design and development process"", ""A2 Iteration: \""a three-cycle design with involvement of end-users in Quebec. ... Cycle 1: ... Cycle 2: ... Cycle 3: ... After each substantive adjustment, team members met to discuss the changes and next steps (total of 10 meetings).\"" - Methods: Abstract & Design and development process"", ""A3 Lifecycle (Understanding/Ideation/Prototyping/Evaluation): \""Needs assessment ... we interviewed six caregivers ... research team members met with caregivers (n = 5) to understand their experiences\"" (Understanding); \""Drafting a first prototype ... We drafted a first prototype, integrating information from the pilot umbrella review into an existing guide. We adjusted the presentation of information to the target population\"" (Ideation/Concept generation); \""The first prototype was finalized on September 30, 2014\"" and references to Prototype 2 and Final tool (Prototyping); \""Usability testing I ... caregivers and health administrators ... completed a survey\"" and \""Usability testing II Elderly people assessed the final guide\""; also readability and IPDAS assessment (Evaluation) - Methods: Cycle 1/2/3 and Results""], ""TASKS_elements"": [""\""As the overview of reviews did not find definitive evidence regarding optimal locations of care for elderly people, we were not able to add evidence-based advantages and disadvantages to the guide\"" - Cycle 1, Results / Drafting first prototype - This prevented the designers from populating the guide with evidence-based pros/cons and forced adaptation of content (removal of examples and renaming to 'decision guide'), i.e., a constraint that limited planned design activities."", ""\""three health administrators provided qualitative feedback instead of completing the survey. Although this limited our quantitative comparison of data about usability of the guide, it provided us with in-depth informative information that aided its further development.\"" - Limitations / Results Cycle 2 - Participant nonresponse/alternative response limited the designers' quantitative data and constrained their ability to compare usability metrics, affecting evaluation activities."", ""\""The different backgrounds of team members (SDM versus clinical home-care, researchers versus healthcare administrators) also provoked debate about content ... Our solution was to summarize the comments of the end-users, noting who made them and weighing the best solution from different (professional) perspectives ... and hold the final consensus meetings among team members\"" - Discussion - Indicates coordination and stakeholder disagreement challenges experienced by designers that required additional consensus processes (process/technical difficulty).""]}",,Garvelink MM - 2016 - Development of a decision guide to support the elderly in decision making about location of care an.txt,"Condition A: satisfied - The paper documents active end-user involvement (caregivers, health administrators, elderly), explicit iterative cycles (three cycles, multiple meetings), and evidence of all four lifecycle phases (needs assessment, drafting/ideation, prototyping of multiple versions, and usability/readability/IPDAS evaluation).; Condition B: satisfied - Multiple designer-facing constraints are reported: lack of definitive evidence prevented inclusion of evidence-based pros/cons (forced content changes), participant response format limited quantitative evaluation, and stakeholder disagreements required coordination and consensus processes.; Final rationale: The study reports a full user-centered HCD process (A1-A3 satisfied) and explicitly describes barriers and constraints experienced by the design team that affected design and evaluation activities (Condition B). Therefore the paper meets both inclusion conditions.","Development of a decision guide to support the elderly in decision making about location of care: an iterative, user-centered design"
"Ainara Garzo, Paula Alexandra Silva, Nestor Garay-Vitoria, Erik Hernandez, Stephen Cullen, Valérie Cochen De Cock, Petra Ihalainen, Rudi Villing",High,Include,"""HCD_fullcycle"": [""A1 User Involvement: During the BeatHealth project, PwPD, relatives, and health professionals were involved in the design of the application and whole system. - Methods (Design and development process / Research and exploration phase)"", ""A2 Iteration: Over the course of the development and evaluation phase, two iterations of the mobile-phone application design were evaluated and one iteration of the web applications was assessed by PwPD. - Methods (Development & implementation and evaluation phases)"", ""A3 Lifecycle (Understanding/Ideation/Prototyping/Evaluation): Understanding users: \""Ad Hoc Personas, Use Case definitions, interviews, and ethnographic observations were used to define the functional requirements of the system.\"" Ideation & Prototyping: \""Low fidelity prototypes were created for iterative and incremental evaluation with end-users.\"" Evaluation: \""Field trials were also performed with the final system.\"" - Methods / Results summary""], ""TASKS_elements"": [""Recruitment constraint: \""Recruitment of PwPD and health professionals proved to be challenging and for this reason the number of participants was not very high in some cases, especially in the preliminary phases. The main issue recruiting health professional participants was their workload.\"" - Discussion - [Shows a designer-facing barrier: difficulty recruiting participants and clinicians limited designer ability to run planned evaluations and influenced sample sizes and timing]"", ""Cloud sync / data saving problem: \""In practice, there were problems saving data from trials to the cloud early in the evaluation period. These problems were solved during trials but the consequence was that there was much less use of the website by participants than intended. For this reason no data about the usability and utility of the final website could be recorded.\"" - Final implementation and evaluation - [Shows a technical/process barrier experienced by the design team that prevented intended evaluation of the website and reduced designer ability to collect usability data]"", ""Equipment fitting / staffing/time issue: \""Fitting the equipment took approximately 15 minutes due to the number and nature of components required. ... It was noted that this prototype required at least one person experienced in fitting the equipment together with one other person assisting, in addition to the participant.\"" - Methods (Ethnographic observations) - [Shows a practical designer-facing constraint: required extra personnel/time to set up hardware, affecting feasibility and evaluation procedures]"", ""Participant task failure forcing redesign: \""One negative result is that none of the participants succeeded in connecting to WiFi (task number 5) using the standard Android user interface. ... improving the user experience in relation to this task was an important aspect that needed to be addressed in the final version of the mobile application.\"" - Results (Mobile application evaluation—First iteration) - [Shows a usability/technical issue encountered by participants that forced designers to change the app flow and redesign features]""]}",,Garzo et al. - 2018 - Design and development of a gait training system for Parkinson s disease.txt,"Condition A: satisfied - The paper documents explicit user involvement (interviews, ethnographic observations, co-design via paper prototyping), multiple iterative design cycles, and evidence of all four lifecycle phases (understanding, ideation, prototyping, evaluation including field trials).; Condition B: satisfied - Multiple documented constraints affected the designers' ability to perform design and evaluation activities (participant recruitment difficulties, cloud synchronization failures that prevented website evaluation, time/staff burdens for equipment fitting, WiFi connection failures requiring redesign).; Final rationale: The manuscript reports a complete user-centered, iterative HCD process with active stakeholder involvement and explicit iterations, and it also provides multiple concrete examples of designer-facing tasks/constraints that affected the design and evaluation. Therefore it meets both Condition A (full HCD cycle) and Condition B (designer-oriented task elements) and is included.",Design and development of a gait training system for Parkinson’s disease
"James C. Gaudaen, MA; Amy Papadopoulos, DSc; Tee Dockery, MBA; Carl Manemeit, MA",High,Include,"""HCD_fullcycle"": [""A1 User Involvement: \""The development of this interface utilized a user-centered design (UCD) process.\"" - Materials and Methods"", ""A1 User Involvement: \""The team members individually used the device to input casualties and injuries. If they experienced a bug or glitch in the system, they documented the path through the system that led to the bug.\"" - Materials and Methods (User Testing)"", ""A2 Iteration: \""Design solutions were iteratively developed based on two types of usability tests: comparative analysis and user testing.\"" - Materials and Methods"", ""A2 Iteration: \""iterative design modifications were developed starting with low-fidelity paper prototypes and progressing through higher-fidelity prototypes.\"" - Materials and Methods (User Testing)"", ""A3 Lifecycle (Understanding/Ideation/Prototyping/Evaluation): \""User requirements for the CDSS were identified by creating personas...through unstructured interviews of combat medic SMEs assigned to the project.\"" (Understanding) - Materials and Methods (Personal Development)"", ""A3 Lifecycle (Understanding/Ideation/Prototyping/Evaluation): \""A comparative analysis of BATDOK, the TCCC Card, and the Medic CDSS was conducted to look at how well each system met the selected criteria.\"" (Ideation/design decisions) - Materials and Methods (Comparative Analysis)"", ""A3 Lifecycle (Understanding/Ideation/Prototyping/Evaluation): \""iterative design modifications were developed starting with low-fidelity paper prototypes and progressing through higher-fidelity prototypes... Updated outlines of the proposed UI, generally referred to as wireframes, ... were developed using the prototyping software Justinmind... The wireframes were coded into a new Android Application Package that was retested for bugs or potential enhancements.\"" (Prototyping) - Materials and Methods (User Testing)"", ""A3 Lifecycle (Understanding/Ideation/Prototyping/Evaluation): \""Through testing of the tree and node system, the initial font was found to be too small for most users. This was remedied by increasing the size of the font...\"" (Evaluation leading to refinements) - Results (User Testing)""], ""TASKS_elements"": [""\""No formalized user testing was performed for this project.\"" - Limitations - This indicates a limitation that affected designers' ability to perform formal evaluation activities and validate changes."", ""\""There were also relatively few users of the system. ... This system was assessed by the same SMEs every time a new prototype was developed.\"" - Limitations - Shows participant access/recruitment issues that constrained iterative testing and diversity of feedback available to designers."", ""\""Table-top simulations were the primary method of user testing for this system. No care was being provided while simultaneously using this system.\"" - Limitations - Indicates testing context constraints that prevented realistic evaluation and limited designers' ability to observe real-world use."", ""\""The SMEs interviewed during the persona development were members of the team developing this prototype system. These biases could have led to very broad definitions of the user types.\"" - Limitations - Designer-facing bias that limited accurate persona development and thereby constrained design decisions."", ""\""The initial scope of the project was to integrate with pre-existing electronic documentation systems such as the ... BATDOK. Therefore, only a rudimentary interface for testing the rules was created. As development proceeded, it became apparent that a standalone interface was needed for the system.\"" - Background/Materials and Methods - Shows an integration/scope issue that forced the team to change planned development approach (process/technical constraint).""]}",,Gaudaen J.C. et al. - 2023 - Usability Enhancements to a Prototype Clinical Decision Support System for Combat Medics.txt,"Condition A: satisfied - The paper documents user-centered design activities including persona development from SME interviews (understanding), comparative analysis and derived design enhancements (ideation), low- to high-fidelity prototyping and wireframes/APK development (prototyping), and iterative user testing with refinements (evaluation).; Condition B: satisfied - The Limitations and Methods sections report designer-facing constraints: lack of formalized testing, few and non-diverse participants assessed repeatedly, reliance on table-top simulations lacking realism, team-member SME bias in persona creation, and an initial integration/scope change that required shifting to a standalone interface.; Final rationale: The study describes a full HCD cycle (user involvement, explicit iteration, and all four lifecycle phases) and provides multiple explicit statements of designer-experienced constraints that limited testing, participant access, and realism; therefore it meets both Condition A and Condition B and should be included.",Usability Enhancements to a Prototype Clinical Decision Support System for Combat Medics
Francesco Gherardini; Cristina Renzi; Francesco Leali,High,Include,"""HCD_fullcycle"": [""A1 User Involvement: \""the user becomes an actor in the definition of the product requirements, as well as in the evaluation of the concept and design alternatives and of the final prototype.\"" - Section 3 Methodological framework"", ""A1 User Involvement (case evidence): \""the hospital personnel of different health institutes have been involved in the design process as expert users.\"" - Section 4 Case study"", ""A2 Iteration: \""In subphase 1A, due to the operating context, many latent needs are expected, so a three-step elicitation sequence is proposed, based on brainstorming, Web forum/scenario and survey.\"" and \""In subphase 1C, the users are required to express preferences on the six concept alternatives by a two-step elicitation sequence.\"" - Section 4 Case study (shows multiple rounds of user feedback and refinement)"", ""A2 Iteration (outcome): \""a consistent TTM reduction is noted, even if in presence of a major number of intermediate iterations with users.\"" - Section 5 Discussion (explicit mention of multiple intermediate iterations)"", ""A3 Lifecycle - Understanding users: \""This subphase is aimed at gathering the voice of the user and, subsequentially, at translating user needs into technical requirements.\"" - Section 3 Phase 1 Subphase 1A"", ""A3 Lifecycle - Ideation: \""The objective of this subphase is the definition of conceptual design alternatives (or concept alternatives). To this aim, the actor designer performs an action of concept generation.\"" - Section 3 Phase 1 Subphase 1B"", ""A3 Lifecycle - Prototyping (modelling/virtual prototype): \""The action of modelling is used in the generation of both conceptual design alternatives and the virtual prototype. It is usually carried out by means of parametric 3D CAD modellers.\"" and \""the output is a virtual prototype, which is subjected to a last action of elicitation by the actor user\"" - Section 3 Methodological framework and Section 3.3 Phase 3"", ""A3 Lifecycle - Evaluation: \""users are required to express preferences on the six concept alternatives by a two-step elicitation sequence... their preferences are collected by means of a Web questionnaire\"" and \""A final elicitation of user feedback is carried out by virtual prototyping and a Web survey.\"" - Section 4 Case study""], ""TASKS_elements"": [""\""This context is characterized by limited financial resources; reduced human resources, which require employees to simultaneously play multiple roles; centralized decision-making; short process durations; limited IT and software resources and lack of systematic approach in most processes.\"" - Section 5 Discussion - This lists resource limits and limited IT/software that constrained the SME design team and affected how they carried out design activities"", ""\""Due to the different geographical locations of the users, a communication support is required to enhance the communication between themselves and between them and the designers.\"" - Section 4 Case study - This describes participant geographic dispersion that created a barrier to direct communication and iteration, forcing designers to adopt Web tools"", ""\""The designers have expertise in the application of the QFD method but, due to the difficulties in the prioritization of the user needs, they rarely use it.\"" - Section 4 Case study - This indicates a skills/knowledge gap or difficulty experienced by the designers in applying a standard method within the project"", ""\""the designer's knowledge on the design and decisional methods, which could affect the efficiency of the framework. Sometimes, a previous training on the methods would be required for the designers.\"" - Section 5 Discussion - Explicitly identifies designer skill/knowledge limitations that affected implementation""]}",,Gherardini et al. - 2017 - A systematic user centred framework for engineering product design in small and medium sized enterpr.txt,"Condition A: satisfied - The paper documents active user involvement across multiple phases (elicitation, judging concepts, final virtual-prototype feedback), explicit iterative cycles (multiple elicitation rounds, intermediate iterations), and evidence of all four lifecycle activities (understanding users, ideation/concept generation, prototyping with CAD/virtual prototypes, and evaluation via questionnaires and user feedback).; Condition B: satisfied - The paper reports concrete constraints experienced by the SME design team during the project (limited financial and human resources, limited IT/software, geographically dispersed users requiring communication support) and notes designers' difficulties with certain methods and need for training, which affected their design activities.; Final rationale: Both the full HCD cycle (A) and designer-experienced task/constraint elements (B) are clearly evidenced in the Methods, Case Study, and Discussion sections; therefore the study meets inclusion criteria.",A systematic user-centred framework for engineering product design in small- and medium-sized enterprises (SMEs)
"Anik M. C. Giguere, Moulikatou Adouni Lawani, Émilie Fortier-Brochu, Pierre-Hugues Carmichael, France Légaré, Edeltraut Kröger, Holly O. Witteman, Philippe Voyer, Danielle Caron, Charo Rodríguez",High,Include,"""HCD_fullcycle"": [""A1 User Involvement: \""We will recruit 49 clinicians and 27 senior/caregiver to participate in three cycles of design-evaluation-feedback of each intervention components.\"" - Abstract/Methods"", ""A2 Iteration: \""This iterative process will continue until: (1) we observe indications of good usability and no significant problems; (2) users report that they intend to engage in shared decision-making; or (3) we have conducted a maximum of three rounds of design-evaluation-feedback\"" - User-centered and theory-based tailoring (Phase 1)"", ""A3 Lifecycle (Understanding/Ideation/Prototyping/Evaluation): \""The objectives of the 45-min interview will be to: (1) identify the decision-making needs of participants relative to the decision presented in the P-DB; (2) distinguish the reasons influencing their decisions relative to the clinical situation presented; and (3) solicit feedback on changes needed to improve the usability of the P-DB.\"" AND \""In phase 1, we will use user-centered approaches to design: (1) five DB prototypes for clinicians (C-DB); (2) five DB prototypes for patients and their informal caregivers (P-DB); and (3) a 70-min e-learning professional program on shared decision-making (e-TUDE).\"" AND \""We will then modify the intervention by adding/enhancing behavior-change techniques... We will evaluate the effectiveness of this tailored intervention before/after implementation, in a two-armed, clustered randomized trial.\"" - Phase 1: user-centered design / Prototype development / Abstract/Methods / Phase 2 RCT""], ""TASKS_elements"": [""\""Because of recruitment challenges in this vulnerable population, we assess only three of the five P-DBs developed.\"" - Phase 1 Patient-decision box (P-DB) tailoring - This indicates participant access issues that forced the designers to limit the number of patient decision boxes they could evaluate, directly constraining the design/evaluation activities."", ""\""We cannot control if the clinicians will complete the distance training program and offer the DBs to their patients\"" - Strengths and limitations - This describes a process/participant-engagement constraint affecting designers' ability to ensure implementation and to collect iterative usage/evaluation data.""]}",,Giguere AMC - 2018 - Tailoring and evaluating an intervention to improve shared decision making among seniors with dement.txt,"Condition A: satisfied - The protocol documents active user involvement (clinicians, patients, caregivers) in co-design and think-aloud sessions (A1), explicit iterative cycles with up to three rounds of design-evaluation-feedback (A2), and shows the complete lifecycle: understanding users via interviews/need assessment, ideation/prototype creation of C-DB/P-DB/e-TUDE, prototyping, and evaluation including usability testing and a clustered RCT (A3).; Condition B: satisfied - The manuscript reports concrete designer-facing constraints: recruitment challenges in the vulnerable patient population that reduced P-DB evaluation scope, and concerns about clinicians completing training/offering tools, both of which affected designers' ability to perform design/implementation activities.; Final rationale: The study is a primary user-centered design and implementation project (not a meta-study), meets all Full HCD Cycle criteria, and reports at least one clear designer-experienced constraint affecting design activities, so it should be included.","Tailoring and evaluating an intervention to improve shared decision-making among seniors with dementia, their caregivers, and healthcare providers: study protocol for a randomized controlled trial"
,High,Exclude,"""HCD_fullcycle"": [""A1 User Involvement: \""Patient and provider stakeholders provide input on design, layout and informational content of the tool\"" - Phase II"", ""A2 Iteration: \""Iterative design process using a storyboard method\"" - Phase II"", ""A3 Lifecycle (Understanding/Ideation/Prototyping/Evaluation): \""Phase I: Mixed methods design to explore how women use their mobile devices and their preferences for support after an abortion - Waiting-room survey [n=50] and individual semi-structured interviews [n=20]\""; \""Phase II: Iterative design process using a storyboard method ... Usability testing [n = 9]\""; \""Phase III: Prospective cohort mixed methods pilot study to demonstrate feasibility and acceptability of intervention\"" - Phases I, II, III""], ""TASKS_elements"": []}",No evidence of designer-facing difficulties or constraints,Gill RK - 2019 - Feasibility and Acceptability of a Mobile Technology Intervention to Support Postabortion Care The F.txt,"Condition A: satisfied - The study reports active user/stakeholder input (Phase II), an explicit iterative design process, and activities covering understanding (Phase I), ideation/prototyping (Phase II storyboard), and evaluation (usability testing and pilot Phase III).; Condition B: not satisfied - No statements in the provided Methods, Results, Discussion, Conclusion, or Limitations text describe difficulties, constraints, or barriers experienced by designers during the project (e.g., resource limits, participant access problems, cognitive strain, skill gaps, or process/technical issues).; Final rationale: Although the paper describes a full HCD cycle with user involvement and iteration, there is no evidence in the provided text of designer-facing tasks or constraints; therefore it must be excluded.",FACTS three phase study
Manuel Giuliani; Dorota Szczeńsniak-Stańczyk; Nicole Mirnig; Gerald Stollnberger; Malgorzata Szyszko; Bartlomiej Stańczyk; Manfred Tscheligi,High,Include,"""HCD_fullcycle"": [""A1 User Involvement: \""During the three-year development of the robot, we involved users in all development stages of the robot... For requirement compilation, we conducted a literature review, observed two traditional examinations, arranged focus groups with doctors and patients, and conducted two online surveys. During the development of the robot, we regularly involved doctors in usability tests to receive feedback from them on the user interface for the robot and on the robot’s hardware.\"" - Analysis: user requirements (Section 4) and Design: iterative, user-centred robot development (Section 5)"", ""A2 Iteration: \""The doctors provided their feedback on an ongoing basis as soon as the engineers reached a new stage in the system design process... The feedback and comments by the doctors were very valuable and led to changes in system design for the second prototype of the ReMeDi system.\"" - Design: iterative, user-centred robot development (Section 5, 5.2)"", ""A3 Lifecycle (Understanding/Ideation/Prototyping/Evaluation): \""As first step in our user-centred design process, we conducted an extensive user requirement analysis... we organised two workshops with doctors... two focus groups with patients... we implemented the user requirements in the first prototype of the ReMeDi robot... we changed the procedure ... solved the synchronisation problem ... We tested the second prototype of the ReMeDi system ... and we used eye tracking to compare this remote examination to a traditional examination.\"" - Analysis (Section 4), Design/Prototyping (Section 5/5.2), Evaluation/Eye tracking studies (Section 6)""], ""TASKS_elements"": [""\""we found that some of the methods needed to be adjusted to the medical context... it is best to move the robot near the doctors in order to reduce the time and labour that doctors had to invest and to increase the potential to collect valuable user feedback.\"" - Discussion (Section 7.2) - Why it shows a designer barrier: indicates resource/time/labour constraints and the need to adapt UCD methods due to clinicians' hectic schedules, which limited straightforward user involvement and forced changes to the design process."", ""\""During the remote examination, a majority of the participants (10 out of 12 doctors) had problems with synchronising the haptic input device to the robot arm... doctors reported a noticeable delay between moving the robot arm with the haptic interface and receiving visual feedback... Six doctors pointed out that it would be useful to have a visual indicator for the forces the robot arm applies to the patient’s body.\"" - Robot prototype evaluation results (Section 5.2) - Why it shows a designer barrier: documents technical/process issues (haptic synchronisation, latency, missing force visualization) that the design team had to address and that constrained safe/effective evaluation and required redesign."", ""\""All doctors commented that the robot arm in the first prototype of the ReMeDi system was too loud... The doctors found that it would be desirable to separate control of the robot arm rotation from robot arm movement... the robot's workspace did not cover the entire examination area... the robot sometimes moved rapidly and unpredictably, which could potentially lead to harming the patient.\"" - Robot prototype evaluation results (Section 5.2) - Why it shows a designer barrier: identifies safety, ergonomic and workspace limitations that forced redesign of hardware and kinematics, impacting development choices."", ""\""We did not have real patients as participants in the remote examination study... We did not include real patients in this study due to safety concerns, the ReMeDi robot was not certified for clinical trials when we executed the study...\"" - Limitations (Section 7.3) - Why it shows a designer barrier: a regulatory/safety constraint prevented designers from conducting full clinical evaluation with real patients, limiting their ability to evaluate and iterate under real clinical conditions.""]}",,Giuliani et al. - 2020 - User centred design and evaluation of a tele operated echocardiography robot.txt,"Condition A: satisfied - The paper documents active user involvement (workshops, focus groups, surveys, iterative usability tests) (A1), explicit iterative refinement between prototypes (A2), and evidence of the full lifecycle: user analysis, ideation/design activities, prototyping (two prototypes) and evaluation (usability tests and two eye-tracking studies) (A3).; Condition B: satisfied - The paper reports multiple designer-facing constraints: resource/time/labour limits requiring adjustments to UCD methods and on-site testing logistics; technical/process issues (haptic synchronisation, latency, noisy/unreliable robot arm, limited workspace) that required redesign; and safety/regulatory limits that prevented using real patients in remote evaluation.; Final rationale: All three HCD components are present and well documented, and there is clear evidence of designer-experienced constraints (resource, participant access, technical and safety issues) that affected the development and evaluation process. Therefore the study meets both Condition A and Condition B and should be included.",User-centred design and evaluation of a tele-operated echocardiography robot
Goode AD; Frith M; Hyne SA; Burzic J; Healy GN,High,Include,"""HCD_fullcycle"": [""A1 User Involvement: [\""Workplace end users including champions, management and staff were also represented ... Provided formal and informal feedback via online survey data, email and phone feedback, direct discovery interviews\"" - Methods 2.1; Methods 2.2.1: direct discovery interviews and field visits; Table 1]"", ""A2 Iteration: [\""The process of gaining feedback was iterative, and included multiple stakeholders\"" and descriptions of iterative prototyping, workshops and high fidelity prototype testing (e.g., 'Engage in iterative development', 'Engage in cycles of rapid prototyping') - Methods 2.2; Table 2]"", ""A3 Lifecycle (Understanding/Ideation/Prototyping/Evaluation): [Understanding users: 'Direct discovery interviews and field visits' with managers, champions and staff to understand engagement and barriers - Methods 2.2.1; Ideation: 'User journey maps and personas ... Mock-ups of the user journeys ... wireframes and prototypes' - Methods 2.2; Prototyping: 'Mock-ups of the toolkit elements and collateral were created by the interaction designer and feedback sought' - Table 2; Evaluation: reporting of staff survey pre- and post-program, soft-launch beta testing with early adopters, and 'High fidelity prototype testing' once changes were integrated - Results and Methods 2.3]""], ""TASKS_elements"": [""\""The coordination of a large (10–15 person) team across diverse disciplines and holding distinct perspectives and needs was challenging.\"" - Discussion - Why: indicates designers experienced coordination/process burden and difficulty integrating multidisciplinary input (process/coordination constraint)"", ""\""This occasionally conflicting feedback needed to be considered in the context of other considerations, including alignment with research aims and budgetary, technological and timeline constraints. Consequently, not all feedback was considered equally.\"" - Discussion - Why: explicitly describes resource, technological and timeline constraints that limited designers' ability to incorporate all user feedback (resource/constraint impacting design decisions)"", ""\""...the majority of the ones not used either not being applicable to this stage of optimisation or too time intense and costly to undertake.\"" - Results (Table 2 summary) - Why: shows certain UCD strategies were excluded due to time and cost, indicating resource limits experienced by the design team (resource limitation)""]}",,Goode et al. - 2022 - Applying a User Centred Design Approach to Optimise a Workplace Initiative for Wide Scale Implementa.txt,"Condition A: satisfied - Methods and Results document active user involvement (surveys, discovery interviews, workshops), explicit iterative refinement cycles (prototyping, feedback, redesign), and evidence of all four lifecycle phases (understanding users, ideation, prototyping, evaluation with soft-launch and pre/post surveys).; Condition B: satisfied - Multiple statements describe constraints and difficulties experienced by the design team (coordination challenges, budgetary/technological/timeline constraints, resource-intensive methods omitted), meeting the TASKS criteria.; Final rationale: The paper reports the authors' own iterative UCD process with end-user involvement across ideation, prototyping and evaluation, and explicitly documents designer-facing constraints that affected design activities; therefore both Condition A and B are met and the study should be included.",Applying a User Centred Design Approach to Optimise a Workplace Initiative for Wide-Scale Implementation
Andrea K Graham; Sean A Munson; Madhu Reddy; Sarah W Neubert; Emilie A Green; Angela Chang; Bonnie Spring; David C Mohr; Jennifer E Wildes,High,Exclude,"""HCD_fullcycle"": [""A1 User Involvement: \""participants were asked to 'try making one change' to help with weight and binge eating by selecting and implementing a strategy for 1 week... participants were prompted to select one strategy from 20 options... Using the 'think aloud' design technique, participants recorded a video while picking their strategy, talking aloud about their thought process as they made their choice.\"" - Methods: Prototyping Activity / Selecting a Strategy"", ""A2 Iteration: \""The first 3 weeks comprised a needs assessment to learn about participants’ experiences with obesity and binge eating, strategies they have used to address these problems, and ideas for managing weight and eating. This paper focuses on the prototyping design activity that occurred in the final 1.5 weeks when participants were asked to 'try making one change' to help with weight and binge eating by selecting and implementing a strategy for 1 week.\"" - Methods: Procedure / Prototyping (shows stages but no explicit repeated design-redesign cycles)"", ""A3 Lifecycle (Understanding/Ideation/Prototyping/Evaluation): \""The first 3 weeks comprised a needs assessment to learn about participants’ experiences... (Understanding). Participants were asked to select one strategy from 20 options to practice for the week (Ideation/choice among concepts). Dscout was leveraged as a low-fidelity prototype to gain rapid insights for designing the delivery of strategies in the mobile intervention (Prototyping). Over the next week, participants submitted entries showing moments in which they practiced or were struggling to practice their strategy... At the end of the week, participants recorded a video reflecting on how the experience went... and reported their weight and number of binge eating episodes over the past week (Evaluation).\"" - Methods: Procedure / Prototyping Activity""], ""TASKS_elements"": [""\""Because procedures occurred remotely using an existing platform (ie, dscout), the research team was unable to ask clarifying or follow-up questions about participant entries, which may have limited the number and depth of insights generated.\"" - Limitations - Why it shows a designer barrier: inability to probe participants limited designers' ability to gather depth needed for design decisions and constrained the design evaluation process."", ""\""Participation was ended early for 3 individuals who stopped completing study procedures. No reasons for discontinuation were provided.\"" - Methods: Enrollment - Why it shows a designer barrier: participant drop-outs reduced available user data and may have limited iterative insight and sampling diversity available to designers."", ""\""Although a 1-week observation period was used to gain rapid insights into strategy selection and implementation, this timeframe may have been too short for users to confidently assess the strategy’s efficacy. The study cannot inform how users will iterate on their experiences implementing strategies or whether they will sustain engagement with implementing self-selected strategies over a longer duration.\"" - Limitations - Why it shows a designer barrier: short timeframe constrained designers' ability to evaluate longer-term implementation, iteration, and sustained engagement, limiting design decisions regarding iterative support structures.""]}",Condition A not satisfied: No explicit repeated refinement/design-redesign cycles reported (iteration criterion not met).,Graham et al. - 2021 - Integrating User Centered Design and Behavioral Science to Design a Mobile Intervention for Obesity.txt,"Condition A: not satisfied - While the study demonstrates user involvement and evidence of the four lifecycle phases (needs assessment, concept/strategy selection, prototyping via dscout, and short-term evaluation), it does not report explicit repeated refinement cycles or multiple design-redesign rounds conducted by the research team (no clear iterative feedback->redesign->retest sequence).; Condition B: satisfied - The paper reports concrete constraints experienced by the design team (inability to ask follow-up questions due to the remote platform, participant drop-outs, and a too-short observation period) that limited designers' ability to perform design activities and evaluate iteration.; Final rationale: Because the review's inclusion rules require all components of Condition A (including explicit iteration) and Condition B, and this paper lacks clear evidence of explicit repeated design-refinement cycles, it does not meet Condition A despite meeting other HCD lifecycle elements and meeting Condition B. Therefore it is excluded.",Integrating User-Centered Design and Behavioral Science to Design a Mobile Intervention for Obesity and Binge Eating: Mixed Methods Analysis
Rebecca Green; Amanda Buckley; Bradley Scott,High,Exclude,"""HCD_fullcycle"": [""A1 User Involvement: 'We performed early user research with 72 ED physicians across the United States, Canada, the United Kingdom, and Australia.' - Early User Research"", ""A2 Iteration: 'We conducted the formative usability sessions during two development iterations, resulting in more than 30 usability findings.' - Iterative Design"", ""A3 Lifecycle (Understanding/Ideation/Prototyping/Evaluation): 'During the design and development process, we carried out usability activities to support understanding of the user through early user research, create a vision of the user’s work flow through iterative design, develop a solution and verify the design through usability testing, and deliver the results as a refined user experience.' - The Process""], ""TASKS_elements"": []}",Condition B not satisfied — no designer-facing task constraints or barriers reported in Methods/Results/Discussion/Limitations.,Green R. et al. - 2015 - Tracking Care in the Emergency Department.txt,"Condition A: satisfied - The paper reports active user involvement (early research with 72 physicians), explicit iterative cycles (multiple development iterations and iterative usability testing), and a complete lifecycle including understanding, ideation (storyboards/sketches), prototyping/iterations, and evaluation (formative and summative usability tests).; Condition B: not satisfied - The manuscript does not report constraints, barriers, or difficulties experienced by the design team (no evidence of resource limits, participant access problems that limited designers, cognitive/skill gaps among designers, or process/technical issues that impeded the design process).; Final rationale: Although the study clearly documents a full user-centered design cycle (Condition A), it provides no explicit evidence of designer-facing task elements or constraints required for Condition B. Therefore it does not meet all inclusion criteria and is excluded.",Tracking Care in the Emergency Department
"Ashley Gresh, Anne Batchelder, Nancy Glass, Janet Mambulasa, Esnath Kapito, Amy MacDonald, Nellie Ngutwa, Cori Plesko, Ellen Chirwa, Crystal L. Patil",High,Exclude,"""HCD_fullcycle"": [""A1 User Involvement: \""Stakeholders worked collaboratively to co-create the prototype that included a curriculum of health promotion topics and interactive activities and the service delivery structure.\"" - Abstract/Results"", ""A2 Iteration: \""Incubator session data analysis was iterative and included continuous data integration and consultation with key stakeholders.\"" - Methods, Step 4; \""The expert review process happened over a period of several months and involved multiple rounds of review\"" - Results (The prototype)"", ""A3 Lifecycle (Understanding/Ideation/Prototyping/Evaluation): \""In-depth interviews (n=24), and incubator sessions (n=6) ... were completed with key stakeholders\"" (Understanding users & data gathering) - Abstract/Methods Step 2; \""Incubator sessions ... emphasis was on developing the health promotion content, interactive learning activities, and structure of the group postpartum/well-child care model through brainstorming, co-creation, and finding solutions.\"" (Ideation) - Methods Step 4; \""As part of Step 4, a curriculum and implementation structure prototype for group postpartum/well-child care was produced. The prototype consisted of a facilitator’s guide outlining each of the six visits...\"" (Prototyping) - Results; \""The fifth step is detailed in a separate paper...the finalised facilitator’s guide ... is ready for the final step in the AHEAD framework which includes a pilot test and evaluation.\"" (No evaluation/pilot reported in this paper) - Abstract/Results""], ""TASKS_elements"": [""\""This approach is time intensive\"" - Discussion, Lessons learned and implications for practice - Why it shows a designer barrier: team reports the process required substantial time resources, indicating a resource/time constraint experienced by the design team."", ""\""Convenience sampling was used to recruit health care workers since there are a limited number of health care workers with group healthcare experience and that are working in postpartum and well-child care at each of the three clinics.\"" - Methods, Sample and recruitment - Why it shows a designer barrier: limited access to experienced participants constrained recruitment choices and affected how the designers assembled stakeholder input.""]}",Condition A not satisfied: evaluation/pilot testing (the AHEAD Step 5) was not conducted or reported in this paper (stated as detailed in a separate paper).,Gresh et al. - 2023 - Adapting group care to the postpartum period using a human centered design approach in Malawi.txt,"Condition A: not satisfied - The study documents understanding users (in-depth interviews), ideation (incubator sessions), and prototyping (facilitator's guide), but does not report an evaluation phase (pilot testing/user evaluation) within this paper; evaluation is deferred to a separate paper.; Condition B: satisfied - The manuscript reports designer-facing constraints (time-intensive process and limited access to experienced health workers for recruitment), which are barriers experienced by the design team during this project.; Final rationale: Because the full HCD cycle criterion (Condition A) is not met in this paper due to the absence of an evaluation/pilot phase, the study is excluded despite meeting Condition B (designer-experienced constraints).",Adapting group care to the postpartum period using a human‑centered design approach in Malawi
Sandeul Ha; Seung Hee Ho; Young-Hyeon Bae; Minyoung Lee; Ju Hee Kim; Ju Han Kim; Jisan Lee,High,Include,"""HCD_fullcycle"": [""A1 User Involvement: \""User needs were derived using the following stages: brainstorming and mind mapping, persona and scenario, and developing a user needs list\"" - Methods: Step 1: Deriving User Needs"", ""A2 Iteration: \""Usability evaluation was performed 3 times: before, during, and after the intervention.\"" - Methods: Step 5: Usability Evaluation for App Users"", ""A3 Lifecycle (Understanding/Ideation/Prototyping/Evaluation): \""Step 1: Deriving User Needs\""; \""Step 2: Designing Daily Healthcare 2.0\""; \""Step 4: Developing Daily Healthcare 2.0\""; \""Step 5: Usability Evaluation for App Users\"" - Methods: Steps 1, 2, 4, and 5 (needs assessment/personas = understanding; brainstorming/UI design = ideation; app development/UX/UI = prototyping; expert heuristic and multi-time usability tests = evaluation)""], ""TASKS_elements"": [""\""3 caregiver app participants who did not actively engage in the program for more than 5 days were excluded from the analysis of the results\"" - Methods/Results: Step 5: Usability Evaluation for App Users - This shows participant drop-outs that reduced available data and forced exclusion, limiting the designers' usability evaluation and data for iterative refinement."", ""\""First, this study involved participants without disability in the usability evaluation, although the platform was designed for individuals with disability and their caregivers.\"" - Discussion/Limitations: Strengths and Limitations - This limitation indicates designers could not evaluate with the intended target user group, constraining representative feedback and affecting design validation."", ""\""the Daily Healthcare 2.0 app was developed for the Android platform, and the use of IoT devices was limited.\"" - Discussion/Limitations: Strengths and Limitations - This technical/platform limitation constrained designers' ability to deploy cross-platform and integrate a broader range of devices, limiting real-world applicability and testing.""]}",,Ha et al. - 2023 - Digital Health Equity and Tailored Health Care Service for People With Disability User Centered Desi.txt,"Condition A: satisfied - The Methods report active user involvement in co-design activities (brainstorming, personas, UI sketches), explicit iterative cycles including expert heuristic evaluation and design modification, and a complete lifecycle comprising user understanding, ideation, prototyping (app development), and evaluation (expert heuristics and multi-time usability testing).; Condition B: satisfied - The paper documents designer-facing barriers: participant drop-outs that forced exclusions from analysis, conducting usability tests with non-target participants (people without disability) limiting representative evaluation, and technical/platform constraints (Android-only and limited IoT integration) that restricted implementation and testing.; Final rationale: Both Condition A (full HCD cycle with user involvement and iteration) and Condition B (at least one designer-experienced constraint affecting the design/evaluation process) are met based on statements in Methods, Results, and Limitations; therefore the study should be included.",Digital Health Equity and Tailored Health Care Service for People With Disability: User-Centered Design and Usability Study
"Emily R. Haines, Alex Dopp, Aaron R. Lyon, Holly O. Witteman, Miriam Bender, Gratianne Vaisson, Danielle Hitch, Sarah Birken",Medium,Include,"""HCD_fullcycle"": [""A1 User Involvement: \""Throughout the project, the investigator team presented prototypes and other information to the design team and, based on their interactions with prototypes and collaborative discussion, made iterative improvements to NA-SB design and implementation strategies.\"" - Methods (Multidisciplinary design team / Overview)"", ""A2 Iteration: \""We conducted three rounds of usability testing to examine user interactions with the CNQ-YP: (1) an online survey assessing young adults’ needs and preferences..., (2) cognitive interviews with young adults..., and (3) concept mapping...\"" and \""Through two 3-h workshops, our design team collaboratively redesigned the CNQ-YP...\"" - Methods (Review and refine prototypes; Design team workshops)"", ""A3 Lifecycle (Understanding/Ideation/Prototyping/Evaluation): \""we used usability testing to redesign and augment an existing patient-reported outcome measure that served as the basis for our intervention to optimize its usability and usefulness, ethnographic contextual inquiry to prepare the context..., and iterative prototyping workshops with a multidisciplinary design team to design the care coordination intervention and anticipate implementation strategies needed to enhance contextual fit.\"" - Abstract / Methods""], ""TASKS_elements"": [""\""where voting was split (i.e., greater than two design team members in opposition), we discussed further until the design team reached consensus.\"" - Design team workshop #1 - This indicates designers faced conflicting or divergent feedback that required additional discussion and decision-making effort (cognitive/process constraint experienced during the project)."", ""\""For example, providers reported the importance of integrating new tools into the electronic medical record; we translated this into the requirement that NA-SB interfaces with NCCH’s electronic medical record.\"" - Methods (Identify user and contextual requirements) - This shows a technical/process constraint (need to integrate with EMR) that forced designers to adapt the design to accommodate technical integration requirements."", ""\""NA-SB—a tool that spans across multiple domains of care—will require the cooperation of multiple departments and disciplines; although users are more likely to buy into a usable and useful tool ... additional implementation strategies targeting cross-department buy-in may be required.\"" - Discussion - This describes a coordination/organizational constraint encountered in planning (requiring designers to anticipate and plan for cross-departmental buy-in and additional strategies)."", ""\""Embedding the extensive engagement UCD requires can sometimes be costly and time-intensive. Additionally, this level of engagement places issues of sampling and recruitment at the forefront.\"" - Discussion / Table 3 - This reflects resource and recruitment constraints associated with applying UCD in the project context (resource limits affecting design activities).""]}",,Haines et al. - 2021 - Harmonizing evidence based practice implementation context and implementation strategies with user c.txt,"Condition A: satisfied - The project documents active user involvement (surveys, cognitive interviews, guided tours, design team of users), explicit iteration (three rounds of usability testing plus iterative prototyping workshops), and evidence of the full lifecycle (contextual inquiry/understanding, concept mapping and workshops for ideation, prototypes of the NA-SB, and usability/cognitive evaluation).; Condition B: satisfied - The manuscript reports designer-facing constraints experienced/planned for in the project (divergent feedback requiring consensus processes; technical requirement to integrate with the electronic medical record; need for cross-departmental cooperation and buy-in; and resource/recruitment/time constraints associated with intensive UCD engagement).; Final rationale: The paper describes an author-led, three-phase UCD process with active user co-design, multiple explicit iterations, and full-cycle activities (understanding, ideation, prototyping, evaluation). It also documents concrete designer-oriented constraints and adaptations encountered or anticipated during the project, meeting both Condition A and Condition B; therefore it should be included.","Harmonizing evidence-based practice, implementation context, and implementation strategies with user-centered design: a case example in young adult cancer care"
"Teresa Hall, Sarah Loveday, Sandie Pullen, Hayley Loftus, Leanne Constable, Kate Paton, Harriet Hiscock",High,Include,"""HCD_fullcycle"": [""A1 User Involvement: \""Local families, community members and intersectoral practitioners were engaged at each stage.\"" - Research methods / Overview"", ""A2 Iteration: \""The co-design team undertook seven full-day co-design workshops over 10 weeks ... During the workshops, each E theme was developed using a human-centred design process and tools: empathize, define the problem, ideate, prototype and test.\"" - Stage 4: Co-design workshops and consultations"", ""A3 Lifecycle (Understanding/Ideation/Prototyping/Evaluation): \""Stage 2 involved formative research including individual and group interviews, observation and an online consensus study... Stage 3: personas and client journeys... Prototype: 'The prototype step involved the team members working in small groups to create an early sample or model (e.g., videos, flyers, hardcopy materials, sketches)'... Evaluation: 'The co-design workshops were evaluated using the 21-item Public and Patient Engagement Evaluation Tool (PPEET)'.\"" - Stages 2, 3 and 4 (Research methods / Stage 2 / Stage 3 / Stage 4)""], ""TASKS_elements"": [""\""Resourcing (i.e., time, human resources) was a challenge to the co-design process.\"" - Results: Challenges - Why it shows a designer barrier: explicitly describes lack of time/human resources that constrained the design team's ability to plan and execute co-design activities."", ""\""We also had to exclusively engage stakeholders online which limited our engagement with community members in the early part of the project because we could not rely on ‘hanging out’ at community services or warm face-to-face connections with clients through Hub practitioners.\"" - Results: Challenges - Why it shows a designer barrier: pandemic-driven remote engagement prevented planned in-person methods, limiting designers' ability to gather user input and iterate as intended."", ""\""It was very intensive and I felt like I was neglecting my work. The turnaround times were a bit short to do the prototyping.\"" (Practitioner #3, workshop notes) - Results: Challenges - Why it shows a designer barrier: practitioner/designer reports time burden and insufficient turnaround for prototyping, forcing adaptation of the process.""]}",,Hall et al. - 2023 - Co designing an Integrated Health and Social Care Hub With and for Families Experiencing Adversity.txt,"Condition A: satisfied - Clear evidence that users actively shaped the design (co-design workshops, community conversations, user testing), that the process was iterative (multiple workshops and explicit empathize/ideate/prototype/test cycles), and that all four lifecycle phases were present (formative understanding, ideation, prototyping, and evaluation via PPEET and user testing).; Condition B: satisfied - Multiple documented constraints experienced by the design team (resourcing/time limits, COVID-driven shift to online engagement limiting early engagement, practitioners' workload/conflicting commitments) that affected their ability to carry out design activities.; Final rationale: The paper reports a full HCD cycle with active user involvement and explicit iteration, and documents designer-facing constraints that impacted the co-design process; therefore it meets both Condition A and Condition B and should be included.",Co-designing an Integrated Health and Social Care Hub With and for Families Experiencing Adversity
Andrea L. Hartzler; Shomir Chaudhuri; Brett C. Fey; David R. Flum; Danielle Lavallee,Medium,Exclude,"""HCD_fullcycle"": [""A1 User Involvement: \""Through three major steps, we engaged health care professionals in targeted, iterative design activities to inform the development of a PRO Dashboard\"" - Methods"", ""A2 Iteration: \""we engaged... in targeted, iterative design activities\"" - Methods"", ""A3 Lifecycle (Understanding/Ideation/Prototyping/Evaluation): \""Design activities to engage health care administrators, providers, and staff guided our work from design concept to specifications for dashboard implementation.\"" - Findings""], ""TASKS_elements"": []}",Insufficient evidence of a complete HCD lifecycle (missing explicit prototyping and evaluation) and no reported designer-facing task constraints,Hartzler AL - 2015 - Integrating Patient Reported Outcomes into Spine Surgical Care through Visual Dashboards Lessons Lea.txt,"Condition A: not satisfied - While the text indicates user involvement and iterative activities (A1 and A2), there is insufficient explicit evidence for a complete lifecycle (A3). The provided text does not clearly document all four phases (understanding users, ideation, prototyping artifacts, and evaluation/user testing/pilot trials).; Condition B: not satisfied - No quotes or sections describe difficulties or constraints experienced by the designers (resource limits, participant access issues, cognitive/emotional strain, skill gaps, or process/technical issues).; Final rationale: Based solely on the provided text, the study does not provide clear, explicit evidence of a full HCD cycle (missing explicit prototyping and evaluation phases) nor any designer-oriented task barriers; therefore it must be excluded.",Integrating Patient-Reported Outcomes into Spine Surgical Care through Visual Dashboards: Lessons Learned from Human-Centered Design
"Andrea L. Hartzler, Lauren E. Bartlett, Mara R. Hobler, Nick Reid, Joseph B. Pryor, Siddhartha G. Kapnadak, Donna L. Berry, William B. Lober, Christopher H. Goss, Kathleen J. Ramos; for the Take on Transplant Study Group",High,Include,"""HCD_fullcycle"": [""A1 User Involvement: \""People with CF... participated in needs assessment, usability testing, and field testing. Transplanted individuals... participated in needs assessment and design groups.\"" - Stakeholder Engagement / Methods"", ""A2 Iteration: \""We built, evaluated, and refined high-fidelity interactive prototypes through iterative prototyping and user testing, including lab-based usability testing (3.1) and 2-week field testing (3.2).\"" - Phase 3: Iterative Prototyping and User Testing / Methods"", ""A3 Lifecycle (Understanding/Ideation/Prototyping/Evaluation): \""We employed human-centered design (HCD)... Figure 1 shows HCD activities in our 3 phase project, including (1) needs assessment, (2) design groups, and (3) usability and field testing.\"" (needs assessment = understanding users; design groups = ideation/specify requirements; wireframes and interactive prototypes = prototyping; usability testing and 2-week field testing = evaluation) - Study Design / Phase 1-3 Methods""], ""TASKS_elements"": [""\""one African American participant reported not seeing themself represented in the stories, which prompted us to create more inclusive personas (revised names/images) and solicit more diverse narratives.\"" - Phase 2 Results - Why it shows a designer barrier: Lack of representation in participant narratives constrained designers' ability to produce inclusive content and required deliberate changes to personas and solicitation strategies (affected content design decisions)."", ""\""The risk calculator alarmed several participants who expressed concern about a non-transplanted patient reading that they may be at a 'high risk' for dying or undergoing LTx in the next 3 years without a clinician present to explain the nuances.\"" - Phase 2 Results - Why it shows a designer barrier: Participant safety/interpretation concerns forced the design team to remove/replace a planned feature (Risk Calculator) with an alternative (My CF Stage), indicating a constraint that directly altered design direction."", ""\""Participants were split, which we investigated further during iterative user testing.\"" - Phase 2 Results - Why it shows a designer barrier: Conflicting user preferences (siloed vs integrated architectures) required additional rounds of testing and design decisions, indicating a process-level difficulty that affected iteration workload and approach."", ""\""Although we engaged adults from varied socioeconomic backgrounds, our sample lacked racial and ethnic diversity... the sample size was too small to discern generalizable outcomes on preliminary efficacy.\"" - Discussion / Limitations - Why it shows a designer barrier: Reduced demographic diversity and small sample sizes limited the designers' ability to obtain diverse feedback and to generalize evaluation findings, constraining evaluation and potentially content representativeness.""]}",,Hartzler et al. - 2022 - Take on transplant human centered design of a patient education tool to facilitate informed discussi.txt,"Condition A: satisfied - The Methods describe active user involvement (needs assessment interviews, design groups with transplanted participants, and iterative usability/field testing), explicit repeated refinement cycles, and a full lifecycle covering understanding users, ideation, prototyping, and evaluation.; Condition B: satisfied - Multiple documented occurrences describe constraints experienced by the design team (participant representation gaps prompting persona/content changes; participant safety concerns forcing removal/replacement of a Risk Calculator feature; conflicting user preferences requiring further iterative testing; and limitations of sample diversity/size affecting evaluation).; Final rationale: The paper reports a complete HCD cycle with clear user involvement and iterative refinement, and it documents designer-facing constraints that affected design decisions and evaluation. Therefore it meets both Condition A (full HCD cycle) and Condition B (designer-oriented tasks evidence) and should be included.",Take on transplant: human-centered design of a patient education tool to facilitate informed discussions about lung transplant among people with cystic fibrosis
"Xing He, Rui Zhang, Rubina Rizvi, Jake Vasilakes, Xi Yang, Yi Guo, Zhe He, Mattia Prosperi, Jinhai Huo, Jordan Alpert, Jiang Bian",High,Include,"""HCD_fullcycle"": [""A1 User Involvement: \""For each iteration, we conducted a usability assessment and design session with a focus group of 8–10 participants and evaluated the usability with a modified System Usability Scale (SUS). Through thematic analysis, we summarized the identified usability issues and conducted a heuristic evaluation... We derived suggested improvements from each of the usability assessment session and enhanced ALOHA accordingly in the next design iteration.\"" - Methods (User acceptance and usability assessments / Methods summary)"", ""A2 Iteration: \""Following UCD principles, we carried out two design iterations to enrich the functionalities of ALOHA and enhance its usability... In the following two design iterations, based on user feedback from the usability assessment sessions, we redesigned or refined existing features...\"" - Abstract / Methods (Development of ALOHA / Design)"", ""A3 Lifecycle (Understanding/Ideation/Prototyping/Evaluation): \""As shown in Fig. 1, our design and development process of ALOHA can be divided into 5 steps: 1) an initial hypothesis making process through summarizing existing research; 2) analysis of the needs and requirements of the intended end-users; 3) a prototype design with the required functionalities and related visualizations; 4) a working prototype development; and 5) usability assessments and collection of user feedback.\"" - Methods (Development of ALOHA)""], ""TASKS_elements"": [""\""The SUS score in the second design iteration decreased to 52.2 ± 11.0... possibly due to the high number of new functionalities we introduced.\"" - Results - Why it shows a designer barrier: Indicates that additions by the design team increased system complexity and degraded usability, forcing designers to rework features (a process-related constraint experienced by designers)."", ""\""the response time for ALOHA increased significantly as we introduced the new visualization mechanisms.\"" - Discussion - Why it shows a designer barrier: Describes a technical performance problem encountered during development that affected usability and required design/engineering changes (process/technical issue faced by designers)."", ""\""Some queries resulted in a large number of nodes (i.e., more than 1000 with a long query execution time) that filled the entire screen making the information unreadable. To solve this problem, we introduced a new visualization mechanism, where we grouped nodes of the same semantic type to reduce the total number of nodes on the screen.\"" - Discussion - Why it shows a designer barrier: Explicit example of a technical/data-scale constraint that prevented the planned visualization, forcing the design team to adapt (clear designer-facing barrier and adaptation)."", ""\""a number of participants ignored the newly added tutorials... they expressed that 'I am confident that I can learn how to use the system myself.' ... two of the eight participants thought that the texts in the tutorials are too verbose and the size of the text font is too small; so they chose to ignore the tutorials all together.\"" - Discussion - Why it shows a designer barrier: Participant engagement behavior limited the effectiveness of a designer-intended solution (tutorials), requiring designers to revise instructional design (participant engagement constraint affecting designers).""]}",,He et al. - 2019 - ALOHA developing an interactive graph based visualization for dietary supplement knowledge graph thr.txt,"Condition A: satisfied - The paper documents active user involvement in design sessions and usability assessments (A1), explicit multiple UCD iterations with refinements (A2), and a full lifecycle including needs analysis, ideation/design, prototyping, and evaluation (A3) as evidenced in Methods.; Condition B: satisfied - The manuscript reports designer-facing constraints (technical performance issues, excessive query results requiring redesign, increased complexity reducing usability, and participants ignoring tutorials) that affected the team's ability to carry out design activities and required adaptations.; Final rationale: Both Condition A (full HCD cycle) and Condition B (designer-oriented task/constraint evidence) are met based on the Methods, Results, and Discussion text, so the study should be included.",ALOHA: developing an interactive graph-based visualization for dietary supplement knowledge graph through user-centered design
"Xing He, Hansi Zhang, Jiang Bian",High,Include,"""HCD_fullcycle"": [""A1 User Involvement: \""In each iteration, we analyzed the feedback collected from either usability testing focus groups or online surveys from the previous iteration and updated user needs and requirements accordingly.\"" - Methods (2.1.2)"", ""A2 Iteration: \""Following UCD principles, we conducted four design iterations to improve the initial STAT prototype.\"" - Methods (Abstract / 2.1)"", ""A3 Lifecycle (Understanding/Ideation/Prototyping/Evaluation): \""the design and development of STAT consist of five steps: 1) summarizing existing research and semantic text annotation tools and making an initial hypothesis; 2) analyzing the needs of the intended end-users; 3) designing the prototype with the required functionalities and user interface (UI); 4) developing the working prototype; and 5) conducting usability testing and collecting user feedback. The last four steps (i.e., analysis, design, prototype, and evaluation) were conducted iteratively.\"" - Methods (2.1)""], ""TASKS_elements"": [""\""We released a testing task (i.e., extracting all semantic triples from a complete abstract of a scientific paper) on MTurk ... collected 18 responses. However, after reviewing the usability testing survey results and the annotation data, only one worker finished the annotation work following the instruction ... This worker expressed that the annotation work was too difficult ... Considering the pilot testing results, we changed the annotation task from abstract based to sentence based.\"" - Results (3.2) - This shows participant performance/engagement problems on MTurk that prevented the planned abstract-level crowdsourcing approach and forced redesign of the workflow."", ""\""we removed the normalization task and associated component because the normalization results were suboptimal. It is understandable as our previous experience also indicated that it was difficult even for an experienced expert to normalize a text phrase to an existing ontology class accurately ... making it difficult even for the experts to decide.\"" - Results (3.1) - This documents a technical/process difficulty (normalization) that designers encountered and which forced them to remove a planned feature."", ""\""we received responses from 20 master workers. After our further examination of the annotation results and the quality of their survey responses, only 14 of them met our requirements. The average SUS score decreased to 55.7 ± 20.1 in this iteration. Analysis of the usability testing results revealed that the annotation guideline was a critical reason for the significant decrease of the SUS score.\"" - Results (3.2) - This indicates recruitment/quality issues among participants that limited designers' evaluation data and led to further changes to guidelines and workflow."", ""\""we wasted development time on building some functionalities (e.g., normalization tasks) that were too complicated and not suitable for crowdsourcing users.\"" - Discussion (4.1) - This is a designer-experienced resource/time burden revealing that initial design choices imposed costs and required adaptation.""]}",,He et al. - 2020 - User centered design of a web based crowdsourcing integrated semantic text annotation tool for build.txt,"Condition A: satisfied - The study reports active user involvement shaping design (internal focus groups and MTurk workers), explicit multiple UCD iterations (four), and documented all four lifecycle phases (needs analysis, design/ideation, prototyping, and evaluation/usability testing).; Condition B: satisfied - The authors report multiple designer-facing constraints: participant performance and recruitment issues on MTurk that prevented planned abstract-level annotation and reduced valid responses, technical/process difficulty with entity normalization that forced feature removal, and wasted development effort on unsuitable features—these affected designers' ability to carry out planned design activities.; Final rationale: The paper reports a full UCD cycle with explicit user involvement and iteration, and documents concrete designer-facing barriers that forced changes to the design and workflow; therefore it meets both Condition A and Condition B and is included.",User-Centered Design of a Web-Based Crowdsourcing-Integrated Semantic Text Annotation Tool for Building a Mental Health Knowledge Base
"Jason Hearn, Sahr Wali, Patience Birungi, Joseph A Cafazzo, Isaac Ssinabulya, Ann R Akiteng, Heather J Ross, Emily Seto, Jeremy I Schwartz",High,Include,"""HCD_fullcycle"": [""A1 User Involvement: \""guided by this philosophy, our multidisciplinary team of patients, clinicians, researchers, engineers and designers worked to develop an intervention that was both effective and contextualized to the local population.\"" - Study design / Methods"", ""A2 Iteration: \""an iterative design process was then used to advance an initial prototype into a functional digital health intervention\"" and \""We continued to iterate the intervention in this manner until minimal suggestions for improvement were elicited by the end-users\"" - Phase 2: Design and development"", ""A3 Lifecycle (Understanding/Ideation/Prototyping/Evaluation): \""The aims of the first phase of the UCD process were (a) to obtain a baseline understanding... (b) to work with Ugandan HF patients and clinicians to define the specific needs... (c) to gain an understanding of the technical resources... We first conducted a scoping review... and then conducted a mixed-methods study...\""; \""A preliminary design, consisting primarily of schematics, sketches and mockups... used to create an interactive wireframe... a smartphone application was developed to simulate the expected functionality... These mockups were then presented to Ugandan patients and clinicians...\""; \""Both HF patients and clinicians were invited to participate in moderated usability testing of the patient- and clinician-facing components of the system, respectively.\"" - Phases 1-3: Ideation, Design/Development, Evaluation""], ""TASKS_elements"": [""\""Clinicians would often affix a leading zero when entering a phone number into the dashboard (e.g. 0720123456); thus, the dashboard was updated to omit zeros located at the beginning of a phone number.\"" - Clinician usability testing - This shows a process/technical issue encountered by designers during testing that forced a design change to accommodate clinician data-entry behavior."", ""\""Another possible concern regarding the system design is the time restriction placed on a USSD interaction, which can vary between 90 and 180 seconds... this time constraint could prohibit some patients from effectively submitting their symptoms.\"" - Limitations - This is a platform technical constraint that limited users' ability to complete interactions and required the team to adapt (training and consideration of alternative modalities), i.e., a designer-facing barrier."", ""\""The final potential limitation of the system is that responding to patient alerts could eventually become burdensome for the assigned clinician(s) as the number of patients using Medly Uganda increases... it is possible that designated staff members will eventually be required to remotely manage the Medly Uganda users.\"" - Limitations - This identifies a resourcing/operational constraint (staffing/workload) that affects the implementation and design choices and required planning by the design team.""]}",,Hearn et al. - 2022 - A digital self care intervention for Ugandan patients with heart failure and their clinicians User c.txt,"Condition A: satisfied - The manuscript documents active user involvement (co-development with patients and clinicians), explicit iterative refinement cycles, and a complete lifecycle including understanding (scoping review and mixed-methods), ideation (design principles, mockups), prototyping (wireframes, functional system) and evaluation (moderated usability testing).; Condition B: satisfied - The team encountered and addressed designer-facing task elements: technical/data-entry issues revealed in clinician testing, platform-imposed USSD time limits that constrained user interactions and required adaptation, and anticipated clinician workload/resourcing constraints affecting implementation.; Final rationale: Both Condition A (full HCD cycle) and Condition B (designer-oriented task constraints) are met based on explicit descriptions in Methods, Results, and Limitations; therefore the study is included.",A digital self-care intervention for Ugandan patients with heart failure and their clinicians: User-centred design and usability study
Charlotte Hemingway; Emmanuel S Baja; Godafreda V Dalmacion; Paul Mark B Medina; Ernest Genesis Guevara; Tyrone Reden Sy; Russell Dacombe; Claire Dormann; Miriam Taegtmeyer,High,Include,"""HCD_fullcycle"": [""A1 User Involvement: \""The resulting design process involved a phased approach, with primary and secondary users engaged during the initial ideation and prototype testing stages.\"" [Methods: Selection of User Centered Design Methods]"", ""A2 Iteration: \""Internal playtests were frequently conducted by members of the project team and their immediate networks. Game changes and bug fixes were implemented between each testing session.\"" [Methods: Overview; Phase 2: Prototype Testing]"", ""A3 Lifecycle (Understanding/Ideation/Prototyping/Evaluation): \""Data were collected through focus group discussions (FGDs) with HIV services providers, in-depth interviews with MSM and TGW, and an online survey on enablers and barriers to HIV services\"" (underpinning 'understanding users'); \""design workshops with Filipino gamers were conducted during the initial specification and ideation stage\"" ('ideation'); \""Playtesting sessions and FGDs were conducted to assess the acceptability and playability of the beta game build\"" ('prototyping' and formative evaluation); \""Data were automatically gathered from devices with the game installed through the Unity Analytics service ... The game analytics span a 12-month period\"" ('evaluation'). [Introduction; Methods: Phase 1; Methods: Phase 2; Methods: Phase 3]""], ""TASKS_elements"": [""\""On the other hand, we did not have the resources to develop and maintain an online multiplayer platform, and known issues around internet connectivity would restrict access to the game.\"" [Results: Phase 1 - Combining Feasibility With Desire] - This explicitly cites a resource limitation that forced a design decision (no online multiplayer) and constrained designers' options."", ""\""The file size of the game was also restricted to 53.4 MB on Android and 70 MB on iOS ... To maintain a small file size, the number of sound effects and music tracks in the game was limited and animated stories were presented in a dynamic 2-dimensional comic book style\"" [Results: Phase 1 - Combining Feasibility With Desire] - This shows a technical/resource constraint (download size) that impacted design choices and implementation."", ""\""Implementing an in-game currency system and custom character upgrades would have required additional resources and delayed the planned launch of the game. The change request was logged but not implemented for the pilot.\"" [Results: Phase 2: Prototype Testing - Table 3] - Demonstrates a resource/time constraint preventing implementation of designer-requested features."", ""\""the project team failed to recruit TGW during phases 1 and 2 of the game development process\"" [Limitations] - Recruitment failure is a participant-access issue that limited designers' ability to obtain target-group feedback during key design phases."", ""\""The timing for phase 2 protype testing was not ideal, which is believed to have impacted the changes implemented in the game design.\"" [Limitations] - Timing/scheduling problem identified by authors that affected designers' ability to perform iterative design changes."", ""\""Identification of an access issue on Android devices ... related to app permissions managed by the Google Play store. A fix was launched on November 5, 2018.\"" [Results: Phase 3: Game Analytics - Identification of Access Issue on Android Devices] - A technical/platform issue that impeded access and required developer intervention, affecting uptake and deployment.""]}",,Hemingway et al. - 2019 - Development of a Mobile Game to Influence Behavior Determinants of HIV Service Uptake Among Key Popu.txt,"Condition A: satisfied - The paper documents active user involvement (participatory workshops, FGDs, playtests), explicit iterative cycles with changes implemented between sessions, and evidence across understanding users, ideation, prototyping, and evaluation including analytics.; Condition B: satisfied - Multiple designer-facing constraints are reported (limited resources preventing online multiplayer and certain features, file size constraints affecting media, recruitment failure for TGW, suboptimal timing for prototype testing, and a technical Android access issue) that affected the team's ability to carry out design activities.; Final rationale: Both Condition A (full HCD cycle) and Condition B (designer-experienced tasks/constraints) are met based on explicit statements in Methods, Results, and Limitations; therefore the study is included.",Development of a Mobile Game to Influence Behavior Determinants of HIV Service Uptake Among Key Populations in the Philippines: User-Centered Design Process
Sabine Hennig,High,Include,"""HCD_fullcycle"": [""A1 User Involvement: \""In each phase, different school classes were involved. In addition, the YouthMap 5020 web map application development process was shaped using strong participatory design. Thus users (i.e., young people) took part in all development phases and activities, including decision-making.\"" - Section 2.1 (Project-specific development workflows)"", ""A2 Iteration: \""The development process of the citizenMorph system followed the prototyping model. ... This model is characterized by its iterative nature. ... design and implementation of prototypes, their discussion, and evolution.\"" - Section 2.2 (Project-specific development workflows); additionally: \""During the development of the Covid-19 Impressions platform, repeated user feedback was given on the three increments.\"" - Section 3 (Project-specific development results)"", ""A3 Lifecycle (Understanding/Ideation/Prototyping/Evaluation): \""The YouthMap 5020 development process consisted of four phases: (i) gathering user requirements; (ii) realizing a database on youth-relevant urban infrastructure; (iii) designing and implementing the city web map application; (iv) testing and optimizing it.\"" - Section 2.1 (Project-specific development workflows); and \""Testing and user assessment took place in all three projects.\"" - Section 4.3 (Results and discussion of phase- and activity-related user involvement)""], ""TASKS_elements"": [""\""The public is very diverse, and less known to developers than traditional GI users regarding their needs and barriers when using ICT and GI tools\"" - Section 1 (Introduction) - Why it shows a designer barrier: indicates a knowledge/skill gap experienced by developers about the target user group, which constrained their initial understanding and required adaptation."", ""\""citizens’ motivations and skills for landform data collection were largely unknown\"" - Section 4.2 (User involvement in design and implementation) - Why it shows a designer barrier: documents that developers lacked topic-specific user knowledge at the start of the citizenMorph project, motivating use of iterative prototyping to resolve uncertainty."", ""\""young people form a very heterogeneous and complex user group (e.g., with an age range of 12 to 20; different skills and knowledge levels) and that they have particular characteristics regarding ICT use, namely low patience levels, quickness to judge applications, and low willingness to read instructions and explore tools. ... preferences and needs which differ from what developers (i.e. adults) consider relevant to young people.\"" - Section 3 (Project-specific development results) - Why it shows a designer barrier: shows designers confronted with unexpected user heterogeneity and misaligned assumptions, forcing design adaptations and participatory methods.""]}",,Hennig S. - 2022 - Contributing to Planning for Sustainability Advancing User Involvement for User Centred Geoparticipa.txt,"Condition A: satisfied - The three projects document active user involvement (participatory and consultative), explicit iterative models (prototyping, incremental, modified waterfall with feedback), and evidence of the full lifecycle (requirement gathering, design/ideation, prototyping/implementation, and testing/evaluation).; Condition B: satisfied - Multiple statements report designers' lack of knowledge about the public users (heterogeneity, unknown motivations/skills), which are skill/knowledge gaps that constrained and shaped the development process and led to iterative/prototyping approaches.; Final rationale: The paper reports authors' own three development projects with documented participatory user involvement across all development phases and explicit iteration, and it cites designer-facing constraints (knowledge gaps about users and user-group heterogeneity) that affected the projects. Therefore both Condition A and Condition B are met and the paper is included.",Contributing to Planning for Sustainability: Advancing User Involvement for User-Centred Geoparticipation Applications
Mahsa Honary; Naomi Ruth Fisher; Roisin McNaney; Fiona Lobban,High,Include,"""HCD_fullcycle"": [""A1 User Involvement: \""We engaged relatives of people with experiences of bipolar disorder or psychosis in workshops to identify their needs and design requirements for developing a Web-based version of a paper-based toolkit.\"" - Methods, Phase 1 Method"", ""A2 Iteration: \""We used a 2-phase qualitative approach ... On the basis of the results of these workshops, we developed a set of design considerations to be explored in a smaller workshop. Workshop 3 then involved working with 2 digitally literate relatives to design a usable and acceptable interface for our Web-based toolkit. Finally, in phase 2, we conducted a heuristic evaluation to assess the usability of the toolkit.\"" - Abstract / Methods (Phase 1 and Phase 2 descriptions)"", ""A3 Lifecycle (Understanding/Ideation/Prototyping/Evaluation): \""In phase 1, we consulted 24 relatives in 2 workshops to better understand their existing support infrastructure, their barriers for accessing support, unmet needs, and relatives’ views on online support\"" (Understanding) + \""visual demonstration of a series of prototypes, which represented design choices for the REACT Web-based intervention\"" (Ideation/Prototyping) + \""we conducted a small heuristic evaluation ... Controlled Setting Testing ... Uncontrolled Field-Testing\"" (Evaluation). - Methods, Phase 1 Design Workshops & Phase 2 Method""], ""TASKS_elements"": [""\""The main weakness of the study is the use of a convenience sample that was skewed toward older females aged over 65 years, with limited computer literacy. The sample was recruited through existing links and local carer groups and is, therefore, not representative of relatives supporting people with mental health problems or those likely to engage with Web-based interventions.\"" - Strengths and Limitations - [Shows a designer barrier: recruitment/resource limitation that reduced sample diversity and representativeness, constraining designers' ability to obtain varied user input]"", ""\""Our recruitment strategy involved advertising locally to obtain a convenience sample who would be able to attend face-to-face workshops.\"" - Methods, Phase 1 Method - [Shows a designer barrier: constrained recruitment approach that limited access to a wider, more representative pool of users and may have affected user contact and diversity of input]"", ""\""There were also some instances in which some features were unresponsive, for example, a video would not play or a link would not redirect, which were related to the Visibility of System Status principle.\"" - Phase 2: Findings - [Shows a designer/process technical issue: unresponsive features that required fixes and affected the usability evaluation and iterative refinement]"", ""\""using this approach in a mental health context can be challenging in terms of recruiting participants and understanding the lived experiences of those affected by mental health conditions\"" - Introduction, User-Centered Approaches in the Design of Digital Health Interventions - [Shows a designer barrier: explicit difficulty recruiting and eliciting lived-experience data in this domain that constrained design activities]""]}",,Honary et al. - 2018 - A Web Based Intervention for Relatives of People Experiencing Psychosis or Bipolar Disorder Design S.txt,"Condition A: satisfied - The study documents active user involvement via multiple workshops, explicit iteration across phase 1 workshops and a phase 2 heuristic evaluation, and evidence of all four lifecycle phases (understanding via workshops, ideation/prototyping via prototypes and workshop 3, and evaluation via controlled and uncontrolled heuristic testing).; Condition B: satisfied - The paper reports designer-experienced constraints including a convenience recruitment strategy limiting representativeness and participant diversity, explicit challenges recruiting/engaging participants in the mental-health context, and technical/unresponsive features encountered during heuristic evaluation that impacted iterative work.; Final rationale: The manuscript reports a full HCD cycle with iterative user involvement and documented evaluation, and it includes clear descriptions of designer-facing constraints (recruitment/sample limitations and technical issues). Therefore it meets both Condition A and Condition B and should be included.",A Web-Based Intervention for Relatives of People Experiencing Psychosis or Bipolar Disorder: Design Study Using a User-Centered Approach
"Stephan Huber, Johanna Gramlich, Selina Pauli, Simon Mundschenk, Eliana Haugg, Tobias Grundgeiger",High,Include,"""HCD_fullcycle"": [""A1 User Involvement: \""We first tested our initial designs with 13 controllers, iterated the design of all prototypes (which we explain in more detail in the next section) and returned to the control center for a second round of user tests. In the second session, 11 controllers, who did not participate in the first round, tested all three prototypes.\"" - Formative Evaluation (Section 4)"", ""A2 Iteration: \""Based on the suggestions from our first user sample, we added weather data and a webcam image of the runway to the right panel and removed the visual representation of the flight strip... In the second design iteration, we added the aircraft type, expected runway, as well as weather information and atmospheric pressure to the extended label.\"" - Formative Evaluation Findings (Section 4.1)"", ""A3 Lifecycle (Understanding/Ideation/Prototyping/Evaluation): \""The qualitative data obtained during the contextual inquiries included insights ... that we considered during prototyping and will refer to in the following sections.\"" - User Needs (Section 2.1); \""After the wall walks, we conducted three visioning workshops ... and iteratively created different visions.\"" - Ideation and visioning (Section 2.2); \""To increase acceptance of our prototypes, we kept the visual representation of air traffic as the core element and prototyped three different concepts to interact with the traffic.\"" - Interface and Interaction Concepts (Section 3); \""For a formative evaluation of the prototypes, we acquired 24 approach controllers ...\"" and \""we iterated the prototypes and conducted a summative evaluation.\"" - Formative Evaluation (Section 4) & Summative Evaluation (Section 5)""], ""TASKS_elements"": [""\""To find a large effect ... we would have needed at least 14 participants ... However ... we were limited to a sample of N = 12 participants for this study.\"" - Summative Evaluation Participants (Section 5.1.1) - [This shows a resource/participant access constraint that limited the designers' ability to obtain the planned sample size and therefore affected the evaluation power and design assessment]"", ""\""Fourth, even though the selected use cases could be managed with all systems, the interactivity of prototypes in the study varied. For the tangible prototype, air traffic controllers did not experience the interaction in the summative evaluation but held a tangible prop to perform actions while watching the video.\"" - Limitations (Section 9, fourth limitation) - [This indicates a fidelity/technical constraint that prevented full interactive testing of the tangible prototype, limiting designers' ability to evaluate and refine that interaction in the summative test]"", ""\""Second, the current workstation under study also poses limitations. For legal reasons, controllers are currently obliged to document every instruction to the pilot. This documentation involves additional interaction beyond the task itself. Despite limitations to our design decisions, we decided to include this requirement in our design process to achieve better acceptance during the user tests.\"" - Limitations (Section 9, second limitation) - [This shows an external/legal constraint that forced design adaptations and limited designers' freedom in creating/testing alternative interaction flows]""]}",,Huber S. et al. - 2022 - Toward User Experience in ATC Exploring Novel Interface Concepts for Air Traffic Control.txt,"Condition A: satisfied - Clear evidence of user involvement (formative tests with 24 controllers and design workshops), explicit iterative cycles (two formative rounds with redesign), and a complete lifecycle with contextual inquiry (understanding), visioning workshops (ideation), implemented prototypes (prototyping), and formative + summative evaluations (evaluation).; Condition B: satisfied - Multiple designer-facing constraints are reported (limited participant access/sample size, varying prototype interactivity requiring video for tangibles, and legal/documentation requirements) that affected the designers' ability to perform evaluation and design activities.; Final rationale: Because the paper reports an explicit user-centered, iterative design process covering understanding, ideation, prototyping, and evaluation (Condition A) and documents designer-facing constraints that impacted the project (Condition B), it meets both inclusion conditions.",Toward User Experience in ATC: Exploring Novel Interface Concepts for Air Traffic Control
"Jacqueline Huwa, Hannock Tweya, Maryanne Mureithi, Christine Kiruthu-Kamamia, Femi Oni, Joseph Chintedza, Geldert Chiwaya, Evelyn Waweru, Aubrey Kudzala, Beatrice Wasunna, Dumisani Ndhlovu, Pachawo Bisani, Caryl Feldacker",High,Include,"""HCD_fullcycle"": [""A1 User Involvement: \""system developers, HCWs, monitoring and evaluation (M&E) teams, B2C staff and patients discussed and specified the context use. A brief formative research was conducted to inform adaptation and implementation. Then, a pilot of 50 ART patients solicited end-user experience in message context, optimal message delivery timing and language preferences (Chichewa or English)\"" - Methods: 2wT human-centered design"", ""A2 Iteration: \""weekly technical feedback meetings were conducted to provide a platform to incorporate the voices and experiences of patient users in further refinement processes.\"" and \""pilot test conducted among 50 participants prior to the roll-out helped to identify system weaknesses, coding flaws, and bugs which were rectified before study implementation.\"" - Methods: 2wT human-centered design; Discussion"", ""A3 Lifecycle (Understanding/Ideation/Prototyping/Evaluation): \""A brief formative research was conducted to inform adaptation and implementation\"" (Understanding); \""system developers, HCWs, ... and patients discussed and specified the context use\"" (Ideation/co-design); \""pilot of 50 ART patients solicited end-user experience... pilot test ... identified system weaknesses, coding flaws, and bugs which were rectified\"" (Prototyping); \""We present mixed-methods usability and acceptability results from 100 participants, 50 at 3-months and 50 at 6-months, post 2wT enrollment, and observations of these same patients completing core tasks of the 2wT system.\"" (Evaluation) - Methods/Results/Discussion""], ""TASKS_elements"": [""\""pilot test conducted among 50 participants prior to the roll-out helped to identify system weaknesses, coding flaws, and bugs which were rectified before study implementation.\"" - Discussion - This documents process/technical issues encountered by the design/development team that required adaptation and remediation during development."", ""\""Those without cell phones and who did not wish to participate were excluded from the study and received routine B2C retention support.\"" - Methods: Study population and recruitment - This shows participant access limitations (lack of phone ownership) that constrained who could be enrolled and thus limited designers' ability to reach or iterate with all intended users."", ""\""human and financial resource constraints stretch scare resources, leaving B2C service gaps.\"" - Introduction - This indicates resource limitations in the implementing context that the design team had to consider and work within."", ""\""de-identified data linked to study-specific IDs resulted in errors linking usability results to patient demographics, reducing the sample size for demographics from 100 to 98.\"" - Limitations - This is a data management/process issue experienced by the team that affected the completeness of evaluation data.""]}",,Huwa J. et al. - 2023 - It reminds me and motivates me Human centered design and implementation of an interactive SMS based.txt,"Condition A: satisfied - The paper reports explicit user involvement in co-design/formative research, clear iterative refinement (pilot + weekly feedback meetings), and evidence of all four lifecycle phases (understanding, ideation/co-design, prototyping with pilot and bug fixes, and evaluation via mixed-methods usability testing).; Condition B: satisfied - The team reported concrete designer-facing challenges: technical/system bugs and coding flaws discovered in pilot testing requiring fixes, participant access constraints (lack of phones) limiting enrollment, resource constraints in the implementing program, and a data-linking error affecting evaluation data—these qualify as process/technical and resource barriers experienced by designers.; Final rationale: Both Condition A (full HCD cycle) and Condition B (designer-facing task/constraint evidence) are met by the provided Methods/Results/Discussion/Limitations text, so the study should be included.","“It reminds me and motivates me”: Human-centered design and implementation of an interactive, SMS-based digital intervention to improve early retention on antiretroviral therapy: Usability and acceptability among new initiates in a high-volume, public clinic in Malawi"
Jeonghwan Hwang; Taeheon Lee; Honggu Lee; Seonjeong Byun,High,Include,"""HCD_fullcycle"": [""A1 User Involvement: \""Our development process included three phases: (1) interviews with polysomnographic technicians to identify why users might desire explanations from the CDSS when AI-based sleep scoring systems were adopted, (2) user observations of how polysomnographic technicians score sleep stages from EEG recordings to determine the information that could help them, and (3) an iterative design process to construct a user-friendly CDSS interface that addresses the formulation of explanations in the system.\"" - [Methods: Study Design / Development Procedure]"", ""A2 Iteration: \""We conducted an iterative design process with a technician to identify how explanations should be presented to CDSS users. For 2 months, we held weekly 2-hour meetings.\"" - [Methods: Iterative Design Process]"", ""A3 Lifecycle (Understanding/Ideation/Prototyping/Evaluation): \""To define why users need explanations from the CDSS, the context ... we conducted user interviews ... A user observation study was performed to understand the sleep staging conventions ... In these sessions, the technician inspected the features obtained by the neural network components and expressed an opinion ... The technician tested the prototype versions of the proposed tool and provided feedback ... After development, the polysomnographic technicians performed quantitative and qualitative evaluations of the system.\"" - [Methods: Study Design / User Interview / User Observation / Iterative Design Process / Evaluation Study]""], ""TASKS_elements"": [""\""In the first iteration session, convolutional filters obtained from TRIER were shown to technician A. The participant expressed the concern that although the convolutional filters contained morphologically significant shapes, undesirable features (high-frequency noises or low-frequency fluctuations) were also intermingled in the filter. The participant requested a refinement of the convolutional filters to improve the quality of the features.\"" - [Results: Iterative Design Process] - [Why it shows a designer barrier: This describes a technical/process issue encountered by the design team requiring filter refinement to make model features clinically meaningful, i.e., a design/technical constraint the designers had to address.]"", ""\""Usually scoring of an epoch takes place in a short time, typically between five to ten seconds and even down to one second for easy cases. The selection process can be a bottleneck during scoring, thus other technicians are more likely to skip filter selection and score EEG epochs on their own.\"" - [Results: Iterative Design Process / Constructing the System Outline] - [Why it shows a designer barrier: This identifies a usability constraint encountered during design that forced the designers to change the UI approach (reduce interactivity) to fit workflow speed requirements.]"", ""\""First, we conducted user observations and iterative design sessions with only 1 technician. Although manuals for sleep staging support most of the feedback of the technician, specific requirements defined by different users are necessary for user-centered design research.\"" - [Limitations and Future Directions] - [Why it shows a designer barrier: This limitation states the design activities were constrained by limited user participation in iterative design, which affected the designers' ability to gather diverse user feedback and fully perform user-centered iterations.]""]}",,Hwang et al. - 2022 - A Clinical Decision Support System for Sleep Staging Tasks With Explanations From Artificial Intelli.txt,"Condition A: satisfied - The paper documents active user involvement (interviews, observation), explicit iterative design cycles (weekly meetings over 2 months), and evidence of all lifecycle phases (understanding users, deriving explanation types/ideation, prototyping visualizations and tool iterations, and quantitative/qualitative evaluation).; Condition B: satisfied - The paper reports multiple designer-facing constraints and difficulties (technical issues with convolutional filters requiring refinement, usability/workflow bottleneck forcing design changes, and a limitation of having only one technician in iterative design sessions), which are obstacles experienced by the designers during the project.; Final rationale: Both the full HCD cycle (A) and designer-experienced task/constraint evidence (B) are present in the Methods, Results, and Limitations. Therefore the study meets inclusion criteria.",A Clinical Decision Support System for Sleep Staging Tasks With Explanations From Artificial Intelligence: User-Centered Design and Evaluation Study
Ana Iglesias; Raquel Viciana; José Manuel Pérez-Lorenzo; Karine Lan Hing Ting; Alberto Tudela; Rebeca Marfil; Malak Qbilat; Antonio Hurtado; Antonio Jerez; Juan Pedro Bandera,High,Include,"""HCD_fullcycle"": [""A1 User Involvement: \""participatory co-design methods (collaborative mind-mapping, post-it and task sorting) during a participatory workshop allowed a preliminary assessment of some tasks...\"" - Section 3.1"", ""A2 Iteration: \""The design of the SAR capabilities and features, and the use-cases, are conceived to follow an incremental redesign process...\"" and \""A fortnight separated the two phases, giving time to the technical team to incorporate several updates to the SAR\"" - Section 5"", ""A3 Lifecycle (Understanding/Ideation/Prototyping/Evaluation): \""the needs of the users... have been analysed through ethnographic observations and workshops with the primary stakeholders and the engineers\"" (Understanding) ; \""participatory co-design methods... allowed the users themselves to decide which robotic functionality was most appropriate\"" (Ideation) ; \""the use-case was selected... its first tests in the real environment the robot was teleoperated\"" (Prototyping) ; \""the implementation of the first use-case deployed and the two-phase pilot test performed in a retirement home are presented\"" (Evaluation) - Sections 3.1, 3.2, and 5""], ""TASKS_elements"": [""\""This study was conducted during the COVID-19 pandemic years, with strict limitations on access to the evaluation environment.\"" - Introduction/Abstract - This indicates a constraint on designers' access to users and the deployment environment that affected their ability to conduct in-situ design/evaluation activities."", ""\""the acceptability questionnaires prepared were not finally administered due to the lack of time and the busy schedule that the residents had that day.\"" - Section 5.6.2 - This shows participant access/scheduling constraints which limited designers' ability to collect planned evaluation data."", ""\""Selecting phrases from pop-up lists quickly proved not to be a valid method... The teleoperator did not have time to write, nor even to select, a proper phrase... Hence, we changed the teleoperation interface by allowing the teleoperator to make the robot speak by simply clicking a button.\"" - Section 5.6.1 - This documents a process/technical issue encountered by the design team that forced an interface redesign (designer-facing constraint)."", ""\""Person detection... is significantly poorer when the robot works in crowded daily life environments than when it works in a controlled lab environment... Therefore, the system was changed to allow the teleoperator to send when needed a greetings command... a more robust multimodal detection system is currently being developed.\"" - Section 5.6.1 - This documents a technical limitation in sensing in situ that constrained the designers and required adaptation.""]}",,Iglesias et al. - 2024 - The Town Crier A Use Case Design and Implementation for a Socially Assistive Robot in Retirement Hom.txt,"Condition A: satisfied - The paper documents active stakeholder involvement (participatory workshops and co-design), explicit iterative redesign cycles across pilot phases, and evidence of the full lifecycle (ethnographic needs capture, ideation workshops, prototype interfaces and a two-phase pilot evaluation).; Condition B: satisfied - Multiple designer-facing constraints are reported: COVID access limitations preventing direct involvement of target users at times, participant scheduling preventing planned questionnaires, and technical/process issues (teleoperation UI delays, person-detection and audio projection problems) that forced adaptations.; Final rationale: Both Condition A (full HCD cycle) and Condition B (designer-experienced tasks/constraints) are clearly evidenced in Methods, Results, Discussion and Limitations; thus the study meets inclusion criteria.",The Town Crier: A Use-Case Design and Implementation for a Socially Assistive Robot in Retirement Homes
