authors,confidence,decision,evidence,exclusion_reason,file_name,reasoning,title
Maura Kepper; Allison L'Hotta; Thembekile Shato; Bethany M. Kwan; Russell E. Glasgow; Douglas Luke; Andrea K. Graham; Ana A. Baumann; Ross C. Brownson; Brad Morse,High,Include,"""HCD_fullcycle"": [""A1 User Involvement: \""A participatory design approach engaged users (n=14) and an expert panel (n=6) in an iterative design process from discovery to prototyping and testing.\"" - Methods: Overview and Guiding Design Framework / Participants and Recruitment"", ""A2 Iteration: \""We conducted five 90-minute design sessions conducted over Zoom from September 2022 to February 2023... Following design sessions, feedback from users were summarized and discussed to generate design decisions. A prototype was then built and heuristically tested with 11 users... After refinements to the platform were made, usability was reassessed with 7 of 11 same users to examine changes.\"" - Methods / Usability Testing"", ""A3 Lifecycle (Understanding/Ideation/Prototyping/Evaluation): \""Design Session 1: Discover... identify the need and demand for key issues this tool should address and explore potential features... personas... free list\""; \""Design Session 2: Ideate... utilized the Kano Model of Customer Satisfaction exercise for prioritization for the 25 features\""; \""Design Sessions 3-5: Wireframing... iteratively envisioning and creating wireframes of the features that were prioritized...\""; \""In the usability phase... prototype was tested with 11 users using a combined think-aloud and survey-based approach... test users completed the ten item System Usability Scale (SUS)... Usability was retested on the refined version...\"" - Methods: Design Process and Usability Results""], ""TASKS_elements"": [""\""Through this process, we learned that inclusion of users throughout the prototype build phase would have been beneficial, rather than waiting until the end to gain feedback on usability. This more iterative approach may have saved us time and financial resources by reducing the number of changes necessary after usability testing.\"" - Discussion - Why it shows a designer barrier: explicitly states a resource/process constraint (time and financial resources) experienced by the team that affected their design workflow and required adaptation."", ""\""There are several limitations to this work. ... we did not include community-based partners in our design sessions or usability testing. Subsequent usability testing will elicit perspectives from community-based partners to refine and tailor the tool to further support engagement with community partners.\"" - Limitations - Why it shows a designer barrier: lack of participant inclusion prevented the design team from conducting intended co-design activities with community partners, limiting their ability to complete design tasks."", ""\""We also did not test the tool with collaborative teams (i.e., a researcher and community partner reviewing the tool together) which limited our ability to assess the tool’s features and functions that were designed to facilitate collaboration and engagement.\"" - Limitations - Why it shows a designer barrier: explicitly describes participant access/testing gaps that limited designers' ability to evaluate collaborative features.""]}",,Kepper M - 2024 - Supporting Teams with Designing for Dissemination and Sustainability the Design Development and Usab.txt,"Condition A: satisfied - The paper documents active user involvement in co-design (n=14), explicit iterative cycles (five design sessions, prototype build, refinements, retest), and evidence of all four lifecycle phases (discover/understand, ideate, prototyping/wireframes, and evaluation/usability testing).; Condition B: satisfied - Authors report concrete designer-facing constraints: time- and cost-related consequences from delayed user inclusion, omission of community partners from design and testing, and lack of collaborative team testing that limited designers' ability to perform intended design assessments.; Final rationale: The study reports a full user-centered HCD cycle with iterative co-design and evaluation and also documents multiple designer-experienced constraints that impacted the design process; therefore it meets Condition A and Condition B and is included.","Supporting Teams with Designing for Dissemination and Sustainability: the Design, Development, and Usability of a Digital Interactive Platform"
"Bushra Khan, Waqas Hameed, Bilal Iqbal Avan",High,Include,"""HCD_fullcycle"": [""A1 User Involvement: \""Maternity team representatives were regularly consulted, and their input sought, through this process.\"" - Methods: Procedure (Adaptation of mhGAP materials and development of psychosocial support modules)"", ""A2 Iteration: \""The draft capacity-building material went through two rounds of pretesting and deliberation.\"" - Methods: Ideation (Rounds of pretesting and deliberation)"", ""A3 Lifecycle (Understanding/Ideation/Prototyping/Evaluation): \""In inspiration, a review of national-level maternity service-delivery documents and in-depth interviews of maternity staff were conducted. Ideation involved a multidisciplinary team to develop capacity-building materials by adapting mhGAP... In implementation feasibility, materials were tested via the training of 98 maternity staff and exploring system feasibility via post-training visits to health facilities.\"" - Methods: Overview/Procedure""], ""TASKS_elements"": [""\""Participants realised the importance of this step in determining the needs of the woman and staff, but were unwilling to follow the detailed assessment process suggested by mhGAP-intervention guide because the overwhelming burden of their current work left them no time for it, and because they considered it beyond their expertise. They suggested that we identify a quick way of determining mental health status.\"" - Results: Ideation (Pretesting) - This shows a designer-facing constraint where participant workload and limited expertise prevented use of the planned assessment tool, forcing designers to adapt to briefer instruments."", ""\""In the initial training sessions, it was challenging to cover all group-based activities in the given time. We therefore converted several activities—e.g., on the topic of anger—into discussion-based work.\"" - Results: Implementation feasibility (Training of staff) - This documents a time/resource constraint encountered during implementation that required designers to modify training delivery."", ""\""Our research was limited by omitting psychological interventions included in mhGAP. The non-specialised personnel for whom we developed the modules didn’t have sufficient time for such complex and lengthy processes.\"" - Discussion/Limitations - This limitation affected the designers' ability to include full mhGAP interventions, demonstrating a constraint on design scope imposed by staff capacity and time.""]}",,Khan et al. - 2023 - Psychosocial support during childbirth Development and adaptation of WHO s Mental Health Gap Action.txt,"Condition A: satisfied - The paper documents active involvement of maternity staff in understanding needs (in-depth interviews), collaborative ideation (deliberations, prototypes), iterative pretesting (two rounds), and evaluation (training of 98 staff, pre-post assessment, post-training visits and endline interviews).; Condition B: satisfied - The authors report multiple designer-facing constraints (staff workload limiting assessment, training time constraints requiring activity modification, and omission of psychological interventions due to staff capacity/time) that directly affected adaptation and implementation choices.; Final rationale: The study reports a full HCD cycle with explicit user involvement, iterative development, prototyping and evaluation, and it documents concrete constraints experienced by the design/implementation team that influenced the adapted materials and implementation approach; therefore it meets Condition A and Condition B and should be included.",Psychosocial support during childbirth: Development and adaptation of WHO’s Mental Health Gap Action Programme (mhGAP) for maternity care settings
Kamran Khowaja; Wafa Waheeda Syed; Meghna Singh; Shahrad Taheri; Odette Chagoury; Dena Al-Thani; Michaël Aupetit,High,Include,"""HCD_fullcycle"": [""A1 User Involvement: \""The workshop was conducted to gather some of the potential users to generate ideas for the prototype taking the local needs into account. The objective of the workshop was to learn about nurses’ perception of how visual analytics may enable them to promote lifestyle change and provide better advice to patients based on the activity data that would be collected from the patient’s wearable (smartwatch). The session ... included a brainwriting session, where nurses in groups provided their input on desired information and computer technology solutions to support patient lifestyle changes.\"" - Methods, UX1: Users’ Evaluation Workshop 1 With Nurses"", ""A2 Iteration: \""The users and their needs increased over time as studies were conducted as a part of this research and ActiVis was accordingly modified and reported in different sections of this research... The development of any technological solution is not an easy task... The data collection and analysis methods vary from one study to another due to various constraints ... which is refined progressively through the development cycles.\"" and \""each study on a prototype with health care professionals provided feedback, which was used as a requirement to design an improved version as the next prototype.\"" - Methods, Overview / Ethics Approval"", ""A3 Lifecycle (Understanding/Ideation/Prototyping/Evaluation): \""Stage 1: Define a 'Persona'... Stage 2: Describe a typical scenario... Stage 3: Imagine the technologies... Stage 4: Rewrite the scenario...\"" showing ideation via brainwriting; \""The first user experiment (UX1) was a workshop conducted with nurses ... to gather detailed requirements, personas, and usage scenarios, to design and develop the second RP of ActiVis (RP2) together with a set of 6 use cases\"" showing understanding; \""We developed 2 versions of the ActiVis interface... RP1... RP2...\"" showing prototyping; and \""UX2.1... UX2.2... UX2.3...\"" with expert evaluations, heuristic walkthroughs, and comparative usability workshops showing evaluation. - Methods (UX1 brainwriting stages; RP1/RP2 descriptions; UX2 studies)""], ""TASKS_elements"": [""\""The data collection and analysis methods vary from one study to another due to various constraints such as the availability of the target users and the initial uncertainty in the direction of the project, which is refined progressively through the development cycles.\"" - Methods, Overview - Why it shows a designer barrier: Explicitly reports availability of target users as a constraint that varied methods and forced progressive refinement, indicating designers had to adapt their process because of limited user access."", ""\""It has been difficult to plan several of the studies in advance. The use of the opportunistic approach allowed us to use the available local health care professionals throughout the design, development, and validation of RPs presented in this paper.\"" - Discussion, UX1/General PD reflections - Why it shows a designer barrier: States planning difficulties that forced opportunistic recruitment and scheduling, evidencing process constraints experienced by the designers."", ""\""several participants were used in each study that was mainly dependent on multiple factors, including availability based on their routine clinical appointments, meetings, and teaching.\"" - Limitations - Why it shows a designer barrier: Indicates participant availability (access issues) limited recruitment and scheduling, affecting how designers could conduct studies and iterations.""]}",,Khowaja et al. - 2022 - A Participatory Design Approach to Develop Visualization of Wearable Actigraphy Data for Health Care.txt,"Condition A: satisfied - The paper documents active user involvement (brainwriting workshops, persona development, expert walkthroughs), explicit iterative cycles (RP1 -> UX1 -> RP2 -> UX2.* -> RP3 planning), and evidence of all four lifecycle phases (understanding via workshops, ideation via brainwriting/use cases, prototyping RP1/RP2, and multiple evaluations/heuristic studies).; Condition B: satisfied - The paper reports designer-facing constraints: limited availability of target users, difficulty planning studies in advance, and opportunistic recruitment dependent on clinicians' schedules, which affected data collection methods and iterative planning.; Final rationale: The study meets the full HCD cycle requirements and reports concrete designer-facing task/process constraints (participant access and planning issues) that impacted the design process; therefore it should be included.",A Participatory Design Approach to Develop Visualization of Wearable Actigraphy Data for Health Care Professionals: Case Study in Qatar
Degif Teka; Yvonne Dittrich; Mesfin Kifle,High,Exclude,"""HCD_fullcycle"": [""Meta-study indicator: 'an action research approach has been complemented by a survey and interviews with other companies.' - Abstract""], ""TASKS_elements"": [""'an action research approach has been complemented by a survey and interviews with other companies.' - This phrase indicates the authors conducted interviews/surveys with other companies, meeting the meta-study exclusion criterion (analysis/interviews of other design teams).""]}",Meta-study analyzing others' design work,Kifle M. et al. - 2017 - Contextualizing user centered design with agile methods in Ethiopia.txt,"Meta-study: The paper explicitly states it was 'complemented by a survey and interviews with other companies,' which fits the meta-study exclusion rule (analyzing/interviewing other design teams).; Condition A: not assessed due to immediate exclusion on meta-study grounds.; Final rationale: Immediate exclusion per rule 1 because the study includes interviews/surveys of other companies' design work, matching the specified meta-study exclusion criterion.",Contextualizing User Centered Design with Agile Methods in Ethiopia
Sunyoung Kim; Yunoh Park; Matthew K Ackerman,High,Include,"""HCD_fullcycle"": [""A1 User Involvement: \""We conducted one-on-one interviews with the same group of participants to receive feedback on the prototypes. In the interview, we first introduced our app ... We displayed our prototypes on a shared screen and asked participants to think aloud and express their thoughts and feelings while freely exploring the prototypes as much as they wanted.\"" - Methods: Iterative Design and Evaluation"", ""A2 Iteration: \""Based on our prototype sketches, collected requirements, and feedback in the previous steps, we iteratively created a set of wireframes that were then developed into high-fidelity prototypes ...\"" - Methods: Iterative Design and Evaluation"", ""A3 Lifecycle (Understanding/Ideation/Prototyping/Evaluation): \""We reviewed existing apps for indoor air quality monitoring or asthma management for children and conducted two sets of semistructured interviews with 12 children with asthma. We then iteratively created prototypes and evaluated and revised them.\"" - Abstract / Methods Overview""], ""TASKS_elements"": [""\""Our original plan was to conduct participatory design workshops for idea exploration and run in-person interviews to evaluate an interactive high-fidelity prototype. However, due to the CDC recommendations for social distancing during COVID-19, we canceled the workshops and instead conducted all interviews one-on-one virtually.\"" - Limitations - Why it shows a designer barrier: This documents a constraint that forced cancellation of planned participatory workshops and required a shift to virtual methods, directly affecting the designers' ability to carry out intended design activities."", ""\""When we showed our sketch prototypes to participants during the first interview, the overall response was positive on both prototypes, although they did not provide detailed feedback. It might be because the low-fidelity prototypes missed many details making it difficult for children to offer exhaustive responses.\"" - Results: User Needs and Feedback on Sketch Prototypes - Why it shows a designer barrier: Designers experienced limited actionable feedback due to low-fidelity prototypes, which impeded early evaluation and required further iterations to obtain richer input.""]}",,Kim et al. - 2021 - Designing an Indoor Air Quality Monitoring App for Asthma Management in Children User Centered Desig.txt,"Condition A: satisfied - The paper reports active user involvement (semistructured interviews with children that informed design), explicit iterative refinement cycles (sketches -> wireframes -> high-fidelity prototypes -> revisions), and evidence of all lifecycle phases (understanding user needs via interviews, ideation/concept generation, prototyping, and evaluation via cognitive walkthroughs and think-aloud sessions).; Condition B: satisfied - The authors report designer-facing constraints: COVID-19 forced cancellation of planned participatory workshops and replacement with virtual interviews (affecting planned design activities), and low-fidelity prototypes limited the depth of participant feedback, both of which impacted the designers' execution of the project.; Final rationale: Both the full HCD cycle (Condition A) and at least one designer-experienced task/constraint (Condition B) are documented in the provided sections, so the study meets inclusion criteria.",Designing an Indoor Air Quality Monitoring App for Asthma Management in Children: User-Centered Design Approach
"Mihui Kim, Yesol Kim, Mona Choi",High,Include,"""HCD_fullcycle"": [""A1 User Involvement: \""Therefore, this study included patients with PAD in the development process (Phases 1 and 3), accurately assessed their requirements and priorities with regard to smartphone apps for behavior change, and evaluated the usability of the smartphone app.\"" - Methods (overview)"", ""A1 User Involvement: \""The semi-structured interviews were conducted on 15 participants...\"" and \""For the questionnaire-based survey, 138 patients were recruited...\"" - Methods, Phase 1 Needs assessment"", ""A2 Iteration: \""The software development process was based on iterative development using a user-centered design approach to promote behavior change, which involves the following three phases: analysis, design, and implementation.\"" and \""This iterative development process is continued until the software reaches a prespecified satisfactory level ... teamwork is emphasized to develop, test, modify, and retest periodically during the process\"" - Methods (process description)"", ""A3 Lifecycle (Understanding/Ideation/Prototyping/Evaluation): Understanding: \""The semi-structured interviews...\"" and \""138 patients participated in the survey...\"" - Methods, Phase 1 Needs assessment; Ideation: \""The initial prototype was constructed based on the users’ requirements...\"" - Methods, Phase 2 Prototype; Prototyping: \""A smartphone app was developed on the Android operating system (version 4.4 or higher).\"" and \""The initial version of the platform was built and tested to ensure it was bug-free by the authors.\"" - Methods, Phase 2 Prototype; Evaluation: \""The heuristic evaluation of the smartphone app was performed by four experts...\"" and \""User evaluation was performed by four nurses and three patients with PAD...\"" (SUS and open-ended questions) - Methods, Phase 3 Heuristic evaluation / User evaluation""], ""TASKS_elements"": [""\""First, the smartphone app was only available for the Android operating system. ... the authors chose to develop an Android smartphone app that could be used by more patients, owing to limited resources.\"" - Limitations - [Shows a resource limitation that constrained designers' platform choice (could not develop iOS version due to limited resources)]"", ""\""Finally, the smartphone app was developed to synchronize with Fitbit Charge 4. Therefore, an additional development process is required when synchronized with other commercial wearable activity trackers.\"" - Limitations - [Shows a technical integration constraint limiting interoperability and requiring extra development effort to support other trackers]""]}",,Kim et al. - 2022 - Mobile health platform based on user centered design to promote exercise for patients with periphera.txt,"Condition A: satisfied - Users were actively involved through interviews and a large survey (A1), the development process is explicitly iterative with testing and modification cycles (A2), and all four lifecycle phases are evidenced (user understanding, ideation/prototype, prototyping, expert and user evaluation) (A3).; Condition B: satisfied - The authors report explicit resource constraints that affected design decisions (Android-only) and technical integration limits (Fitbit-only), both constituting designer-facing barriers.; Final rationale: Both Condition A (full HCD cycle) and Condition B (designer-facing task/constraint evidence) are met based on statements in Methods and Limitations, so the study is included.",Mobile health platform based on user‑centered design to promote exercise for patients with peripheral artery disease
"Kim, M.J.; Schroeder, S.; Chan, S.; Hickerson, K.; Lee, Y.-C.",High,Include,"""HCD_fullcycle"": [""A1 User Involvement: \""During the design phase, each round of user testing included a mix of surveys, concurrent think-alouds, and interviews to gather user feedback on the prototypes.\"" - Abstract / Methods"", ""A2 Iteration: \""Our three rounds of user testing—each followed by refinements of our prototype—represented multiple iterations of the design thinking process.\"" - Methods (2. Materials and Methods)"", ""A3 Lifecycle (Understanding/Ideation/Prototyping/Evaluation): \""Prior to designing, our team undertook a discovery process that involved creating personas, conducting a competitor analysis and heuristic evaluation of existing apps, along with interviews with acid reflux patients. Then, we created a low-fidelity prototype, which was revised on the basis of several rounds of user testing... Lastly, an evaluation phase consisting of gathering feedback on the user-centered design approach from user experience experts and medical doctors specialized in GERD was conducted.\"" - Abstract / Methods""], ""TASKS_elements"": [""\""Due to the time limitations imposed by the 2021 Mobile Health Applications for Consumers Design Competition, we recruited a convenience sample from among our personal social circles using social media to find contacts who experienced acid reflux symptoms.\"" - Methods (2.1.2) - Shows a designer-facing constraint (time limit) that forced use of convenience sampling and limited recruitment options."", ""\""We did not create a high-fidelity prototype with live functions for the participants to use... due to financial and time limitations\"" - Discussion / Limitations - Shows resource limits (time and funding) that prevented designers from producing a higher-fidelity prototype for testing."", ""\""We emailed a link to our survey to a total of 25 experts... Two experts submitted answers to all 17 questions. Seven respondents began to complete the survey questions but stopped before providing any open-ended input\"" - Methods (2.2.2) - Demonstrates participant access/engagement issues with expert recruitment that limited expert feedback to designers."", ""\""Another important limitation of the GerdHelper app is the lack of input from medical experts throughout the design process.\"" - Discussion - Indicates a skill/knowledge gap in the design team (absence of medical professionals) that constrained design decisions and required adaptation.""]}",,Kim et al. - 2022 - Reviewing the User Centered Design Process for a Comprehensive Gastroesophageal Reflux Disease GERD.txt,"Condition A: satisfied - The paper documents active user involvement (interviews, think-alouds, surveys integrated into design), explicit iterative refinements across multiple rounds, and activities covering understanding (personas, interviews, competitor analysis), ideation (team meetings, design-thinking), prototyping (low- and medium-fidelity Figma prototypes), and evaluation (user testing, expert/judge feedback).; Condition B: satisfied - The authors report designer-facing constraints including time and financial limits that shaped methodological choices, limited and convenience sampling of participants, low expert survey response rates, and lack of medical experts on the team, all of which affected their ability to conduct or extend design activities.; Final rationale: Both the full HCD cycle (A) and at least one designer-facing task/constraint (B) are evidenced explicitly in Methods, Results, Discussion, and Limitations. Therefore the study meets inclusion criteria.",Reviewing the User-Centered Design Process for a Comprehensive Gastroesophageal Reﬂux Disease (GERD) App
"Jayde King, John Kleber, Ashlee Harris, Barbara Chaparro, Beth Blickensderfer",High,Exclude,"""HCD_fullcycle"": [""A1 User Involvement: \""We used a user-centered design process which involved an initial task analysis, low-fidelity prototyping, low-fidelity usability testing, user interviews and expert review.\"" - Methods/Study overview"", ""A2 Iteration: \""The PWDST underwent four major phases of review and modifications... Next, the PWDST underwent an iterative process including a series of expert reviews and modifications.\"" - PWDST Development (Methods)"", ""A3 Lifecycle (Understanding/Ideation/Prototyping/Evaluation): \""we interviewed a series of private pilots and instructors to gain a better understanding of common hindrances to novice pilots while preflight weather planning\"" (Understanding) ; \""Through the use of target market feedback and Subject Matter expert guidance, we developed the first PWDT prototype\"" (Ideation) ; \""The Preflight Decision Support Tool was wire-framed using Google Drive App Draw.io and the high fidelity mockup was created with AXURE software student license\"" (Prototyping) ; \""Participants (n=9) completed a usability study and a series of surveys during, as well as, after the completion of the preflight planning scenario.\"" (Evaluation) - PWDST Development / Materials / Procedure / Results""], ""TASKS_elements"": []}","Condition B not satisfied - no designer-facing difficulties or constraints reported in Methods, Results, Discussion, or Limitations",King J. et al. - 2019 - Preflight Weather Decision Support Tool PWDST User Centered Design Process and Usability Validation.txt,"Condition A: satisfied - The paper documents user involvement (interviews, task analysis, usability testing), explicit iteration (four phases, iterative expert reviews), and evidence of all lifecycle phases (understanding via interviews/task analysis, ideation leading to a prototype, prototyping with wireframes and Axure, and evaluation via a usability study).; Condition B: not satisfied - The manuscript does not report any designer-facing difficulties, constraints, or barriers (no resource limits, participant access problems affecting design, cognitive/emotional strain on designers, skill gaps, or process/technical issues) in Methods, Results, Discussion, or Limitations.; Final rationale: Although the study meets the full HCD cycle criteria (Condition A), it fails Condition B because there is no documented evidence of challenges experienced by the designers during the project; therefore it is excluded.",Preflight Weather Decision Support Tool (PWDST): User-Centered Design Process and Usability Validation
Chalermpon Kongjit; Acrapol Nimmolrat; Achara Khamaksorn,High,Include,"""HCD_fullcycle"": [""A1 User Involvement: \""UCD methodology was used to design a graphical user interface, analyse the application’s functionality, and enhance its usability. Data from thirty female end-users were collected and maintained locally, and thirteen information technology (IT) experts provided feedback on the prototype trial. Interviews and questionnaires were used to gather user data and identify problems.\"" - Methods"", ""A2 Iteration: \""In the first round of testing, the scores from the questionnaire were analysed to summarise users’ feedback and a t-test statistical analysis was applied to compare the average scores. The prototype was then refined based on the specific points raised in these findings. This process was repeated for the revised prototype, and again the data derived was analysed.\"" - Prototype evaluation / Methods"", ""A3 Lifecycle (Understanding/Ideation/Prototyping/Evaluation): \""Context of use specification: ... 30 general users were given 10–20 min to test each of the 50 apps over a period of 30 days... A single focus-group was arranged with the general users, and ... 30-minute interviews were conducted via Zoom ... The feedback was then analysed and classified to build a taxonomy of the problems...\""; \""Production of required design solutions: ... a prototype application with female-related content was developed ... using the MockingBot program.\""; \""Prototype evaluation: Individual users were sent the link ... to access the first version of the prototype app for installation and evaluation ... asked to test it for 30 min and then provide feedback in a questionnaire.\"" - Methods / Production of required design solutions / Prototype evaluation""], ""TASKS_elements"": [""\""First, the study sample was restricted to a single group of end-users (educated women who use smartphones and live in Chiang Mai); this limited the number of end-users and IT experts available.\"" - Limitations - This indicates a recruitment/resource limitation that constrained designers' ability to obtain diverse participant input."", ""\""Second, due to the limited number of participants mentioned above, it could be said that the test evaluation criteria were modified to recruit sufficient research participants (e.g. The number of questions was reduced).\"" - Limitations - Shows the limited sample forced designers to change evaluation methods, directly affecting design activities and data collection."", ""\""Lastly, two iterations to improve the application design are insufficient to revise the application prototype adequately. A third session of product testing and revision would be advantageous.\"" - Limitations - Indicates process constraint (insufficient iteration) that limited designers' ability to fully refine the prototype."", ""\""Note that devices were not supplied, and connection costs were not supported in this research. Users had to install the apps on their own mobile devices.\"" - Methods (Context of use specification) - A resource constraint that could limit participant access and the designers' ability to control testing conditions, affecting data and iteration."", ""\""Video recording was not permitted in this research due to ethical reasons. However, four staff took notes of respondents’ answers during the focus group.\"" - Methods - A data-collection constraint that limited the designers' ability to capture full observational data, impacting analysis and design decisions."", ""\""The findings indicated limitations in the mobile development experience of some of the IT experts in this study.\"" - Methods (Experimental sample) - Reflects skill/knowledge gaps among project contributors that could have constrained design and development activities.""]}",,Kongjit et al. - 2022 - Mobile health application for Thai women investigation and model.txt,"Condition A: satisfied - The study documents active user involvement (focus groups, interviews, iterative feedback from 30 end-users and 13 IT experts), explicit iteration (first prototype, refinement, second evaluation), and all four lifecycle phases (context understanding, requirements/ideation, prototyping, and evaluation).; Condition B: satisfied - Multiple designer-facing constraints are reported (limited and geographically narrow sample forcing modification of evaluation criteria, resource constraints like no supplied devices, prohibition on video recording, limited development expertise among some experts, and insufficient number of iterations), which affected designers' ability to perform design activities.; Final rationale: The paper reports a full UCD cycle with documented iteration and shows concrete constraints that impacted the design process; therefore it meets both Condition A and Condition B and should be included.",Mobile health application for Thai women: investigation and model
"Richelle J. Koopman, Shannon M. Canfield, Jeffery L. Belden, Pete Wegier, Victoria A. Shaffer, K. D. Valentine, Akshay Jain, Linsey M. Steege, Sonal J. Patil, Mihail Popescu, Michael L. LeFevre",High,Include,"""HCD_fullcycle"": [""A1 User Involvement: \""We iteratively tested and refined the visualization in a series of 7 formative design focus groups, with 5 iterations to reach the final prototype\"" - Patient and physician focus groups (Methods)"", ""A2 Iteration: \""After iterating to a final prototype (Fig. 4), we conducted three confirmatory focus groups and a key informant interview as a member check.\"" - Patient and physician focus groups / Methods"", ""A3 Lifecycle (Understanding/Ideation/Prototyping/Evaluation): \""Understanding: pre-focus group surveys and focus groups to identify needs; Ideation: 'To create initial candidate designs, our multidisciplinary team used a deep dive approach' (Interface design); Prototyping: 'we first designed several candidate data visualizations' (Interface design); Evaluation: 'conducted three confirmatory focus groups... as a member check' (Patient and physician focus groups)\"" - Methods / Interface design / Results""], ""TASKS_elements"": [""\""However, physicians indicated a concern that their personal effort expenditure for physician-entered annotations might outweigh the benefits of entering annotations manually. They preferred drop-down list options within their existing workflow or automated population of relevant data. They were also concerned about the potential for voluminous patient-entered annotations.\"" - Qualitative results (Data visualization features) - Shows a process/workflow constraint that forced designers to seek automated or lower-effort annotation solutions rather than manual entry"", ""\""Thus far, we have not been able to incorporate annotations to the visualization. Work remains for us to identify ways to add annotations that fit into physician workflow...\"" - Discussion - Shows an implementation/technical limitation that prevented designers from delivering the intended annotation feature during the project"", ""\""we were also concerned that the presence of physicians in mixed focus groups might effectively diminish the voice of the patient participants, especially if logistics did not allow matching of patients with their own physician... in addition to being logistically prohibitive among these returning participants\"" - Discussion - Shows a logistical/resource constraint that limited methodological options (mixed focus groups) during the design process"", ""\""We also need to add Bluetooth capability for home blood pressure devices to the patient portal. Our algorithms are equipped to handle large amounts of blood pressure data, but it is inevitable that Bluetooth upload from devices will introduce new challenges.\"" - Discussion - Shows anticipated technical integration challenges affecting implementation""]}",,Koopman R.J. et al. - 2020 - Home blood pressure data visualization for the management of hypertension Designing for patient and.txt,"Condition A: satisfied - The paper documents active user involvement (multiple patient and physician focus groups shaping design), explicit iteration (5 iterative rounds, confirmatory member checks), and the full lifecycle (user needs elicitation, ideation/deep dive design, prototyping of candidate visualizations, and evaluation via formative and confirmatory focus groups).; Condition B: satisfied - The manuscript reports concrete designer-facing constraints and implementation issues (annotation feature not yet implemented due to workflow/technical barriers, physician workload concerns shaping design choices, logistical prohibitions on mixed focus groups, and required Bluetooth integration challenges).; Final rationale: The study reports a full user-centered design cycle with iterative co-design and evaluation by patients and physicians and also documents multiple designer-oriented constraints and technical/logistical barriers that affected design decisions and implementation; therefore it meets both Condition A and Condition B and should be included.",Home blood pressure data visualization for the management of hypertension: designing for patient and physician information needs
Yvonne J G Korpershoek; Sander Hermsen; Lisette Schoonhoven; Marieke J Schuurmans; Jaap C A Trappenburg,High,Include,"""HCD_fullcycle"": [""A1 User Involvement: \""The mHealth intervention was developed by following a UCD process involving patients with COPD, health care providers (HCPs), COPD experts, designers, software developers, and a behavioral scientist.\"" - Methods: User-Centered Design Process"", ""A2 Iteration: \""The UCD was based on the methodology as described by Johnston et al [33] consisting of four iterative phases: (1) background analysis and design conceptualization, (2) alpha usability testing, (3) iterative software development, and (4) field usability testing (Figure 1) [33].\"" - Methods: User-Centered Design Process"", ""A3 Lifecycle (Understanding/Ideation/Prototyping/Evaluation): \""Understanding users: a grounded theory study using individual in-depth interviews with patients with COPD (n=15) was performed\""; \""Ideation: creative ideas ... using methods derived from design thinking ... In a pressure cooker session with three independent creative designers\""; \""Prototyping: low-fidelity paper prototypes ... the mHealth intervention was built in React Native ... minimum viable product (MVP)\""; \""Evaluation: alpha usability testing ... field usability testing ... cognitive task analysis ... System Usability Scale (SUS)\"" - Methods: Phase 1C, 1F, Phase 2, Phase 3, Phase 4""], ""TASKS_elements"": [""\""At the same time, owing to time and financial constraints, some steps were disregarded and moved to later versions of the intervention, such as including assistance in cases where patients are in doubt about contacting their HCP.\"" - Results: Phase 3 Iterative Software Development - This shows a designer-facing resource constraint that forced the team to omit or postpone planned design components."", ""\""The whole intervention development process took place over a 4-year period, which is quite time consuming and could increase the risk of a misfit with current market developments or that technology has moved on by the time of implementation.\"" - Discussion: Strengths and Limitations - This documents time constraints experienced during development that affected the design timeline and decisions."", ""\""A limitation in this study was the restricted budget available for the creative design and development of the mHealth intervention, which required us to make a selection in the development of intervention components.\"" - Discussion: Strengths and Limitations - This explicitly states a funding/resource limitation that constrained designers' ability to implement all planned components.""]}",,Korpershoek et al. - 2020 - User Centered Design of a Mobile Health Intervention to Enhance Exacerbation Related Self Management.txt,"Condition A: satisfied - The paper documents active user involvement (interviews, focus groups, co-design of action plan), explicit iterative cycles (four iterative UCD phases, scrum sprints), and a complete lifecycle with understanding (interviews/scoping reviews), ideation (design thinking sessions), prototyping (paper prototypes and MVP), and evaluation (alpha and field usability testing including SUS and task analysis).; Condition B: satisfied - The paper reports multiple designer-facing constraints (time, financial/budget limits, prolonged scientific/ethics processes) that explicitly forced adaptation or postponement of planned design activities/components.; Final rationale: The study describes the authors' own iterative UCD process meeting all Full HCD Cycle criteria and reports concrete designer-experienced barriers (resource/time constraints) that affected design decisions; therefore it meets both Condition A and Condition B and should be included.",User-Centered Design of a Mobile Health Intervention to Enhance Exacerbation-Related Self-Management in Patients With Chronic Obstructive Pulmonary Disease (Copilot): Mixed Methods Study
Yiannis Koumpouros,High,Include,"""HCD_fullcycle"": [""A1 User Involvement: \""The research team followed a highly user-centered design, involving all different target groups. Patients and physicians from different specialties were involved in all steps of the design and development process to guarantee the desired outcome.\"" - Methods"", ""A2 Iteration: \""During the development period, an iterative process was followed (see Figure 1).\"" and \""scrum-based design helped us to naturally adapt to changing conditions and user requirements.\"" - Methods (Phase 3 & general Methods)"", ""A3 Lifecycle (Understanding/Ideation/Prototyping/Evaluation): \""Phase 1: ...Using focus group discussions, we were able to obtain valuable information from both patients and healthcare professionals...Various mock-ups were designed and presented...\""; \""Phase 2: Alpha Testing...Semi-structured interviews were used to collect the desired information. Data were then analyzed by two experts independently.\""; \""Phase 3: Software Development...The design of the first platform took 12 weeks.\""; \""Phase 4: Field Testing: Ten patients and two physicians used the solution for fifteen days...they were observed by two researchers while performing the different tasks. A think-aloud process was followed to record their opinion.\"" - Methods (Phase 1–4)""], ""TASKS_elements"": [""\""For example, too much information was initially requested. The prioritization of information was crucial so as not to lose important data, and at the same time, to preserve all the valuable information for the doctors. A common mistake is either to keep all the originally recorded information or for the technicians to decide what should be kept or not. This greatly affects the graphical user interface, making it usually very complex\"" - Discussion - Why it shows a designer barrier: Designers were forced to adapt the information architecture and prioritize data due to initial information overload, a process constraint that impacted design decisions."", ""\""Taking into account the above criteria, we decided to develop the first prototype only in the Android platform.\"" and criteria listed: \""(i) the profile of the end users... (ii) the cost for developing the final product, (iii) the time needed for developing the solution, (iv) the resources needed, and (v) technical complexity during development.\"" - Methods - Why it shows a designer barrier: Resource/time/cost constraints explicitly limited platform choice and scope, showing a resource limitation experienced by the design team."", ""\""Regarding the limitations of the study, we can mention the small size of the population that tested the final application, the short testing time, as well as the absence of a valid and reliable scale for the evaluation of the PainApp.\"" - Discussion/Limitations - Why it shows a designer barrier: Small sample and short testing time limited designers' ability to collect diverse feedback and fully evaluate the app, constraining iterative evaluation and validation.""]}",,Koumpouros - 2022 - User Centric Design Methodology for mHealth Apps The PainApp Paradigm for Chronic Pain.txt,"Condition A: satisfied - Methods provide explicit evidence of active user/stakeholder involvement (patients and clinicians in all steps), an explicit iterative development process (iterative cycles, scrum), and documented evidence of all four lifecycle phases (Phase 1 understanding, ideation/mock-ups; Phase 2 alpha testing; Phase 3 prototyping/development; Phase 4 field evaluation).; Condition B: satisfied - Multiple statements describe constraints experienced by designers (information overload requiring prioritization; explicit resource/time/cost criteria driving Android-only prototype; small sample and short testing limiting evaluation), meeting the TASKS elements definition.; Final rationale: Both Condition A (full HCD cycle with user involvement and iteration) and Condition B (designer-experienced constraints) are clearly supported by the Methods, Results, Discussion, and Limitations text, so the study should be included.",User-Centric Design Methodology for mHealth Apps: The PainApp Paradigm for Chronic Pain
Julie Kreyenbuhl; Elizabeth J. Record; Seth Himelhoch; Melanie Charlotte; Jessica Palmer-Bacon; Lisa B. Dixon; Deborah R. Medoff; Lan Li,High,Include,"""HCD_fullcycle"": [""A1 User Involvement: \""Input from individuals with schizophrenia and their psychiatrists was carefully considered at each stage of developing MedActive through the iterative process of user-centered design (UCD)... Five individuals with schizophrenia and seven psychiatrists participated in a usability testing protocol\"" - Methods/Theoretical Framework"", ""A2 Iteration: \""Throughout the development of MedActive, usability testing provided guidance on the specification of the format, appearance, and content of the intervention... Taking this feedback into consideration, several changes to the application were made, including alteration of the text size and color, and replacement of various terms to meet the literacy level of the patient population.\"" - Methods/Theoretical Framework"", ""A3 Lifecycle (Understanding/Ideation/Prototyping/Evaluation): \""Informed by the Information-Motivation-Behavioral (IMB) Skills Model and using the iterative process of user-centered design, we collaborated with individuals with schizophrenia and psychiatrists to develop an interactive smartphone application and web-based clinician interface, MedActive... MedActive (Figure 1) consists of an Android-compatible smartphone application...\"" and \""We conducted an open trial in which individuals with schizophrenia and psychiatrists used the MedActive application and clinician interface for 2 weeks\"" - Abstract; Methods; Open Trial of MedActive""], ""TASKS_elements"": [""\""some commented that they had difficulty reading the text due to the font size and color, and had difficulty comprehending some terms, including 'antipsychotic,' 'cognitive problems,' and 'rigidity.'... Taking this feedback into consideration, several changes to the application were made, including alteration of the text size and color, and replacement of various terms to meet the literacy level of the patient population.\"" - Methods/Theoretical Framework - Designer barrier: users' cognitive/literacy limitations required the design team to modify UI and terminology, showing a constraint that forced design adaptation."", ""\""psychiatrist participants were interested in viewing the information provided on the MedActive clinician interface, but cited practical barriers to regularly accessing it and integrating into their daily practice.\"" - Abstract/Discussion - Designer barrier: clinicians' workflow and access constraints limited integration and required the team to consider system-level integration and redesign for practical use."", ""\""Four participants (57%) 'strongly agreed' or 'agreed' that they needed technical support.'\"" and \""Participants were contacted on days 2 and 7 of the 2-week study period to troubleshoot any difficulties with the phone or app.\"" - Results/Acceptability; Methods/Procedures - Designer barrier: substantial need for technical support and ongoing troubleshooting imposed resource and support burdens on the team and affected implementation.""]}",,Kreyenbuhl J. et al. - 2019 - Development and Feasibility Testing of a Smartphone Intervention to Improve Adherence to Antipsychot.txt,"Condition A: satisfied - The study documents active user involvement through usability testing with patients and psychiatrists (A1), explicitly describes iterative user-centered development with implemented changes (A2), and shows the full HCD lifecycle via needs/feedback gathering, conceptualization/prototyping of the app and clinician interface, and evaluation in a 2-week open trial (A3).; Condition B: satisfied - The manuscript reports designer-facing constraints: users' literacy/cognitive limits forced UI/terminology changes, psychiatrists reported practical barriers to accessing/integrating the clinician interface into workflow, and participants required technical support and troubleshooting, all of which impacted design and implementation.; Final rationale: Both the full HCD cycle (user involvement, iteration, and evidence of understanding/ideation/prototyping/evaluation) and at least one valid designer-experienced task/constraint are present in the Methods/Results/Discussion/Limits; therefore the paper meets inclusion criteria.",Development and Feasibility Testing of a Smartphone Intervention to Improve Adherence to Antipsychotic Medications
Lisa M Kuhns; Jane Hereth; Robert Garofalo; Marco Hidalgo; Amy K Johnson; Rebecca Schnall; Sari L Reisner; Marvin Belzer; Matthew J Mimiaga,High,Include,"""HCD_fullcycle"": [""A1 User Involvement: \""with input from an expert advisory group and feedback from YTW collected during user-centered design sessions.\"" - Abstract / Methods (Design Sessions)"", ""A1 User Involvement: \""For each activity, we asked participants a set of semistructured questions focusing on user-centered aspects of adaptation to mobile, for example, whether they found the mobile app activities engaging... whether they understood the activity content... perceptions of the images and graphics, coverage of topics... and any additional feedback or suggestions.\"" - Methods (Design Sessions)"", ""A2 Iteration: \""we adapted the in-person, group-based LifeSkills to mobile app and tested it in 3 phases: (1) prototype development, (2) design sessions and app development, and (3) usability testing\"" and \""We planned to execute at least two rounds of usability testing to identify potential problems and then correct and test the app, with rounds of testing added as needed to resolve all issues.\"" - Methods (Overview & Usability Testing)"", ""A2 Iteration: \""A total of 5 participants completed the first round of usability testing, followed by an additional 5 participants who completed the second round of testing... Small errors... were corrected for redeployment in the next iteration of usability testing.\"" - Results (Usability Testing)"", ""A3 Lifecycle (Understanding/Ideation/Prototyping/Evaluation): \""Extensive formative work to develop the LifeSkills intervention content was completed together with YTW... The primary focus of prototype development was to maintain the core themes and activities of the original intervention, to draft interactive mobile activities to replace group-based activities, and to create engaging characters... The end product was a paper-and-pencil prototype, which served as a blueprint of content for building the app... Usability testing... through a think-aloud protocol... recorded the interview audio and screenshots... participants rated the app’s usability using validated instruments, including the Health-ITUES and PSSUQ.\"" - Methods (Prototype Development; Design Sessions; Usability Testing)""], ""TASKS_elements"": [""\""Dynamic app content, including audio, video, and animation, have not yet been added to the app because of resource limitations but are planned for a future iteration.\"" - Limitations - Why it shows a designer barrier: explicitly states resource limitations prevented designers from implementing planned dynamic multimedia features in this iteration."", ""\""Similarly, the next version of the app will include the implementation of security features, including usernames and passwords, necessary for log-in and browser time-outs.\"" - Limitations - Why it shows a designer barrier: indicates security/authentication features were not implemented due to current constraints, affecting designers' ability to complete full feature set."", ""\""The decision to develop a web app was based on the higher cost of developing native apps and the additional complications posed by native apps, including distribution rules through app stores that change frequently.\"" - Design Sprints (Methods) - Why it shows a designer barrier: documents a design decision driven by resource/cost and distribution constraints that limited the chosen technical approach.""]}",,Kuhns et al. - 2021 - A Uniquely Targeted Mobile App Based HIV Prevention Intervention for Young Transgender Women Adaptat.txt,"Condition A: satisfied - The paper documents active user involvement through user-centered design sessions and usability testing (A1), explicit iterative refinement with multiple development/testing rounds and sprint cycles (A2), and evidence of all lifecycle phases: formative understanding, ideation/prototype development, prototyping (paper prototype, wireframes, alpha/beta), and evaluation (think-aloud, validated usability scales) (A3).; Condition B: satisfied - The paper reports concrete designer-facing constraints: resource limitations that prevented adding dynamic multimedia and security features and a cost-driven decision to build a web app rather than native apps, all of which affected design choices and capabilities.; Final rationale - Both the full HCD cycle (A) and at least one valid designer task-related constraint (B) are present in the reported methods, results, and limitations; therefore the study meets inclusion criteria.","A Uniquely Targeted, Mobile App-Based HIV Prevention Intervention for Young Transgender Women: Adaptation and Usability Study"
"Ajit Kumara, Sanjeev Maskarab, I-Jen Chiang",High,Exclude,"""HCD_fullcycle"": [""A1 User Involvement: \""The participants were asked to observe and interview one or more foreigners each in their neighborhood, workplace, or any other convenient place. The participants were given a period of three-week for direct observation. They observed and interviewed one foreigner each.\"" - Methods (Observation phase)"", ""A2 Iteration: \""we decided to conduct a small online questionnaire based survey and suspended the HCD team discussion for two months (Day 27 to Day 86).\"" and \""After the completion of the questionnaire based survey, we resumed the HCD team discussion on Day 87.\"" - Methods (Ideation and delivery phase)"", ""A3 Lifecycle (Understanding/Ideation/Prototyping/Evaluation): \""this study was carried out until the identification of a prototype that might improve English proﬁciency among the hospital’s administrative staffs. However, the making of the prototype and its testing were not executed.\"" - Limitations""], ""TASKS_elements"": [""\""we found a deadlock situation among the HCD participants. Therefore, to overcome this situation, we decided to conduct a small online questionnaire based survey and suspended the HCD team discussion for two months (Day 27 to Day 86).\"" - Methods (Ideation and delivery phase) - This shows a designer-facing process constraint (team deadlock) that forced suspension of design discussion and adaptation of method."", ""\""this study was carried out until the identification of a prototype ... However, the making of the prototype and its testing were not executed.\"" - Limitations - This indicates a constraint on the designers' ability to carry design activities through to prototyping and evaluation (prevented prototype construction and testing)."", ""\""our focus mainly remained from the desirability perspective. Technical feasibility and financial viability are required to be explored further.\"" - Limitations - This reflects a limitation in the design process scope (designers did not address feasibility/viability), constraining complete design development.""]}",Condition A not satisfied: incomplete HCD cycle — prototyping and evaluation phases were not executed.,Kumar et al. - 2014 - Health care satisfaction among foreign residents in Taiwan An assessment and improvement.txt,"Condition A: not satisfied - The study demonstrates understanding (user interviews/observation) and ideation (brainstorming, candidate prototypes), and shows iterative activity (pausing for survey and resuming), but explicitly states that prototype making and testing were not executed, so the prototyping and evaluation phases of a full HCD cycle are missing.; Condition B: satisfied - The manuscript documents designer-experienced constraints (team deadlock requiring suspension and an online survey to resolve, explicit inability to build/test the prototype, and limited focus omitting feasibility/viability), which impacted the designers' ability to perform or complete design activities.; Final rationale: Exclude because the full HCD cycle (specifically prototyping and evaluation) is not completed in this study, although designer-facing constraints are reported. The review requires evidence of the complete cycle; its absence leads to exclusion.",Health care satisfaction among foreign residents in Taiwan – An assessment and improvement
"Matteo Laffranchi, Stefano D’Angella, Christian Vassallo, Chiara Piezzo, Michele Canepa, Samuele De Giuseppe, Mirco Di Salvo, Antonio Succi, Samuele Cappa, Giulio Cerruti, Silvia Scarpetta, Lorenzo Cavallaro, Nicolò Boccardo, Marialaura D’Angelo, Claudia Marchese, Jody A. Saglia, Eleonora Guanziroli, Giacinto Barresi, Marianna Semprini, Simone Traverso, Stefano Maludrottu, Franco Molteni, Rinaldo Sacchetti, Emanuele Gruppioni, Lorenzo De Michieli",High,Include,"""HCD_fullcycle"": [""A1 User Involvement: \""As part of the exploratory phase, we first conducted a preliminary series of studies based on questionnaires and focus groups involving patients, aimed at understanding their primary needs and requirements... A co-creation session followed, where subjects were asked to brainstorm and provide potential use case scenarios and design inputs.\"" - Section: Exploratory Phase: Analysis of User Needs"", ""A2 Iteration: \""The formative phase includes iterations where the design of the device and its subsystems are continuously assessed and updated to comply with the set user requirements. The formative phase may also update the design requirements of the device to comply with possible additional request emerged during the above-mentioned participatory evaluation.\"" - Section: Formative Phase: Iterative Improvements of the Device"", ""A3 Lifecycle (Understanding/Ideation/Prototyping/Evaluation): \""Exploratory Phase: Analysis of User Needs... questionnaire and three focus groups... Based on the results reported in Figure 2 and on the feedback given during the focus groups, the main user-driven requirements for the development of the TWIN exoskeleton were drafted.\"" (understanding/ideation) \""MECHATRONIC DESIGN OF THE TWIN LOWER LIMB EXOSKELETON\"" (prototyping/design) \""MECHATRONICS SYSTEM EVALUATION... Initially, 10 healthy volunteers participated to the tests... a second stage involved one 31-year-old SCI patient... During the sessions of the formative phase, the evaluation was carried out... Both subjects and supervisors were instructed on how to use the exoskeleton. During exoskeleton sessions... the users were invited to freely express their opinions... objective observations were collected to integrate and confirm the insights offered by the subjects’ opinions.\"" - Sections: Exploratory Phase: Analysis of User Needs; MECHATRONIC DESIGN; MECHATRONICS SYSTEM EVALUATION""], ""TASKS_elements"": [""\""The design of this subsystem is a major technical challenge that implies critical electromechanical design which must ensure the transmission of both the structural mechanical load and function of electrical connector. Indeed, this component is subject to high values of stress when the exoskeleton is in use, which need to be borne by the mechanical structure...\"" - Section: System Overview and Architecture / Quick Release System - Why it shows a designer barrier: describes a concrete technical challenge faced by designers in developing the quick-release electromechanical connector that required special design and FEM validation."", ""\""ensuring stable electrical continuity over a connector that is subject to considerable mechanical stress is particularly challenging... To solve this issue, we designed a system which mechanically decouples the electrical connection from the structural parts of the connector...\"" - Section: Electrical Connections - Why it shows a designer barrier: documents a specific technical difficulty designers had to address to maintain electrical reliability under mechanical stress."", ""\""the practical implementation of this point [reaching a standing posture with free hands] required solutions that were in contrast with most of the other priorities and was thus left for future developments.\"" - Section: Exploratory Phase: Analysis of User Needs - Why it shows a designer barrier: indicates a design constraint/trade-off that prevented implementing a user request due to conflicting priorities."", ""\""we slightly exceeded the target weight (TWIN weighs 23 kg)\"" - Section: Discussion - Why it shows a designer barrier: reports a deviation from a design target (weight) that constrained the design and likely forced adaptations.""]}",,Laffranchi et al. - 2021 - User Centered Design and Development of the Modular TWIN Lower Limb Exoskeleton.txt,"Condition A: satisfied - The paper documents active user involvement (questionnaires, focus groups, co-creation), explicit iterative formative phases, and evidence of the four lifecycle phases (user needs analysis, concept/requirements derivation, prototyping/mechatronic design, and formative evaluation with volunteers and an SCI patient).; Condition B: satisfied - The manuscript describes concrete designer-facing technical challenges and constraints (critical electromechanical design of the quick-release connector, electrical continuity under mechanical stress, trade-offs preventing implementation of some user requests, and exceeding the target weight) that affected design activities.; Final rationale: Both Condition A (full HCD cycle) and Condition B (designer-experienced tasks/constraints) are met based on explicit descriptions in Methods/Results/Discussion; therefore the paper should be included.",User-Centered Design and Development of the Modular TWIN Lower Limb Exoskeleton
Simon Langener; Randy Klaassen; Joanne VanDerNagel; Dirk Heylen,High,Include,"""HCD_fullcycle"": [""A1 User Involvement: \""we developed an IVR avatar prototype to identify design recommendations for IVBO using 3 consecutive iterations with end users in Dutch care facilities. Throughout these iterations, we refined the IVR avatar system and immersion procedure according to the participants’ needs.\"" - Methods"", ""A2 Iteration: \""Overall, 3 iterations were conducted using semistructured interviews to explore design factors to induce embodiment illusions in our group.\"" and iterative descriptions: \""Changes for Iteration 2...\"" \""Changes for Iteration 3...\"" - Methods / Iterative Prototype Development"", ""A3 Lifecycle (Understanding/Ideation/Prototyping/Evaluation): \""A semistructured interview ... was conducted after each of the 5 interaction tasks\"" (evaluation/understanding) and \""we developed an IVR avatar prototype\"" (prototyping) plus iterative design decisions implemented between iterations (e.g., snap turn refined, grabbing attachment changed, IK improvements) indicating ideation and redesign cycles: \""Regarding the IVR avatar, the snap turn was refined from 45° to 15°...\"" and \""For the third iteration, we simulated bending ... we refined the accuracy of the IK targets and improved the smoothness of the body rotation\"" - Methods / Iterative Prototype Development""], ""TASKS_elements"": [""\""Of the 29 participants, 5 participants (17%) terminated prematurely owing to severe motion sickness (3/5, 60%), anxiety (1/5, 20%), or use inability (1/5, 20%), resulting in missing experimental and demographic data.\"" - Results Sample Description - This shows participant dropouts that limited designers' data and feedback (participant access issue affecting the project)."", ""\""we discovered floating floor levels after reactivation, which we aimed to account for during the iteration.\"" - Iterative Prototype Development: Changes for Iteration 3 - This documents a technical issue encountered by the implementation team that forced adaptation of the system."", ""\""we removed arm scaling owing to the preponderant symmetric nature of human bodies and difficult scaling procedures.\"" - Iterative Prototype Development: Changes for Iteration 3 - This indicates a design/implementation constraint (difficult scaling procedures) experienced by the designers that led to changing the design choices."", ""\""limited room-scale area (\""If you had more space, you could just walk there.\"")\"" - Findings From Iteration 2 - This environmental constraint hindered natural locomotion testing and influenced the designers to implement artificial locomotion techniques.""]}",,Langener et al. - 2022 - Immersive Virtual Reality Avatars for Embodiment Illusions in People With Mild to Borderline Intelle.txt,"Condition A: satisfied - The study reports active user involvement shaping the design through semistructured interviews and iterative refinements (3 explicit iterations), includes prototyping (IVR avatar built), evaluation (VEQ/IPQ and interviews), and iterative ideation/design changes between iterations.; Condition B: satisfied - The paper reports concrete designer-facing constraints: participant dropouts that removed data, technical implementation bugs (floating floor levels), and difficult scaling procedures that forced removal of features, plus limited physical testing space affecting design choices.; Final rationale: The paper documents a full human-centered design cycle (user involvement, explicit iterations, evidence of understanding/ideation/prototyping/evaluation) and describes multiple process and technical constraints experienced by the design team that affected the project, meeting both Condition A and Condition B for inclusion.",Immersive Virtual Reality Avatars for Embodiment Illusions in People With Mild to Borderline Intellectual Disability: User-Centered Development and Feasibility Study
Celine Larkin; Soussan Djamasbi; Edwin D Boudreaux; Fatima Varzgani; Roscoe Garner; Mariam Siddique; John Pietro; Bengisu Tulu,High,Include,"""HCD_fullcycle"": [""A1 User Involvement: \""Next, we validated these personas during interviews with individuals with lived experience of suicidality (n=6) and used them to inform our application designs.\"" - Methods / Iteration 2"", ""A2 Iteration: \""We field-tested the apps with ED patients presenting with suicide risk (n=14) in 2 iterative cycles to assess their usability and engagement using a mixed methods approach.\"" - Abstract / Methods (also: \""iteration 1, iteration 2, iteration 3\"" described throughout Methods)"", ""A3 Lifecycle (Understanding/Ideation/Prototyping/Evaluation): \""To develop the initial set of personas for our project, we gathered information from a group of subject matter experts (4 suicidologists and 3 clinicians) ...\"" (understanding users) ; \""We used the above user experience design objectives to create a set of design mock-ups (Figure 3) and 3 introductory videos for the ED app.\"" (ideation) ; \""We then used user feedback on prototypes obtained from user interviews in iteration 2 to develop the first minimum viable products... The ED app was developed as a web app... The smartphone app was designed for use after discharge...\"" (prototyping) ; \""The usability testing for our minimum viable products ... was conducted in an active ED setting... participants completed the ED app on a tablet and share any feedback aloud ... research assistant verbally administered the 10-item System Usability Scale (SUS) ... and the User Engagement Scale (UES).\"" (evaluation) - Methods / Iterations and Usability Testing""], ""TASKS_elements"": [""\""None of the participants had access to their cell phones at the point of the research interview: the hospital protocol for patients with substantial suicide risk required that cell phones and other personal belongings be removed to avoid in situ self-harm.\"" - Results, Cycle 1 Participant Characteristics - This is a participant access constraint that limited testing on patients' own devices and affected how designers could evaluate the patient app in situ."", ""\""In cycle 2, 4/11 did not have an Android smartphone; 1 patient did not have a stable mailing address; ... and 5 patients were enrolled.\"" - Results, Cycle 2 Participant Characteristics - Lack of Android devices and unstable contact information constrained recruitment and the ability to include all target users in iteration 2, limiting iterative testing and data diversity."", ""\""When cycle 2 patients were followed up after discharge, only 40% (2/5) of the participants reported downloading the app. Of the 3 who had not downloaded the app, 2 said that they had forgotten and 1 said that they had not seen the email containing the download link.\"" - Results, Cycle 2 Follow-up - Low post-discharge engagement and missed download emails reduced follow-up usage data, limiting designers' ability to evaluate real-world engagement."", ""\""A minority of those approached in the ED participated in the usability study, and our sample skewed toward younger population than expected\"" - Limitations - Low participation rate and skewed sample limited the designers' ability to obtain representative feedback and adapt designs for underrepresented groups (eg, older patients)."", ""\""We did not have an opportunity to engage family members during the index ED encounters.\"" - Limitations - This prevented designers from testing family-sharing features and evaluating family-involved workflows during ED encounters.""]}",,Larkin et al. - 2023 - ReachCare Mobile Apps for Patients Experiencing Suicidality in the Emergency Department Development.txt,"Condition A: satisfied - The study documents active user involvement (persona validation with people with lived experience and iterative co-design feedback), explicit multiple iterations (iterations 1-3 and two usability cycles), and evidence of all lifecycle phases (user understanding via expert and patient interviews, ideation via mock-ups and design objectives, prototyping of web and smartphone apps, and evaluation via in-ED usability testing with SUS/UES and safety plan quality ratings).; Condition B: satisfied - The paper reports concrete designer-facing constraints, including participant access limitations (hospital removal of phones), device-platform restrictions in cycle 2 (Android-only availability), low recruitment/participation rates, limited post-discharge engagement/downloads, and inability to engage family members during ED encounters; these affected the team’s ability to recruit, iterate, and evaluate components of the design.; Final rationale: Both the full HCD cycle (A1-A3) and at least one valid designer-experienced task/constraint (participant access, recruitment, platform limits, follow-up engagement, and inability to engage family members) are clearly documented, meeting inclusion criteria.",ReachCare Mobile Apps for Patients Experiencing Suicidality in the Emergency Department: Development and Usability Testing Using Mixed Methods
"Moulikatou Adouni Lawani, Yves Turgeon, Luc Côté, France Légaré, Holly O. Witteman, Michèle Morin, Edeltraut Kroger, Philippe Voyer, Charo Rodriguez, Anik Giguere",High,Include,"""HCD_fullcycle"": [""A1 User Involvement: \""healthcare professionals who worked in family medicine clinics and home-care services evaluated a training program in a user-centered approach with several iterative phases of quantitative and qualitative evaluation, each followed by modifications.\"" - Methods/Abstract"", ""A2 Iteration: \""We carried three or four evaluations/tailoring rounds, with at least five HCPs during each round.\"" - Methods (Design process) ; also: \""we used the same evaluation/tailoring process again in two more rounds, with new participants each time.\"" - Decision boxes tailoring (Methods)"", ""A3 Lifecycle (Understanding/Ideation/Prototyping/Evaluation): \""At study entry, all study participants completed a questionnaire... The study participants assigned to evaluate the e-learning activity also completed a questionnaire before and after exposure...\"" (Understanding users) - Methods; \""An interdisciplinary expert panel subsequently met to review the qualitative and quantitative findings, and identified strategies to improve the DB\"" (Ideation) - Decision boxes tailoring (Methods); \""The training program included two modalities: (1) a self-directed e-learning activity... and (2) five evidence summaries, decision boxes (DBs)\"" and multiple modified versions (Prototyping) - Methods; \""semi-structured think-aloud sessions that was screen-captured and audio-recorded\"" and web-based questionnaires with open-text fields to evaluate DBs (Evaluation) - Methods""], ""TASKS_elements"": [""\""...the use of theory within an iterative user-centered design approach... required considerable resources and a continuous commitment from the research team\"" - Discussion - Why it shows a designer barrier: indicates resource/time burden experienced by the design team that constrained design activities and required trade-offs."", ""\""The semi-structured interviews used during the think-aloud session to optimize the e-learning component were superior to the questionnaires used to evaluate the DBs... the interviews provided greater insight...\"" - Discussion - Why it shows a designer barrier: shows the chosen evaluation method (questionnaires) limited designers' ability to obtain actionable insights, forcing adaptations in methods."", ""\""Some of the comments received during the evaluation of the DBs via the open-text field of the web-based questionnaire were hard to interpret and would have required further discussion with the participants to clarify their opinions.\"" - Limitations - Why it shows a designer barrier: indicates incomplete or unclear feedback constrained designers' ability to interpret data and refine prototypes."", ""\""The sample sizes were relatively small for the planned quantitative evaluations. Our conclusions were limited by the fact that the quantitative scores showed a ceiling effect.\"" - Study Limitations - Why it shows a designer barrier: limited quantitative data and ceiling effects reduced designers' ability to measure change and prioritize improvements."", ""\""Most participants were physicians and nurses, and none practiced in rural areas. Our conclusions may therefore not apply to other types of professionals, or to those practicing in rural areas.\"" - Limitations - Why it shows a designer barrier: lack of rural participant inclusion constrained the designers' ability to tailor and validate the program for rural contexts."", ""\""We sent two weekly reminders to participants who had not completed their evaluations.\"" and participant flow showing losses to follow-up (e.g., \""6 Were lost to follow-up\"") - Methods/Results - Why it shows a designer barrier: recruitment and retention issues limited available participant feedback for iterative rounds.""]}",,Lawani et al. - 2021 - User centered and theory based design of a professional training program on shared decision making w.txt,"Condition A: satisfied - The study documents active user involvement (think-aloud sessions, DB evaluations), explicit multiple iterative rounds of evaluation and modification, and evidence of all four lifecycle phases (understanding via questionnaires/interviews, ideation via expert panel and mapped behaviour-change techniques, prototyping of e-learning and DB versions, and evaluation via think-aloud and web questionnaires).; Condition B: satisfied - The paper reports designer-experienced constraints (resource/time demands, limitations of questionnaire-based feedback, small sample/ceiling effects, recruitment/retention and lack of rural participants, and difficulty interpreting open-text comments) that affected the design process.; Final rationale: Both the full HCD cycle (A1–A3) and at least one designer-facing tasks constraint (resource limits, methodological/participant access issues) are documented in Methods, Results, Discussion and Limitations, meeting inclusion criteria.",User‑centered and theory‑based design of a professional training program on shared decision‑making with older adults living with neurocognitive disorders: a mixed‑methods study
Katharine Lawrence; Danissa V Rodriguez; Dawn M Feldthouse; Donna Shelley; Jonathan L Yu; Hayley M Belli; Javier Gonzalez; Sumaiya Tasneem; Jerlisa Fontaine; Lisa L Groom; Son Luu; Yinxiang Wu; Kathleen M McTigue; Bonny Rockette-Wagner; Devin M Mann,High,Include,"""HCD_fullcycle"": [""A1 User Involvement: \""In the empathize and define stage, we will conduct focus groups and interviews to capture experiences and baseline needs of key users including patients, providers, technologists, and content experts in diabetes prevention, digital health engagement, and behavior change theory. This information will be used to inform the focus of the subsequent stages.\"" - Phase 1: Intervention Design; Procedures and Data Collection"", ""A2 Iteration: \""These prototypes will undergo a series of structured think-aloud and usability testing sessions with key users (patients and providers) and will be iteratively refined based on results from these sessions until no further substantive changes are required and an MVP is developed.\"" Additionally: \""Previous UCD studies suggest that 2 to 3 cycles of user testing are required to reach saturation.\"" - Phase 1: Intervention Design; Procedures and Data Collection"", ""A3 Lifecycle (Understanding/Ideation/Prototyping/Evaluation): \""We will apply the UCD model of empathize, define, ideate, prototype, and test to iteratively gather information, define, design, and refine the engagement intervention. This method will be applied over several cycles until a minimum viable product (MVP) of a workable intervention prototype is developed.\"" Followed by planned evaluation: \""Phase 2 will consist of a single-arm feasibility pilot... Phase 3 will consist of a two-arm randomized controlled trial (RCT) to evaluate the impact of the engagement intervention tool... on health outcomes (weight, BMI, and A1c) and engagement in the dDPP.\"" - Methods: Phase 1 procedures; Phase 2 and Phase 3 descriptions""], ""TASKS_elements"": [""\""First, we are only recruiting a small number of patients in phase 1 to identify the requirements of our intervention, which may not be representative of the broader population of patients with prediabetes in our health system. Therefore, it is possible that the features of our intervention will not apply to a larger or more diverse population.\"" - Limitations - This indicates a designer-facing constraint because a small, potentially nonrepresentative sample limits designers' ability to gather diverse user requirements and may constrain design decisions and iteration (reduced data diversity affecting design activities)."", ""\""Second, although we are able to adapt the components of our intervention to the requirements of our users, we are unable to make changes to the third-party dDPP platform we have partnered with. It is possible that barriers to engagement and health behavior change will be driven by features of the dDPP platform, rather than our intervention.\"" - Limitations - This is a process/technical designer barrier because designers are prevented from modifying the core platform, limiting their ability to implement or test design solutions and forcing adaptation around an immutable constraint.""]}",,Lawrence et al. - 2021 - Effectiveness of an Integrated Engagement Support System to Facilitate Patient Use of Digital Diabet.txt,"Condition A: satisfied - The protocol documents active user involvement (focus groups, interviews, co-design workshops), explicit iterative refinement (iterative prototyping, multiple user-testing cycles, Agile methods), and a complete lifecycle including understanding (empathize/define), ideation (DT workshops), prototyping (MVP development), and evaluation (usability testing, pilot, and planned RCT).; Condition B: satisfied - The Limitations section describes designer-facing constraints that affected the design process: a small, potentially nonrepresentative phase 1 sample limiting required user data/diversity, and inability to modify the third-party dDPP platform which restricts designers' ability to implement changes.; Final rationale: Both Condition A (full HCD cycle with user involvement and iteration) and Condition B (at least one valid designer-facing task/constraint) are met based on explicit statements in Methods and Limitations, so the paper is included.",Effectiveness of an Integrated Engagement Support System to Facilitate Patient Use of Digital Diabetes Prevention Programs: Protocol for a Randomized Controlled Trial
Nicolas J. Lehmann; Muhammed-Ugur Karagülle; Pauline Meurer; Elen Niedermeyer; Petrit Vidishiqi; Laura Pysz; Marlene Kreß; Lea R. Muth; Hermann Feldmeier; Bodo Randrianasolo Sahondra; Oliva Rabozakandraina Tiana Onintsoa; Agnès Voisard; Angela Schuster,High,Include,"""HCD_fullcycle"": [""A1 User Involvement: \""Subsequently, the resulting design is evaluated together with the identified users using participatory evaluation methods.\"" - Section III.B (Design and Evaluation)"", ""A2 Iteration: \""In the Design and Evaluation phase, a three-stage iterative process is used to first develop designs from the insights gained in the preceding iteration, which are then evaluated using non-participatory and participatory methods.\"" - Section V (Design and Evaluation)"", ""A3 Lifecycle (Understanding/Ideation/Prototyping/Evaluation): \""Interviews were conducted with the identified users...\"" (Understanding users) ; \""For each developed persona, use cases in the form of user stories are derived...\"" (Ideation) ; \""All AINA prototypes were created in FIGMA for this purpose in order to be able to share them over long distances via the Internet\"" (Prototyping) ; \""the thinking-aloud method... the users are asked to express their emotions and thoughts aloud while solving the tasks. This setting is recorded and transcribed afterwards\"" (Evaluation). - Sections IV.B (Interviews), IV.D (User Stories and Scenarios), III.B.a (Participatory Evaluation / FIGMA), III.B.3.a (Thinking-aloud Method)""], ""TASKS_elements"": [""\""The particular challenge in this project is the intercontinental and intercultural communication with the user groups on-site since the development team consists of German physicians and computer scientists.\"" - Section III.A.2 (Analysis: Interviews) - Why it shows a designer barrier: This describes a communication/skill/location constraint experienced by the design team that affected how they could engage users and required adaptations (interpreters, altered settings)."", ""\""Due to the COVID-19 pandemic, only a few participants were available for the entire three-month survey period.\"" - Section IV.B (Interviews) - Why it shows a designer barrier: Limited participant availability constrained designers' ability to conduct planned in-person participatory activities and data collection, forcing remote methods and reducing access to users."", ""\""we wished to conduct additional on-site observations during the analysis and evaluation phases. Unfortunately, this was not possible due to the global COVID-19 pandemic.\"" - Section VII.B (Limitations) - Why it shows a designer barrier: Explicitly states the pandemic prevented on-site observations, a design activity the team could not perform, thereby limiting designers' methods and data.""]}",,Lehmann et al. - 2022 - Designing AINA Intercultural Human Centered Design of an AI based Application for Supporting the Dia.txt,"Condition A: satisfied - The study documents active user involvement (interviews, participatory thinking-aloud sessions), explicit repeated iterations (three iterative design-evaluation cycles), and evidence of all four lifecycle phases (user understanding via interviews/personas, ideation via user stories/scenarios/task-flow charts, prototyping via FIGMA and high-fidelity prototypes, and evaluation via heuristic, thinking-aloud and action analysis).; Condition B: satisfied - The paper reports multiple designer-facing constraints (intercontinental/intercultural communication challenges, need for interpreters, limited participant availability, and inability to perform on-site observations due to COVID-19) that affected the designers' ability to carry out design activities.; Final rationale: Both Condition A (full HCD cycle) and Condition B (designer-experienced task/constraint evidence) are clearly met based on Methods, Results, and Limitations, so the paper is included.",Designing AINA - Intercultural Human-Centered Design of an AI-based Application for Supporting the Diagnosis of Female Genital Schistosomiasis
Christopher Davin Leoputra; Dicky Prima Satya; Muhammad Romadhon Al-ghazali,High,Exclude,"""HCD_fullcycle"": [""A1 User Involvement: \""it involved extensive research, including user research with 108 participants and iterative design refinements with 20 users.\"" - Conclusion"", ""A2 Iteration: \""The second testing phase was conducted with twenty participants who had previously participated in the first iteration of testing.\"" - Results (D. Second Iteration); additionally: \""iterative design refinements with 20 users.\"" - Conclusion"", ""A3 Lifecycle (Understanding/Ideation/Prototyping/Evaluation): \""During this stage, the focus is on comprehending the user characteristics and the extent of system utilization...\"" (Context of Use); \""During this phase, research is conducted to further refine the context of system usage... surveying users to validate the identified issues (user validation).\"" (Specify Requirements); \""During this phase, an iterative process is employed to develop the interaction design prototype, beginning with the construction of low-fidelity designs derived from rudimentary concepts, and advancing towards a comprehensive design...\"" (Design Solution); \""During this stage, the design solution undergoes testing by engaging actual users with the aim of ensuring the attainment of predetermined UX and usability goals.\"" (Evaluate Against Requirements) - Methodology""], ""TASKS_elements"": []}",No evidence of designer-faced difficulties or constraints (Condition B not satisfied),Leoputra C.D. et al. - 2023 - Application of User Centered Design Approach in Developing Interaction Design of In Kind Donation Fe.txt,"Condition A: satisfied - The paper documents user research (108 participants), specification/validation activities, ideation/prototyping (low- and high-fidelity prototypes), and iterative evaluation (two testing iterations with participants), consistent with ISO 9241-210 stages.; Condition B: not satisfied - No statements in Methods, Results, Discussion, Conclusion, or Limitations describe difficulties, constraints, or barriers experienced by the designers (e.g., recruitment problems, resource/time limits, skill gaps, forced adaptations) that affected the design process.; Final rationale: Although the study demonstrates a full HCD cycle with user involvement and iteration (Condition A met), it lacks any documented designer-facing tasks/constraints or barriers (Condition B not met); therefore it must be excluded.",Application of User-Centered Design Approach in Developing Interaction Design of In-Kind Donation Feature on a Crowdfunding Platform
"Claudia L. Leung, Mackenzie Naert, Benjamin Andama, Rae Dong, David Edelman, Carol Horowitz, Peninah Kiptoo, Simon Manyara, Winnie Matelong, Esther Matini, Violet Naanyu, Sarah Nyariki, Sonak Pastakia, Thomas Valente, Valentin Fuster, Gerald S. Bloomfield, Jemima Kamano, Rajesh Vedanthan",High,Include,"""HCD_fullcycle"": [""A1 User Involvement: \""We created a Design Team of health professionals, patients, microfinance officers, community health workers, and village leaders.\"" - Methods / Intervention design (Step 2)"", ""A2 Iteration: \""Synthesis, brainstorming, and prototyping were cyclical and iterative steps that raised new questions influencing idea generation.\"" - Methods / Intervention design (Step 2); \""iterative feedback informed subsequent modifications\"" - Abstract / Results"", ""A3 Lifecycle (Understanding/Ideation/Prototyping/Evaluation): \""Step 1. DISCOVER: understanding the community... We held mabaraza, traditional East African community gatherings... We also hosted focus group discussions (FGDs)\"" - Methods (Step 1); \""Within each theme, questions were developed to facilitate brainstorming in Ideate meetings.\"" - Methods / Intervention design (Step 2); \""In Create meetings, an initial prototype model was developed that combined group medical care and microfinance.\"" - Methods / Intervention design (Step 2); \""We tested the intervention with a 6-month pilot and conducted a feasibility evaluation using focus group discussions with pilot participants and community members.\"" - Abstract / Methods (Step 3)""], ""TASKS_elements"": [""\""HCD can be a time-consuming process that may not be feasible for all project timelines and resources.\"" - Limitations - Why it shows a designer barrier: explicitly documents resource/time limits that affected designers' ability to carry out the HCD process."", ""\""The presence of a facilitator familiar with the HCD process and tools is necessary but may be cost- and time–prohibitive, particularly if intervention development takes place over weeks to months.\"" - Limitations - Why it shows a designer barrier: indicates a skill/knowledge gap and cost barrier limiting designers' capacity to run HCD activities."", ""\""coordination of a 10 to 15 person team across diverse educational, language, and geographical backgrounds may be challenging.\"" - Limitations - Why it shows a designer barrier: describes process/coordination difficulties experienced by the design team while conducting design activities."", ""\""Researchers and CHWs noted low interest and engagement in the health education didactic sessions provided by the CHWs.\"" - Results (Step 3) - Why it shows a designer barrier: participant engagement issue that limited designers' implementation of the planned education component and required redesign of the curriculum.""]}",,Leung et al. - 2020 - Human centered design as a guide to intervention planning for non communicable diseases the BIGPIC s.txt,"Condition A: satisfied - The paper documents active end-user involvement (Design Team, mabaraza, FGDs), explicit iterative cycles (cyclical prototyping, pilot testing, and refinement), and all four lifecycle phases (discover, ideate, prototype, test/evaluate).; Condition B: satisfied - The paper reports multiple designer-facing constraints (time/resource limits, need for specialized facilitator, coordination challenges) and participant engagement issues that forced redesign, meeting the TASKS criteria.; Final rationale: The study reports an author-led HCD process with documented user co-design, iteration, full lifecycle activities, and explicit barriers experienced by the design team and implementers; therefore it meets both Condition A and Condition B and should be included.",Human-centered design as a guide to intervention planning for non-communicable diseases: the BIGPIC study from Western Kenya
Elton H Lobo; Finn Kensing; Anne Frølich; Lene J Rasmussen; Patricia M Livingston; Sheikh Mohammed Shariful Islam; John Grundy; Mohamed Abdelrazek,High,Include,"""HCD_fullcycle"": [""A1 User Involvement: \""The evaluation was conducted using Likert scales from 1 to 7, with open-ended questions to understand user preferences in the design or practices to improve the overall intervention usability. The feedback received from each cycle was used to refine the intervention to ensure it is usable for the carer.\"" - Methods"", ""A2 Iteration: \""The study employed an iterative testing approach for intervention refinement, which consisted of four cycles. Each cycle included five different participants who performed the following steps: (i) introduction to the mHealth intervention, (ii) participant performs a set of tasks and (iii) intervention review and evaluation.\"" - Methods / Participants and procedure"", ""A3 Lifecycle (Understanding/Ideation/Prototyping/Evaluation): \""Initially, the authors understood the needs of family carers in their daily care activities based on data collected from literature, social media and surveys, reported and submitted elsewhere. Using a grounded theory approach for interpreting such data, the mHealth intervention was developed and evaluated in a real-world setting as presented in this study.\""; \""SeCr is a hybrid mobile intervention... This mobile intervention technology prototype consists of four key features: (i) information delivery, (ii) survivor and carer health monitoring, (iii) social communication and (iv) task scheduling and sharing...\""; \""Twenty adults (i.e. 10 usability experts and 10 carers) participated in an iterative user-centred design study that focused on developing and modifying the mHealth intervention (StrokeCaregiver (SeCr)). The intervention was repeated in four cycles...\"" - Methods / Intervention / Results""], ""TASKS_elements"": [""\""First, the researchers recruited usability experts from Amazon mTurk based on defined criteria. However, it is challenging to validate the authenticity of the usability expert’s credentials within this platform, and hence the outcomes highlighted by usability experts need to be considered with caution.\"" - Limitations - Why it shows a designer barrier: validating expert credentials prevented designers from being confident in expert input and thus constrained reliable expert-driven iteration."", ""\""Second, the inability of the researcher to physically conduct a workshop to monitor stakeholder interactions and get real-time feedback. This was due to the local restrictions required for social distancing to limit the spread of the disease.\"" - Limitations - Why it shows a designer barrier: prevented designers from running planned in-person co-design/workshop activities and obtaining real-time interaction data needed for design decisions."", ""\""Third, the small sample size made it difficult to draw statistical conclusions, which may have uncovered several usability issues and bugs that may otherwise not be evident.\"" - Limitations - Why it shows a designer barrier: limited sample reduced designers' ability to detect issues and iterate based on broader user data."", ""\""Finally, the limited time provided to the carer to use the intervention. Due to the short duration of the project, the carer was provided only one day to interact with the intervention which was not sufficient to conduct a comprehensive heuristic evaluation.\"" - Limitations - Why it shows a designer barrier: constrained designers' capacity to collect longitudinal or in-depth usage feedback needed for further refinement."", ""\""The four carers who did not use the intervention found it difficult to participate due to their care commitments and the one carer who did not complete the follow-up questionnaire declined to continue participation as their loved ones fell too ill.\"" - Results - Why it shows a designer barrier: participant drop-outs and access issues reduced available user feedback and hindered iterative evaluation.""]}",,Lobo et al. - 2022 - mHealth intervention for carers of individuals with a history of stroke Heuristic evaluation and use.txt,"Condition A: satisfied - The study documents active user involvement via surveys and open-ended feedback that were used to refine the prototype (A1), explicitly reports four iterative cycles of design refinement (A2), and provides evidence of user-need understanding (grounded analysis of literature/social media/surveys), prototype creation (SeCr prototype with features), and evaluation (UEQ-S and MAUQ heuristic evaluations) (A3).; Condition B: satisfied - Multiple designer-facing constraints are reported: inability to validate MTurk experts, inability to run in-person workshops due to distancing, small sample size, limited one-day exposure for carers, and participant drop-outs; these directly limited designers' ability to conduct planned design activities and gather data for iteration.; Final rationale: Both the full HCD cycle criteria and at least one explicit designer-experienced constraint are present in the provided text, so the paper meets Conditions A and B and should be included.",mHealth intervention for carers of individuals with a history of stroke: Heuristic evaluation and user perspectives
"M. Cynthia Logsdon, Adrian Lauf, Reetta Stikes, Ashely Revels, Rachel Vickers-Smith",Medium,Exclude,"""HCD_fullcycle"": [""A1 User Involvement: \""Three groups of women provided data related to health education preferences or their reaction to a mock‐up or prototype mobile app.\"" - Methods"", ""A2 Iteration: \""This feedback was incorporated into the design of the prototype that was tested by the third group of new mothers who were positive about interactions with the prototype app.\"" - Results"", ""A3 Lifecycle (Understanding/Ideation/Prototyping/Evaluation): \""The first group of new mothers (N = 5) was asked open-ended questions about how they prefer to receive health information. The next group of new mothers (N = 5) provided feedback on paper mock-ups of a smart phone app. Next, a prototype of an app was created for new mothers to use (N = 22). Each tester was asked to describe her thoughts using a think-aloud technique. New mothers then completed the Mobile App Rating Scale (MARS...)\"" - Methods""], ""TASKS_elements"": []}","No evidence of designer-facing task constraints (no reported resource, access, technical, or process barriers affecting the design team)",Logsdon et al. - 2020 - Partnering with new mothers to develop a smart phone app to prevent maternal mortality after hospita.txt,"Condition A: satisfied - The paper reports active user involvement across three groups, explicit iterative incorporation of feedback into successive designs, and evidence of understanding (interviews), ideation/early concepting (paper mock-ups), prototyping (prototype app), and evaluation (think-aloud testing and MARS).; Condition B: not satisfied - The text provides no reported designer-facing difficulties or constraints (no indications of resource limits, participant access issues affecting the design process, cognitive/skill barriers, or process/technical issues encountered by the designers).; Final rationale: Although the study demonstrates a full HCD cycle with user involvement and iteration, it lacks any evidence that designers experienced constraints or barriers during the project, so it does not meet Condition B and is excluded.",Partnering with new mothers to develop a smart phone app to prevent maternal mortality after hospital discharge: A pilot study
Jie Lu; Matthew Schmidt,High,Include,"""HCD_fullcycle"": [""A1 User Involvement: \""Four autistic participants were invited to participate in the empathy interviews, resulting in the development of four user personas. These participants were invited back to review the personas and to share their thoughts and opinions on colors, themes, objects, etc. of the design of any VR space.\"" - Design Approach (Methods 4.1)"", ""A2 Iteration: \""Design revisions were iteratively and instantly implemented between sessions in the two phases.\"" - Results 5.1 (Design Revisions)"", ""A3 Lifecycle (Understanding/Ideation/Prototyping/Evaluation): \""We applied... empathy interviews, empathy mapping, and persona development... Four autistic participants were invited to participate in the empathy interviews... Information collected from the second round of interviews resulted in the development of two gallery spaces... Project PHoENIX consists of three individual spaces, namely, the Training Space, Gallery 1 VR for Autism, and Gallery 2 Social VR Tools... To assess the usability and user experience of the spaces, we recruited five autistic people... Each participant completed two usability sessions... Instruments used include the Computer System Usability Questionnaire (CSUQ)... video recordings from each session were processed and analyzed.\"" - Methods 4.1; Project Description 3; Methods 4.2""], ""TASKS_elements"": [""\""After the first two usability testing sessions in Phase I, participants experienced technical issues, such as slow loading speed, blurry graphics, and delayed motion responses. After an investigation into such issues, it was discovered that these issues could be due to the participants’ internet, device models, and the fact that our designed spaces contained too many three-dimensional objects. Given the lack of control over participants’ devices or internet, the design team opted to reduce the size of each gallery...\"" - Results 5.1 (Design Revisions) - This shows a designer-facing constraint (lack of control over participants' devices/internet and excessive 3D object load) that forced the design team to adapt the design and architecture (resource/technical limitation impacting the design process)."", ""\""A total of 58 usability problems were identified, of which 52 were resolved.\"" - Results 5.2 (Qualitative Results) - This documents the volume of usability issues identified during testing and the design team's active work to resolve them, evidencing process/technical burdens experienced by designers during the project.""]}",,Lu J. and Schmidt M. - 2024 - Exploring the Needs and Preferences of Autistic Users in Extended Reality A Participatory and Human.txt,"Condition A: satisfied - The study documents active user involvement (co-design/empathy interviews and persona review), explicit iterative refinement between sessions, and evidence of all four lifecycle phases (understanding via empathy interviews, ideation via persona-informed gallery development, prototyping via created Training/Gallery VR spaces, and evaluation via multi-session usability testing with CSUQ, video analysis, and open-ended feedback).; Condition B: satisfied - The authors report designer-facing constraints and difficulties (technical issues attributable to participant devices/internet and excessive 3D objects that forced reduction of gallery size, plus a large number of usability problems requiring resolution), which directly affected design activities.; Final rationale: Both the full HCD cycle (A) and designer-experienced task/constraint evidence (B) are present and explicit in Methods and Results, so the paper meets inclusion criteria.",Exploring the Needs and Preferences of Autistic Users in Extended Reality: A Participatory and Human-Centered Approach
"Lori MacCallum, Heather McGaw, Nazanin Meshkat, Alissia Valentinis, Leslie Beard Ashley, Rajan Sacha Bhatia, Kaye Benson, Noah Ivers, Kori Leblanc, Dante Morra",High,Include,"""HCD_fullcycle"": [""A1 User Involvement: \""Usability testing was completed with an early version of the quiz ... with 22 patients of various ages from different primary care and cardiology clinics to represent our end-user demographic.\"" - Methods: Usability testing"", ""A2 Iteration: \""The tool was developed using an iterative process, with 33 versions created, each of which was cycled back through the clinical and design teams with input from stakeholders and end users.\"" - Methods: Tool design and development"", ""A3 Lifecycle (Understanding/Ideation/Prototyping/Evaluation): \""The team conducted stakeholder interviews across the spectrum of AF care and reviewed both the medical literature and the existing tools on the Internet.\"" (understanding users); \""These care gaps were then used as a starting point when the team met for a brainstorming session\"" (ideation); \""33 versions created\"" (prototyping); \""Usability testing was completed with an early version of the quiz ... with 22 patients\"" (evaluation) - Methods: Preparatory work / Tool design and development / Usability testing""], ""TASKS_elements"": [""\""Finding 4: participants had trouble figuring out their score. They were missing the scoring at the bottom and moving forward prematurely.\"" - Results: Findings from usability testing - This shows a designer-facing barrier because participant behavior prevented correct use of the prototype and forced redesign of format and flow."", ""\""Finding 6: participants were not clear on what was brain health and what was heart health content ... Positioning of brain health results on the back was problematic because participants were not turning to the back and referred instead to the heart health results, which caused confusion.\"" - Results: Findings from usability testing - This user confusion required the designers to change the format from a brochure to a booklet, demonstrating a process constraint that forced adaptation."", ""\""A user experience designer then trained a clinician to complete the usability testing interviews with patients.\"" - Methods: Usability testing - This indicates a process adaptation/coordination requirement (design team training clinicians) implying task or role constraints on conducting evaluation activities."", ""\""Although the initial prototype was tested with end users and these findings were used to improve upon the tool, the final version was not tested again. In addition, although we routinely obtained feedback on the provider letter and tool from physicians in our working group, as well as several external family physicians, the feedback was informal and did not follow a standardized script.\"" - Discussion/Limitations - These limitations affected designers' ability to complete the evaluation phase and obtain standardized provider feedback, constraining design validation.""]}",,MacCallum L. et al. - 2013 - Use of an interdisciplinary participatory design approach to develop a usable patient self assessmen.txt,"Condition A: satisfied - The study documents user involvement (stakeholder interviews and usability testing with 22 patients), explicit iteration (33 versions, cycling between teams), and all four lifecycle phases (understanding via interviews, ideation via brainstorming, prototyping with multiple versions, and evaluation via usability testing).; Condition B: satisfied - Multiple reported usability findings forced concrete redesign actions (scoring layout, format change, content wording), the team had to train clinicians to conduct testing, and limitations note the final version was not retested and provider feedback was informal—these are constraints that affected designers' activities.; Final rationale: The paper reports an author-led, participatory, iterative HCD process including stakeholder interviews, brainstorming, multiple prototype versions, and usability testing; it also describes designer-facing constraints and adaptations during development and limitations that impacted design activities, meeting inclusion criteria.","Use of an interdisciplinary, participatory design approach to develop a usable patient self-assessment tool in atrial fibrillation"
"Narges Mahyar, Kelly J. Burke, Jialiang (Ernest) Xiang, Siyi (Cathy) Meng, Kellogg S. Booth, Cynthia L. Girling, Ronald W. Kellett",High,Include,"""HCD_fullcycle"": [""A1 User Involvement: \""We describe the iterative user-centered process that we followed over six years through a close interdisciplinary collaboration involving experts in urban design and neighbourhood planning. Versions of UD Co-Spaces were deployed in five real-world charrettes (planning workshops) with 83 participants\"" - Abstract / Introduction (deployment and design process)"", ""A1 User Involvement (additional): \""Based on advice from domain experts, a simpler visual encoding using bar and donut charts (with simple infographics in the middle) to help users better understand the indicators was developed\"" - Iteration 2 (shows domain expert input shaping design)"", ""A2 Iteration: \""There were three major iterations of UD Co-Spaces, each adding a new display type to support collaboration and visualization activities identified in formative evaluations.\"" - Iterative Development section (explicit repeated refinement cycles)"", ""A3 Lifecycle (Understanding): \""We spent considerable time learning about existing charrette processes and workflows, and the shortcomings of current practice.\"" - Introduction (user/context understanding)"", ""A3 Lifecycle (Ideation): \""We followed an iterative user-centered process to identify appropriate surface-based interaction tools that promote common ground among stakeholders with various backgrounds and objectives.\"" - Design process and principles (concept generation and design rationale)"", ""A3 Lifecycle (Prototyping): \""Iteration 1: A multi-user, multi-touch tabletop. A proof-of-concept prototype on a SMART Technology Digital Vision Touch (DViT) tabletop...\"" - Iterative Development (prototyping)"", ""A3 Lifecycle (Evaluation): \""Versions of UD Co-Spaces were deployed in five real-world charrettes (planning workshops) with 83 participants, a heuristic evaluation with three domain experts, and a qualitative laboratory study with 37 participants.\"" - Abstract / Evaluation (multiple evaluation methods)""], ""TASKS_elements"": [""\""The biggest problem with the initial prototype was limited screen real estate. Display size was not enough for robust design exercises.\"" - Iteration 1 Challenges - This shows a designer-facing resource/technical constraint that prevented robust design activities and forced redesign (real-estate limitation affecting ability to perform planned design tasks)."", ""\""The software was specific to a particular tabletop manufacturer. The background map had to be provided as an image file. The need to manually prepare maps put constraints on how much they could be scaled and thus limited the areas for which urban design could be explored using the prototype.\"" - Iteration 1 Challenges - This is a technical/architectural constraint experienced by the designers that limited the scope and flexibility of their prototyping and deployments."", ""\""Analysis of videos, questionnaires and focus groups indicated some important limitations: lack of personal work spaces on the displays, difficulty interacting in parallel with the 3D view on the wall display, and low user engagement with sustainability indicators now that they were shown on the wall rather than at the center of attention on the tabletop.\"" - Iteration 2 Challenges - These are process/design issues encountered by the design team that forced further system changes (adding personal devices, reworking display allocation).""]}",,Mahyar et al. - 2016 - UD Co Spaces A Table Centred Multi Display Environment for Public Engagement in Urban Design Charret.txt,"Condition A: satisfied - The paper documents explicit user involvement (domain experts and deployments with public stakeholders shaping design), clear iterative cycles (three major iterations), and evidence of all lifecycle phases (understanding charrette processes, ideation/design rationale, multiple prototypes, and evaluations including field deployments, heuristic evaluation, and user study).; Condition B: satisfied - The manuscript reports multiple designer-experienced constraints (limited screen real estate, device/manufacturer dependency, mapping preparation constraints, difficulties with parallel interaction and indicator placement) that affected their ability to perform design and deployment activities.; Final rationale: The study reports an authors-conducted, iterative user-centered design process with participatory deployments and multiple evaluations (meeting Condition A) and explicitly describes technical and process constraints experienced by the design team (meeting Condition B). Therefore the paper meets inclusion criteria.",UD Co-Spaces: A Table-Centred Multi-Display Environment for Public Engagement in Urban Design Charrettes
Vusumuzi Maphosa,High,Include,"""HCD_fullcycle"": [""A1 User Involvement: Ten participants were randomly selected from the community to participate in problem identification and refine the artifacts' requirements; Users contributed ideas on the graphics, the layout of the screens, and the content. - Relevance Cycle; Design Iterations; Develop/Build Phase"", ""A2 Iteration: The app's development was highly iterative and incremental, with each following design session incorporating user feedback from the previous session; the study utilized a three-cycle Design Science Research Methodology. - Develop/Build Phase; Methodology"", ""A3 Lifecycle (Understanding/Ideation/Prototyping/Evaluation): 'a user-centered design process involving potential users, from conceptualizing the idea to prototype evaluation.' Problem understanding via an FGD for problem identification (Relevance Cycle); Ideation via participatory design sessions and recommendations (First and Second Design Iterations); Prototyping via low-fidelity paper-based prototypes and high-fidelity prototypes (Second and Third Design Iterations); Evaluation via a 20-user prototype evaluation and a 206-participant university student field evaluation. - Abstract; Relevance Cycle; Design Iterations; App Evaluation by Community Members; App Evaluation by University Students""], ""TASKS_elements"": [""The unavailability of specialized laboratories limited the evaluation to a field type. - Recommendation and Limitations - [Why it shows a designer barrier: This limitation directly constrained the researchers' ability to perform more rigorous/specialized evaluations, forcing a less-controlled field evaluation]"", ""For convenience, the final evaluation targeted university students, and a more inclusive population should be used in the future to validate the prototype's utility and improve its design by incorporating user feedback. - Recommendation and Limitations - [Why it shows a designer barrier: Convenience sampling constrained participant access and limited the designers' ability to evaluate the prototype with the intended broader/target population]"", ""Some participants suggested that the app should have local language translation; this was not feasible as most drug names and terminology were unavailable in the local language. - Third Design Iteration - [Why it shows a designer barrier: A linguistic/content availability constraint prevented designers from implementing local-language support even though users requested it]"", ""Participants suggested that the app should provide images of the drugs; this recommendation was not considered as it would make the app data-intensive, use more bandwidth, and may fail to load when the network is erratic. - Third Design Iteration - [Why it shows a designer barrier: Network and data bandwidth constraints forced designers to omit images, limiting a user-requested feature]""]}",,Maphosa - 2022 - Delivering a Drug Information App to Underserved Communities A User Centered Design Approach.txt,"Condition A: satisfied - The paper documents active user involvement (FGD and multiple participatory design sessions), explicit iterative cycles (three DSRM cycles and multiple design iterations), and all four lifecycle phases (user understanding, ideation, prototyping with low- and high-fidelity prototypes, and evaluation with community members and larger field testing).; Condition B: satisfied - The manuscript reports concrete constraints experienced during the project (limited laboratory facilities restricting evaluation type; convenience sampling of students limiting participant access; inability to implement local language translation and drug images due to terminology and bandwidth/data limitations), which affected designers' ability to implement or evaluate features.; Final rationale: Both Condition A (full HCD cycle) and Condition B (designer-facing task/constraint evidence) are met based on the Methods, Design Iterations, Evaluation, and Limitations sections; therefore the study should be included.",Delivering a Drug Information App to Underserved Communities: A User-Centered Design Approach
"Jordan Gilleland Marchak, Brooke Cherven, Rebecca Williamson Lewis, Paula Edwards, Lillian R. Meacham, Michael Palgon, Cam Escoffery, Ann C. Mertens",High,Include,"""HCD_fullcycle"": [""A1 User Involvement: \""Input from stakeholders was solicited through interviews and focus groups to understand the needs of potential users as well as the contexts in which they would use a PHR to enable ongoing care of pediatric cancer survivors.\"" - Methods (Needs assessment)"", ""A2 Iteration: \""Following the launch of the Provider and Patient and Family portals, iterative enhancements have been performed on an ongoing basis to Evaluate and Enhance the system in response to usability evaluations (years 5–10).\"" - Methods (System development timeline / Figure 1)"", ""A3 Lifecycle (Understanding/Ideation/Prototyping/Evaluation): \""Our needs assessment was conducted over a 2-year period in conjunction with PHR Design, Build, and Testing. The PHR was then implemented in two phases: Version 1.0 Provider Portal (year 3; launched September 2009) ... Version 2.0 Patient & Family Portal (year 4; launched September 2010) ... Following the launch ... iterative enhancements have been performed on an ongoing basis to Evaluate and Enhance the system in response to usability evaluations (years 5–10).\"" - Methods (Needs assessment; System development timeline)""], ""TASKS_elements"": [""\""Providers proposed search feature to search for registered SurvivorLink users. Unable to implement due to privacy protection and the patient–centeredness of website (i.e. survivors chose with whom to share their PHR)\"" - Results / Table 4 - Shows a designer-facing constraint (regulatory/privacy requirement) that prevented implementing a requested feature and forced design decisions."", ""\""Since not all providers participate in health information exchanges (HIE), this means automatically loading important data from provider EHRs was not available at this time.\"" - Results (Usability evaluation: barriers) - Shows a technical/integration limitation experienced by the design team that prevented automation and required alternative design approaches (provider upload, provider directory)."", ""\""While removing email verification would have streamlined the initial log-on process for users, it is fundamental to electronic information security.\"" - Results (Usability evaluation: barriers) - Shows a security constraint that limited designers' ability to simplify workflow and required them to retain secure steps, representing a trade-off forcing design adaptation.""]}",,Marchak J.G. et al. - 2020 - User centered design and enhancement of an electronic personal health record to support survivors of.txt,"Condition A: satisfied - Clear evidence of active user involvement (interviews/focus groups), explicit iterative refinement over multiple years and rounds, and documentation of needs assessment (understanding), deriving design missions/features (ideation), building/releases of portals (prototyping), and usability evaluations (evaluation).; Condition B: satisfied - Multiple documented designer-facing constraints (regulatory/privacy limits, HIE/non-integration technical limits, security requirements) that impeded or shaped implementation choices and forced adaptations.; Final rationale: The paper reports an author-led user-centered design process including stakeholder-informed needs assessment, iterative development and multiple usability evaluations, and explicitly describes constraints encountered by the design team (privacy/HIPAA, lack of HIE integration, security trade-offs). Therefore it meets the full HCD cycle requirement and includes designer-task/constraint evidence.",User-centered design and enhancement of an electronic personal health record to support survivors of pediatric cancers
Erik Markensten; Henrik Artman,High,Include,"""HCD_fullcycle"": [""A1 User Involvement: \""We suggested a process with contextual interviews to create personas and scenarios, followed by an iterative design and evaluation phase to create a prototype.\"" - Results (User Requirements & prototype design)"", ""A1 User Involvement: \""one of them participated on almost all of the 21 interviews that were conducted.\"" - Results (User Requirements & prototype design)"", ""A2 Iteration: \""they wanted two iterations and a thorough interview phase. Hence, the schedule for the UCD process was very tight.\"" - Results (User Requirements & prototype design)"", ""A2 Iteration: \""After the personas were completed and presented for the PPG we moved on to work with the design and the information architecture of the first prototype... a second round of usability test was planned.\"" - Results (User Requirements & prototype design / The halt – an Analysis)"", ""A3 Lifecycle (Understanding/Ideation/Prototyping/Evaluation): \""contextual interviews to create personas and scenarios\"" (understanding/ideation), \""we created a first draft prototype\"" (prototyping), \""While the prototype was evaluated with users and by experts on accessibility\"" (evaluation). - Results (User Requirements & prototype design)""], ""TASKS_elements"": [""\""The project group had worked for five months nailing down the organizational requirements and their time was running out... the UCD process could not take more than eight weeks... the schedule for the UCD process was very tight... we would be able to deliver on time by working with two consultants on top speed.\"" - Results (User Requirements & prototype design) - [Shows a designer-facing resource/time constraint forcing accelerated work and pressure to deliver]"", ""\""Card-sorting exercises were planned with the two most important user groups, but only one could be performed.\"" - Results (User Requirements & prototype design) - [Shows participant-access / activity limitation that constrained evaluation activities]"", ""\""a few days into the second iteration the procurement project leader called us to announce that the project needed to make a halt... We were assigned to lead a series of full-day workshops with the PPG to backtrack what had been done and work through both the organizational and user requirements again.\"" - Results (User Requirements & prototype design / The halt – an Analysis) - [Shows process/coordination issue and additional workload/role-shift for the designers caused by the procurer's inability to follow decisions]"", ""\""The usability company was in charge of developing the prototype and we got to review it in this kind of dialogue…. but then… the usability company got to[o] strong somehow. The usability company was much more professional in some way – they had their methodology and they knew where to go and so forth. But we, who sat with the organizational requirements... we were not as good at steering, so to speak.\"" - Results (The halt – an Analysis) - [Shows role/communication tension between designers and procurers that affected the design process]""]}",,Markensten E. and Artman H. - 2004 - Procuring a usable system using unemployed personas.txt,"Condition A: satisfied - The project includes contextual interviews and user research (understanding), persona generation and workshops (ideation), prototype creation (prototyping), and user + expert evaluations with two planned iterations (evaluation/iteration).; Condition B: satisfied - Multiple designer-facing constraints are reported (severe time/resource pressure, limited participant activities such as only one card-sorting, a project halt requiring designers to run additional workshops and address coordination/communication tensions), which impacted the designers' ability to carry out and adapt the design work.; Final rationale: The provided text documents a complete, iterative UCD process with active user involvement and explicit evidence of designer-experienced constraints; therefore the study meets both Condition A (full HCD cycle) and Condition B (designer-oriented task elements) and is included.",Procuring a Usable System Using Unemployed Personas
Piia Markkanen & Aulikki Herneoja,High,Exclude,"""HCD_fullcycle"": [""A1 User Involvement: \""This design research study applies a co-design methodology to produce design-related information on employee needs and preferences.\"" - Methods (opening paragraph)"", ""A1 User Involvement: \""The participants were invited to the co-design workshops to co-design work and recovery scenarios in groups of 3 or 6.\"" - Methods: Pre-design phase process and methods (Co-design workshops)"", ""A2 Iteration: \""This study applies the three phases of research-by-design as defined by Roggema – pre-design, design and post-design (Roggema, 2017) – through the methodology of the participatory co-design tradition (Blomberg & Karasti, 2012).\"" - Methods (Co-design as a research approach)"", ""A2 Iteration: \""The pre-design phase was conducted in May; the post-design phase, 10 weeks after the intervention set-up, was completed in November–December.\"" - Methods (Context of the study / timeline)"", ""A3 Lifecycle (Understanding/Ideation/Prototyping/Evaluation): \""The interviews with the study participants were organized online via Zoom. They were video and audio recorded and transcribed verbatim.\"" - Methods: Pre-design phase (Semi-structured interviews) [Understanding users]"", ""A3 Lifecycle (Understanding/Ideation/Prototyping/Evaluation): \""The participants were invited to the co-design workshops to co-design work and recovery scenarios... The co-design workshops were video and audio recorded. The workshop recordings were transcribed verbatim.\"" - Methods: Pre-design phase (Co-design workshops) [Ideation]"", ""A3 Lifecycle (Understanding/Ideation/Prototyping/Evaluation): \""The intervention, in this study’s context, refers to a temporary refurbishment of the participants’ work environment within four spaces.\"" - Methods: Design phase [Prototyping / intervention]"", ""A3 Lifecycle (Understanding/Ideation/Prototyping/Evaluation): \""The post-design evaluation was conducted 10–12 weeks after implementing intervention changes within the company... The post-design phase included ... semi-structured evaluation interviews ... and online evaluation workshops.\"" - Methods: Post-design phase process and methods [Evaluation]""], ""TASKS_elements"": [""\""Zoom-mediated workshops significantly limited the use of traditional tools and interactions, which likely impacted the workshops’ outcomes.\"" - Limitations - This indicates a constraint experienced by the researchers/designers that limited their ability to carry out co-design activities as intended, affecting data collection and the co-design process."", ""\""This study phase included only on-site participants because some employees continued to work from home during the post-design period.\"" - Methods: Context of the study / Post-design phase - This shows participant access issues that limited designers' ability to evaluate the intervention with the full participant set (drop in on-site participation), reducing available feedback for the design evaluation.""]}",Condition A not satisfied: Lack of explicit iterative refinement cycles (no clear multiple feedback-redesign iterations reported),Markkanen P. and Herneoja A. - 2024 - Constructing a theory informed workplace design framework co design case study for knowledge work en.txt,"Condition A: not satisfied - While user involvement (A1) and evidence of the lifecycle phases (A3) are present (interviews, co-design workshops, an implemented intervention, and post-design evaluation), the study reports a single pre-design -> design -> post-design sequence without explicit repeated refinement cycles or multiple feedback-redesign iterations, so the Iteration criterion (A2) is not met.; Condition B: satisfied - Limitations and methods text describe designer-facing constraints (Zoom-mediated workshops limiting traditional co-design tools/interactions and reduced on-site participant availability during post-design), which impaired the designers' ability to perform ideal design and evaluation activities.; Final rationale: Because the study does not provide explicit evidence of iterative repeated refinement cycles (A2), it fails Condition A despite meeting A1 and A3. Condition B is met. Per the decision rules, failure of Condition A requires exclusion.",Constructing a theory-informed workplace design framework: co-design case study for knowledge work environment satisfaction improvement
"Estefania Martin, Carlos Cupeiro, Laura Pizarro, David Roldán-Álvarez & Guadalupe Montero-de-Espinosa",High,Include,"""HCD_fullcycle"": [""A1 User Involvement: [\""The design process follows a human-centered design approach involving caregivers, teachers, usability experts, primary school students, and people with ASC.\"" - Abstract/Goals/Section 3]"", ""A2 Iteration: [\""After this evaluation, we made some changes in order to fix the issues detected\"" and later \""This iterative approach allowed us to improve the app during different stages.\"" - Section 4 Design & Conclusions]"", ""A3 Lifecycle (Understanding/Ideation/Prototyping/Evaluation): [\""The special education teachers provided the main requirements for the UI.\"" (Understanding) ; \""we built a low-fidelity prototype to obtain a quick representation of app screenshots\"" (Ideation/Prototyping) ; \""There were 36 participants involved... Participants filled out a survey\"" and \""we performed two trials at two educational centers... 14 primary school students and 10 participants from a special education institution tested the application.\"" (Evaluation) - Sections 3, 4, 5, 6]""], ""TASKS_elements"": [""[\""However, the small number of participants and the lack of high quantitative data make it necessary to be careful when interpreting the results obtained.\"" - Discussion] - [This limitation indicates designers had limited participant data (including only five ASC users), constraining their ability to validate and generalize design decisions and plan further iterations.]"", ""[\""For interactive whiteboards, the users had to adapt to certain functionality changes since the interactive whiteboard does not have the same functionality as an iPad, such as movement of the image carousel with arrows on either side of the interactive whiteboard.\"" - Section 6.2.2 Methods] - [This describes a technical/process constraint the designers encountered that required adapting the UI and interactions to different hardware, affecting design work and iteration.]"", ""[\""We chose this way of gathering information because the literacy skills of the students are not fully developed yet, which makes difficult to obtain data through normal questionnaires.\"" - Section 6.1.2/6.2.2 Methods] - [This shows participant literacy constrained data collection methods, forcing designers/researchers to change evaluation methods (use direct observation), impacting how they gathered feedback for design decisions.]""]}",,Martin E. et al. - 2019 - Today I Tell A Comics and Story Creation App for People with Autism Spectrum Condition.txt,"Condition A: satisfied - The paper documents active involvement of caregivers, teachers, usability experts, students and people with ASC; explicit iterative refinement (prototype → expert survey → revisions → trials → further revisions); and all four lifecycle phases (requirements/understanding, ideation, prototypes, and evaluation) are reported.; Condition B: satisfied - The manuscript reports several designer-facing constraints: limited participant numbers (notably few ASC users) limiting validation, required adaptations for different hardware (interactive whiteboard vs iPad), and methodological changes forced by participants' limited literacy, all of which affected designers' ability to carry out evaluation and iteration.; Final rationale: The study reports a full human-centered design cycle with documented user involvement and explicit iterations, and it describes concrete design-process constraints experienced by the team; therefore it meets both Condition A and Condition B and should be included.",“Today I Tell” A Comics and Story Creation App for People with Autism Spectrum Condition
Erika G. Martin; Bahareh Ansari; Thomas L. Gift; Britney L. Johnson; Dayne Collins; Austin M. Williams; Harrell W. Chesson,High,Include,"""HCD_fullcycle"": [""A1 User Involvement: \""we conducted focus groups with 15 national, state, and local public health professionals regarding their experiences with SPACE Monkey 1.0... Third, we conducted usability testing on the SPACE Monkey 2.0 prototype with 6 state and local public health professionals.\"" - [Methods/Overview]"", ""A2 Iteration: \""We revised the model in 3 steps... After revising the model to reflect updated scientific literature and user feedback, we conducted usability testing... Usability problems (eg, bugs and cosmetic issues) were addressed iteratively after each usability session, with subsequent usability study participants working with [revised versions].\"" - [Methods/Overview; Usability testing]"", ""A3 Lifecycle (Understanding/Ideation/Prototyping/Evaluation): \""We used a human-centered design process—a development approach that incorporates users throughout the project to ensure the product is tailored to their needs—to understand the health department organizational context, elicit requirements of STI program staff, design an interface and model structure that would meet their needs and technical skills, and evaluate the prototype model’s usability.\"" - [Introduction/Methods]""], ""TASKS_elements"": [""\""Several usability problems emerged during the evaluation, including model bugs, issues with enabling macros, accidental deletion of charts in the 'Advanced Options' page, occasional confusion on interpretation, and not reviewing the instructions.\"" - [Results/Usability evaluation] - [Why it shows a designer barrier: These are process/technical issues encountered during prototype testing that the design team had to resolve (bugs, macro enabling, UI fragility), demonstrating constraints that affected design and required adaptation.]"", ""\""participants noted several critiques: (1) the studies used to inform both approaches were published in the mid-2000s and perceived to be outdated; (2) the 'DIS approach' had less face validity due to interstate variation in DIS staff structures, salaries, and activities; and (3) it was difficult for many state-level public health professionals to quantify the number of DISs and their salaries because many DISs are not state employees and their job responsibilities vary.\"" - [Results/Focus groups] - [Why it shows a designer barrier: Difficulty obtaining or relying on necessary input data (DIS counts/salaries) forced the designers to change methods (they abandoned the DIS approach and relied exclusively on the historical formula), indicating a constraint shaping design decisions.]""]}",,Martin et al. - 2024 - An Interactive Modeling Tool for Projecting the Health and Direct Medical Cost Impact of Changes in.txt,"Condition A: satisfied - The paper documents active user involvement (focus groups and usability testing), explicit iterative refinement (three-step revision and iterative fixes after usability sessions), and activities covering understanding users, designing/prototyping the interface, and evaluation (usability tasks and survey).; Condition B: satisfied - The authors report concrete designer-facing constraints: technical/process issues during usability (bugs, macro enabling, accidental deletions) and data-access/validity limitations (inability to quantify DIS staff/salaries and outdated evidence) that forced methodological/design changes.; Final rationale: Both Condition A (full HCD cycle) and Condition B (designer-experienced task/constraint evidence) are clearly met based on the Methods, Results, and Discussion; therefore the study should be included.",An Interactive Modeling Tool for Projecting the Health and Direct Medical Cost Impact of Changes in the Sexually Transmitted Diseases Prevention Program Budgets
"Britt McKinnon, Krystelle Abalovi, Ashley Vandermorris, Ève Dubé, Cat Tuong Nguyen, Niels Billou, Geneviève Fortin, Maryam Parvez, Joyeuse Senga, Joe Abou-malhab, Medjine Antoine Bellamy, Caroline Quach, Kate Zinszer",High,Include,"""HCD_fullcycle"": [""A1 User Involvement: \""Community-led design teams of parents and youth from the two participating neighbourhoods, supported by academic researchers, design thinking experts and community partners, use an HCD approach to: (1) gather data to understand COVID-19 vaccine decision-making among parents and youth in their community and frame a design challenge (inspiration phase); (2) develop an intervention to address the design challenge (ideation phase) and (3) pilot the intervention (implementation phase).\"" - Methods and analysis / Abstract"", ""A1 User Involvement (additional): \""Parents and adolescents from the two project neighbourhoods are involved as co-researchers throughout the study. They are integral members of the research team, whose activities include designing interview guides, conducting interviews with community members, participating in co-design sessions, assisting with survey preparation and recruitment, and designing and supporting knowledge translation activities.\"" - Patient and public involvement / Methods"", ""A2 Iteration: \""Initial prototypes are made rapidly using craft materials and storyboards. The prototypes are tested with 12–15 users per team. A second round of testing is undertaken with a subset of the first round of users and additional new users, again targeting 12–15 users per team.\"" - Ideation phase"", ""A2 Iteration (additional): \""In-person and virtual HCD workshops for the CBD teams are held approximately monthly through the various stages of the 6-month HCD process.\"" - Recruitment and training of community-based design teams"", ""A3 Lifecycle (Understanding/Ideation/Prototyping/Evaluation): \""During the first phase, CBD teams begin by gathering information to better understand COVID-19 vaccine decision-making in their communities using existing data and local resources. Teams then collect primary data via semi-structured interviews... Each CBD team completes 12–15 interviews.\"" (Understanding) - Inspiration phase / Methods"", ""A3 Lifecycle (Ideation/Prototyping): \""Teams generate ideas during facilitated brainstorming sessions... Initial prototypes are made rapidly using craft materials and storyboards... The first low-fidelity prototypes allow the teams to test the major concepts of their solution and engage the user in a process of co-creation whereby their input is solicited and incorporated in further iterations.\"" - Ideation phase"", ""A3 Lifecycle (Evaluation): \""In this phase, CBD teams finalise their prototypes, fabricate them to a higher fidelity and pilot their interventions... Teams also develop plans for monitoring and evaluation during the implementation phase. This includes reflecting on the team’s theory of change about how the prototype will create positive change and defining a set of indicators to measure effectiveness. Both quantitative and qualitative indicators are included. Quantitative indicators may rely on survey data collected for objective 1, which provides pre-intervention and post-intervention information on knowledge and attitudes around vaccination from a sample of parents and students.\"" - Implementation phase""], ""TASKS_elements"": [""\""HCD can be a time-consuming process, especially when implemented by community design teams who are both learning and executing the process as the project unfolds.\"" - Strengths and limitations - This indicates a resource/time constraint experienced by (or anticipated for) the community designers that could limit their ability to carry out design activities effectively."", ""\""The COVID-19 pandemic and associated public health restrictions represent risks to our ability to implement the study as planned.\"" - Strengths and limitations - This identifies a constraint (public health restrictions) that can hinder designers' ability to conduct in-person activities, interviews, or iterative workshops, thus affecting the design process and participant engagement.""]}",,McKinnon et al. - 2022 - Using human centred design to tackle COVID 19 vaccine hesitancy for children and youth a protocol fo.txt,"Condition A: satisfied - The protocol documents active involvement of parents and adolescents as co-researchers in co-design, data collection, co-creation and testing; explicit iterative cycles with multiple rounds of prototype testing; and clear description of all four HCD phases (understanding, ideation, prototyping, evaluation).; Condition B: satisfied - The paper explicitly notes designer-facing constraints: anticipated time/resource burden on community design teams and COVID-19 public health restrictions that may impede implementation and iterative activities, both of which affect designers' ability to perform design tasks.; Final rationale: The study protocol provides clear, explicit evidence of a full HCD cycle with active user co-design and iterative prototyping/testing and also documents designer-experienced constraints affecting the conduct of design activities; therefore it meets both Condition A and Condition B and should be included.","Using human-centred design to tackle COVID-19 vaccine hesitancy for children and youth: a protocol for a mixed-methods study in Montreal, Canada"
"Hugh E. McLoone, Melissa Jacobson, Chau Hegg, Peter W. Johnson",High,Include,"""HCD_fullcycle"": [""A1 User Involvement: \""Representative users were invited into the lab to evaluate a series of models and prototypes to provide their impressions and preferences and thus assist with the evolution of the new keyboard design.\"" - Introduction"", ""A2 Iteration: \""The research was conducted in two phases. The first iterative-evaluative design phase utilized a series of non-functional models in two usability studies (experiment #1 and experiment #2). The second phase (experiment #3) used a fully-functional prototype to evaluate and confirm the most highly rated design embodiments identified in the two earlier usability experiments.\"" - Introduction / Methods"", ""A3 Lifecycle (Understanding/Ideation/Prototyping/Evaluation): \""Basic research evaluated the fundamental design of the fixed-split keyboards to identify opportunities for design evolution and improvement... As a result of the new findings, research goals were identified... The first iterative-evaluative design phase utilized a series of non-functional models in two usability studies... The second phase (experiment #3) used a fully-functional prototype to evaluate and confirm the most highly rated design embodiments\"" - Introduction / Methods""], ""TASKS_elements"": [""\""While very effort was made to craft the functional prototype to sound and feel just like a production keyboard, it did not have the quality of typing experience that was present on the marketplace benchmarks.\"" - Discussion/Preferences - This indicates a prototype-fidelity constraint faced by the design team that limited their ability to create production-quality prototypes for evaluation."", ""\""There is a tradeoff between instrumenting the subject to collect objective exposure data and the limitations put on the subject due to all the wires and instrumentation. Posture was measured because it was a direct, well-documented, quick to analyze, and easy to interpret objective measure.\"" - Limitations - This describes a measurement/instrumentation constraint that forced designers/researchers to limit biomechanical measures to avoid interfering with participants, affecting data collection choices."", ""\""It is uncertain whether these differences would be present after longer-term use or change over time as participants get used to new, unfamiliar keyboards.\"" - Limitations - This reflects a constraint of short-term lab testing (participant unfamiliarity and limited exposure) that limited designers' ability to evaluate longer-term effects and learning, affecting the evaluation phase."", ""\""One final concern may be the relatively small number of participants included in our study.\"" - Limitations - This denotes a resource/participant-sample limitation that affected designers' ability to ensure broader representativeness during evaluation.""]}",,McLoone H.E. et al. - 2010 - User centered design and evaluation of a next generation fixed split ergonomic keyboard.txt,"Condition A: satisfied - The study documents active user involvement (think-aloud, preferences, rankings), explicit iterative cycles across non-functional models and a functional prototype, and evidence of understanding users, ideation (new gull-wing concept), prototyping, and evaluation with objective and subjective measures.; Condition B: satisfied - The paper reports designer-facing constraints including prototype fidelity limitations, tradeoffs in instrumentation that shaped measurement choices, short-term testing limiting assessment of learning/long-term effects, and a relatively small participant sample.; Final rationale: The paper reports a full HCD cycle (user involvement, iteration, and all lifecycle phases) and explicitly describes multiple designer-facing constraints encountered during the project; therefore it meets both Condition A and Condition B and should be included.",User-centered design and evaluation of a next generation ﬁxed-split ergonomic keyboard
Andrew McWilliams; Kelly Reeves; Lindsay Shade; Elizabeth Burton; Hazel Tapp; Cheryl Courtlandt; Andrew Gunter; Michael F Dulin,High,Include,"""HCD_fullcycle"": [""A1 User Involvement: 'Whenever substantive changes were made to the solution, the research team solicited feedback and approval from this Development Workgroup.' - Methods"", ""A2 Iteration: 'To allow for iterative development, we solicited this real-world feedback at three distinct time points.' - Methods"", ""A3 Lifecycle (Understanding/Ideation/Prototyping/Evaluation): 'In the Initiation Phase, we gathered information to help understand potential users’ needs and barriers using: (1) key informant interviews with providers and caregivers... This phase was followed by the Ideation Phase, in which we engaged the Development Workgroup to conceptualize a virtual tool... Finally, the project entered the Usability Phase, in which we conducted real-world user testing.' - Methods""], ""TASKS_elements"": [""'Perhaps the biggest challenge was that this level of engagement and iteration slowed our development down by approximately six months.' - Discussion - [This indicates a resource/time constraint experienced by the design team that affected their ability to carry out the project on schedule]"", ""'Second, recruitment of patients and caregivers within real-world clinic settings proved difficult. Issues included: the time commitment involved in usability testing for participants, not disrupting workflows in busy clinical environments, space limitations for testing, and patients who were prescreened but did not show up for appointments.' - Discussion - [This describes participant access issues and operational constraints that limited designers' ability to recruit, test, and iterate]""]}",,McWilliams et al. - 2018 - Patient and Family Engagement in the Design of a Mobile Health Solution for Pediatric Asthma Develop.txt,"Condition A: satisfied - Clear evidence of active user involvement (Development Workgroup and real-world users), explicit iterative cycles (three distinct feedback points and iterative revisions), and documentation of all four lifecycle phases (initiation/understanding, ideation, prototyping, usability evaluation).; Condition B: satisfied - Authors report concrete designer-facing constraints (development slowed by ~6 months due to engagement/iteration; recruitment, space, workflow, and no-show issues) that affected the design process.; Final rationale: The paper documents the authors' own design process with participatory user involvement, explicit iterative refinement across prototyping stages, and evaluation; it also reports designer-experienced barriers (time/resource and participant access) that impacted their ability to perform design activities. Therefore it meets both Condition A and Condition B and is included.",Patient and Family Engagement in the Design of a Mobile Health Solution for Pediatric Asthma: Development and Feasibility Study
Hamed Mehdizadeh; Farkhondeh Asadi; Hassan Emami; Azim Mehrvar; Eslam Nazemi,High,Include,"""HCD_fullcycle"": [""A1 User Involvement: \""we adopted the user-centered design approach... in which all the stages of design, development, and evaluation were performed with the participation of the end users\"" - Methods: Study Design"", ""A2 Iteration: \""We developed a self-management system in six stages: requirement analysis, conformity assessment, preparation of educational content, app prototyping, preliminary evaluation, and developing the final version.\"" - Abstract/Methods; and \""Immediately after the preliminary evaluation, modifications were made, and the final version of the CanSelfMan app was developed.\"" - Results: Stage 6"", ""A3 Lifecycle (Understanding/Ideation/Prototyping/Evaluation): \""the FG method was then adopted to identify user requirements... All sessions were recorded, and qualitative data were analyzed using thematic analysis.\"" (Understanding users) - Methods: Requirement Analysis; \""we developed wireframe prototypes... Wireframes were examined by... children... and parents\"" (Ideation/concept confirmation) - Methods: Conformity Assessment; \""In stage 4, a prototype was implemented using the Java programming language and SQLite database in Android Studio... This version was fully executable.\"" (Prototyping) - Results: Stage 4; \""This evaluation was performed using think-aloud (TA) usability testing... The app was then installed on the user’s smartphone, and some predetermined tasks were performed... The researcher recorded each user’s comments.\"" (Evaluation) - Methods/Results: Preliminary Evaluation""], ""TASKS_elements"": [""\""A total of 35 individuals... volunteered to participate in the study. However, only 63% (15/24) of parents and 73% (8/11) of children were eligible to participate.\"" - Methods: Participants and Recruiting Method - This shows participant eligibility constraints that reduced the available user pool for design activities, limiting designers' data and feedback."", ""\""Approximately 21% (5/24) of parents were excluded as only 2 months had passed since their child was diagnosed, 13% (3/24) as their child was in the end stages of cancer, and 4% (1/24) as they did not have a smartphone. Additionally, 27% (3/11) of children were excluded from the study as they were in the end stage of cancer.\"" - Results: Stage 1 Requirement Analysis - These exclusions indicate participant access and eligibility issues (including lack of smartphone) that constrained recruitment and the diversity of user input available to designers."", ""\""The main limitation of this study was related to the small number of participants in the requirement analysis and evaluation phases... the CanSelfMan app was developed based on the requirement analysis of children with ALL and their parents in only 1 cancer treatment center. Therefore, the generalization of the study findings is limited because of the fact that the data were gathered from a single facility with a limited age group of patients. We accepted that this may have increased the risk of bias.\"" - Discussion: Strengths, Limitations, and Suggestions - The authors state that small sample size and single-center data collection reduced data diversity and increased risk of bias, which affected the designers' ability to gather representative user requirements and feedback.""]}",,Mehdizadeh et al. - 2022 - An mHealth Self management System for Support Children With Acute Lymphocytic Leukemia and Their Car.txt,"Condition A: satisfied - The study reports active user involvement (FGs with children, parents, specialists), explicit iterative stages including preliminary evaluation and subsequent modification, and documented activities covering understanding (requirement analysis), ideation/conformity assessment (wireframes, expert panel), prototyping (executable prototype), and evaluation (think-aloud usability testing).; Condition B: satisfied - The paper documents concrete constraints experienced during the project: substantial exclusions during recruitment (eligibility limits, lack of smartphone), a small number of participants, and single-center data collection that reduced the diversity of user input and increased risk of bias, all of which limited designers' ability to collect representative data and possibly constrained design activities.; Final rationale: The paper meets the full HCD cycle criteria (A1+A2+A3) and provides designer-facing task/constraint evidence (participant eligibility limits, small sample, single-center recruitment) that impacted the design process; therefore it should be included.",An mHealth Self-management System for Support Children With Acute Lymphocytic Leukemia and Their Caregivers: Qualitative Co-design Study
Richa Mehra; Andy Pulman; Huseyin Dogan; Jane Murphy; Fiona Bitters,High,Include,"""HCD_fullcycle"": [""A1 User Involvement: \""This study involved unsupervised usability testing of a prototype app by members of the commissioning client using their smartphones... participants downloaded a trial app... They were then asked to complete a web-based questionnaire after 10 days of testing. Demographic details, information about use of the app, likes and dislikes, and feedback about specific features were collected... A subsample of participants (9/48, 19%) who provided consent to a follow-up telephone interview ... were interviewed\"" - Methods: Procedures and Measures / Study Design"", ""A2 Iteration: \""The process of developing the app to this point was highly iterative and agile.\"" and \""These were shown to the client for feedback before high-fidelity designs were created. These were then shown to interviewees... On the basis of their feedback, the second set of design prototypes was created.\"" and \""Some usability and design issues and suggestions for improvements were also addressed and implemented—including shift management and catch-up cards—during this cycle of development.\"" - Methods: Testing Version / Secondary Design Cycle; Abstract"", ""A3 Lifecycle (Understanding/Ideation/Prototyping/Evaluation): \""Web-based surveys were used to gather feedback and information from the user base. Survey data were gathered from 213 participants of the UK commissioning force\"" (Understanding users) - Preliminary Design Cycle; \""Paper designs were sketched leading to the creation of low-fidelity wireframes\"" (Ideation) - Secondary Design Cycle; \""Further development using the revised high-fidelity designs as an initial foundation was undertaken with an external developer to produce a prototype for pilot testing... Coding was conducted between October 2021 and April 2022\"" (Prototyping) - Testing Version; \""unsupervised usability testing of a prototype app... participants completed a web-based questionnaire after 10 days of testing... System Usability Scale... a subsample... were interviewed\"" (Evaluation) - Methods: Procedures and Measures / Results""], ""TASKS_elements"": [""\""This sample size was considered to be adequate because of restrictions in accessing participants—for downloading and testing the app, completing the survey, and possibly participating in an interview—owing to logistical and operational pressures.\"" - Sample Size - [Shows a resource/participant access limitation that constrained recruitment and testing opportunities for the designers/research team]"", ""\""Although the authors believe that the results from this study can be generalized to other police forces across the country, we acknowledge that there is a limitation of only accessing data from a subsection of 1 regional UK police force, which might have inherent organizational biases toward health and well-being.\"" - Limitations - [Indicates restricted access to participant populations that limited designers' ability to collect diverse data and potentially affected design generalizability]""]}",,Mehra et al. - 2023 - A Tailored mHealth App for Improving Health and Well Being Behavioral Transformation in UK Police Wo.txt,"Condition A: satisfied - Clear evidence of user involvement (surveys, interviews, usability testing), explicit iterative development (iterative/agile cycles, implemented changes), and a complete lifecycle (user understanding, ideation/wireframing, prototyping, and evaluation via SUS and interviews).; Condition B: satisfied - The team reported logistical and operational restrictions limiting access to participants and a constrained sample drawn from a single regional force, which impacted recruitment/testing and data diversity (designer-facing constraints).; Final rationale: The paper documents a full human-centered design cycle with active user participation and iterative refinement, and it explicitly reports designer-facing constraints (participant access and sample limitations). Therefore it meets both Condition A and Condition B and is included.",A Tailored mHealth App for Improving Health and Well-Being Behavioral Transformation in UK Police Workers: Usability Testing via a Mixed Methods Study
"Mevludin Memedi, Gaki Tshering, Martin Fogelberg, Ilir Jusufi, Ella Kolkowska, Gunnar Klein",High,Include,"""HCD_fullcycle"": [""A1 User Involvement: \""The demonstrator was developed by an iterative design and evaluation process based on interviews and observations with 11 (6 males and 5 females) PD patients.\"" - Methods (2, Materials and Methods, opening paragraph)"", ""A2 Iteration: \""In total, four evaluations were conducted using the development process. Feedback from these evaluations lead to re-design and improvement of the demonstrator, as shown in Table 1.\"" - Methods (2.2.3 Evaluation of the Mock-Up Demonstrator)"", ""A3 Lifecycle (Understanding/Ideation/Prototyping/Evaluation): \""In the first part of the workshop, the patients were divided into groups of two and were interviewed ... The session was audio recorded, transcribed and analyzed to identify common themes. ... This resulted into 19 user stories, which were then transformed into 8 requirements for the patient interface.\"" (under 2.2.1 Requirement Elicitation); \""After defining the main requirements of the interface with the users, a mock-up demonstrator was developed ... The demonstrator was developed using Adobe Experience Design CC ... for an Android tablet\"" (2.2.2 Development of Mock-Up Demonstrator); \""The improved demonstrator was then evaluated during a second two-hour workshop ... [and] a third workshop ... In addition ... an evaluation of the demonstrator was performed with 3 experts ... followed by task-based evaluation and a semi-structured interview.\"" (2.2.3 Evaluation of the Mock-Up Demonstrator)""], ""TASKS_elements"": [""\""One major problem detected with the demonstrator was due to an implementation error where smaller bounding boxes for tapping were defined for the interactive screen elements although the elements were larger. This problem led to unresponsive tapping on buttons that created insecurity among the patients testing the demonstrator. The demonstrator has been improved regarding this aspect after the second workshop (UE1) and the patients did not experience this problem during the third workshop (UE2).\"" - Results (3.3.2 Evaluation with Patients) - [This is a process/technical issue experienced during evaluation that forced redesign and affected interaction testing]"", ""\""Another problem was the tremor of the patients when touching the screen making the navigation difficult. This means that the sensitivity of the screen needs to be adjusted to the individual patients’ needs, as suggested by Nunes et al. [20]. This will be improved in the next version of the working prototype.\"" - Results (3.3.2 Evaluation with Patients) - [Participant motor symptoms constrained interaction and required designers to adapt input sensitivity and UI elements]"", ""\""One of the patients had red-green color blindness and therefore faced difficulties in understanding the visualizations and carrying out most of the tasks outlined in visualizations. ... The color palette will also be changed to adjust the interface for color-blinded users.\"" - Results (3.3.2 Evaluation with Patients) - [Accessibility issue observed during evaluation required designers to modify color choices and visualization design]""]}",,Memedi M. et al. - 2018 - An interface for IoT Feeding back health related data to Parkinson s disease patients.txt,"Condition A: satisfied - The paper documents active user involvement (workshops, interviews), explicit iterative refinement across four evaluation stages, and full lifecycle activities (user understanding via interviews, ideation/user stories and requirements, a developed mock-up prototype, and multiple evaluations with patients and experts).; Condition B: satisfied - The paper reports concrete designer-facing constraints and barriers encountered during design and evaluation (implementation/touch-target error requiring redesign, patient tremor affecting interaction requiring input adjustments, and a color-blindness accessibility issue necessitating palette changes), which impacted the design process.; Final rationale: Both Condition A (full HCD cycle) and Condition B (designer-experienced task/constraint evidence) are met based on explicit descriptions in Methods and Results; therefore the study should be included.",An Interface for IoT: Feeding Back Health-Related Data to Parkinson’s Disease Patients
"Erin E Michalak, Emma Morton, Steven J Barnes, Rachelle Hole, Greg Murray, CREST.BD, Michael Berk",Medium,Include,"""HCD_fullcycle"": [""A1 User Involvement: \""we fused the expertise of academic researchers, people with BD, and health care providers to cocreate the content in the Bipolar Wellness Centre.\"" - Methods: Development of the Bipolar Wellness Centre"", ""A2 Iteration: \""we conducted 3 consultation events... Draft section content was created, revised by a plain language writer, and then reviewed by the CREST.BD Community Advisory Group.\"" - Methods: Development of the Bipolar Wellness Centre"", ""A3 Lifecycle (Understanding/Ideation/Prototyping/Evaluation): \""Understanding users: we conducted 3 consultation events... (resulting in selection of an overarching nautical metaphor)\""; \""Prototyping: The official launch of the Bipolar Wellness Centre (March 30, 2015).\""; \""Evaluation: ...we conducted a mixed-methods (quantitative and qualitative) evaluation of the impact of 4 bespoke (Web-based or in-person) KT strategies\"" - Methods: Development of the Bipolar Wellness Centre / Overview / Development of and Evaluation Methods""], ""TASKS_elements"": [""\""After the evaluation of the KT strategies was complete, the webinars and the videos (but not the Living Library nor workshop strategies) were made publicly available through the website (funding parameters did not permit implementation or longer-term sustainability of the Living Library or workshop strategies).\"" - Methods: Development of the Bipolar Wellness Centre - Why it shows a designer barrier: Explicit resource/funding limit that prevented implementation and longer-term sustainability of two KT strategies, constraining designers' ability to deploy and sustain design outcomes."", ""\""Participants were volunteers who were paid a modest honorarium for their participation and were free to self-select which KT modality they wanted to engage with, likely biasing toward an engagement method they were intrinsically attracted to, which in turn may have impacted the range of positive and negative experiences reported, limiting the generalizability of the results to routine health service delivery settings.\"" - Limitations - Why it shows a designer barrier: Participant self-selection and sampling approach limited the diversity and representativeness of feedback available to designers, constraining the evaluation data that informed iterative design decisions.""]}",,Michalak et al. - 2019 - Supporting Self Management in Bipolar Disorder Mixed Methods Knowledge Translation Study.txt,"Condition A: satisfied - The Methods report active user involvement via CBPR and consultation events (A1), explicit redesign steps (drafting, plain-language revision, community advisory review) and multiple consultation events indicating iterative feedback-redesign loops (A2), and documentation of all four lifecycle phases: understanding users (consultations), ideation (content and metaphor selection), prototyping (website, webinars, videos, Living Library, workshops), and evaluation (mixed-methods assessment) (A3).; Condition B: satisfied - The team reported concrete resource/funding constraints that prevented implementation/sustainability of some KT strategies and noted participant self-selection bias limiting the range of evaluative feedback; both are designer-facing barriers that limited implementation and the data available to the designers.; Final rationale: The paper documents a full HCD-like cycle with active user involvement, iterative development steps, prototyping and evaluation (Condition A satisfied) and also reports designer-facing constraints (funding and participant-selection limitations) that affected implementation and evaluation (Condition B satisfied). Therefore it meets inclusion criteria.",Supporting Self-Management in Bipolar Disorder: Mixed-Methods Knowledge Translation Study
Steven D. Miller; Zachary Murphy; Joshua H. Gray; Jill Marsteller; Maria Oliva-Hemker; Andrew Maslen; Harold P. Lehmann; Paul Nagy; Susan Hutfless; Ayse P. Gurses,High,Include,"""HCD_fullcycle"": [""A1 User Involvement: [\""semi-structured interviews were performed with a junior and senior IBD clinician (S.D.M. and M.O.-H.) in the Pediatric Gastroenterology Division using an interview guide ... The interviewer used responses to draft a process map using draw.io, which was validated in a follow-up interview.\"" - Methods]"", ""A2 Iteration: [\""Coded provider feedback was incorporated into tool redesign. Across each of the two rounds of IADx redesign, participants were recruited until all categories of 'Think Aloud' feedback achieved theoretical saturation.\"" - Methods/Results]"", ""A3 Lifecycle (Understanding/Ideation/Prototyping/Evaluation): [\""Understanding: semi-structured interviews ... used to draft a process map\""; \""Ideation: A 1-hour virtual design meeting ... the process map was used to identify tasks that could be supported by CDSS. The group selected an intervention ... A prototype was designed on paper\""; \""Prototyping: Over a series of eight additional 30-minute design sessions, S.D.M. and A.M. built a functioning EHR-based CDSS prototype in the EpicCare Ambulatory EHR.\""; \""Evaluation: Simulation-based evaluation was performed to iteratively refine the IADx prototype with clinician end-users using a 'Think Aloud' technique ... postexperimental short survey and a semi-structured interview ... Feedback was recorded, transcribed, and analyzed for common themes, which were incorporated into the redesign.\"" - Methods/Results]""], ""TASKS_elements"": [""\""Due to time and funding constraints, the baseline workflow evaluation only incorporated interviews with two physician practitioners rather than more in-depth methodology, potentially missing opportunity for interventions besides an interruptive alert.\"" - Limitations - [Shows resource limits that constrained the designers' ability to perform a more thorough baseline workflow evaluation]"", ""\""We would have liked to format the laboratory trends and normal ranges in a more visually elegant tabular display, but limitations of the EHR environment precluded this.\"" - Discussion - [Shows a technical/EHR environment constraint that prevented designers from implementing desired prototype features]"", ""\""The small number of volunteer participants may introduce self-selection bias for end-users interested in technology. The study focused on feedback from provider end-users, missing input from other members of the care team.\"" - Limitations - [Shows participant access/representation limitations that constrained the designers' ability to gather broader user input]""]}",,Miller et al. - 2023 - Human Centered Design of a Clinical Decision Support for Anemia Screening in Children with Inflammat.txt,"Condition A: satisfied - The study documents active user involvement (interviews, think-aloud sessions), explicit iterative redesign across two rounds with incorporation of coded feedback, and records activities covering understanding, ideation, prototyping, and evaluation phases.; Condition B: satisfied - Designers reported concrete constraints affecting design activities, including time and funding limits that reduced baseline evaluation, EHR technical limitations that prevented desired UI implementations, and limited participant representation that constrained feedback.; Final rationale: The paper reports a full HCD cycle with iterative user-informed prototyping and evaluation and documents designer-facing constraints that impacted the design process; therefore it meets both Condition A and Condition B and should be included.",Human-Centered Design of a Clinical Decision Support for Anemia Screening in Children with Inflammatory Bowel Disease
Fanny Monnet; Charlèss Dupont; Tinne Smets; Aline De Vleminck; Chantal Van Audenhove; Lieve Van den Block; Lara Pivodic,Medium,Include,"""HCD_fullcycle"": [""A1 User Involvement: \""In all phases of the development process, we incorporate user views as recommended in recent literature reviews on the development of technological interventions... We adopt a user-centered approach throughout the development of the ACP website. ... PPI sessions are conducted with an advisory group composed of people with dementia, family caregivers, representatives from local dementia associations, and palliative care experts\"" - Methods: User-Centered Design and Patient and Public Involvement"", ""A2 Iteration: \""We adopt an agile development approach to build the ACP website. This approach is characterized by an iterative and dynamic development process while collaborating with several groups of stakeholders... we estimate that the development of the ACP website will be conducted in 5 successive stages, including 4 sprints\"" - Methods: Creative Design Phase / Table 1"", ""A3 Lifecycle (Understanding/Ideation/Prototyping/Evaluation): \""In the first content specification phase, we specify the information that should be included in the ACP website by identifying relevant existing evidence and conducting an assessment of needs among people with dementia, family caregivers, and dementia experts\"" (Understanding); \""The findings from the evidence base and the user needs assessment are used to build the first concept of the website\"" (Ideation); \""Based on this specification document, the technical production group develops the first prototype of the ACP website\"" (Prototyping); \""People with dementia, family caregivers, and dyads evaluate several versions of the prototype... usability testing includes (1) a think-aloud exercise, (2) researcher observations, and (3) the System Usability Scale questionnaire... sprint 4: semistructured interviews assessing the layout, content, face validity, and readability\"" (Evaluation) - Methods: Content Specification / Creative Design / Usability Testing""], ""TASKS_elements"": [""\""We ask participants to use a computer and the internet, which can be challenging, as one needs to have a certain level of computer literacy.\"" - Recruitment section - Why it shows a designer barrier: indicates participant access and computer-literacy requirements that constrain recruitment and the pool of users providing feedback, limiting designers' ability to obtain representative input."", ""\""One of the challenges anticipated in the study described in this protocol is that our sample may not be very heterogeneous... our sample may be composed of people with generally higher computer skills and who are already familiar with the topic of ACP. Therefore, we may lack different types of perspectives, which could influence the content and design of the ACP website.\"" - Discussion: Principal Findings - Why it shows a designer barrier: explicitly states a limitation that will affect designers' ability to gather diverse perspectives and thereby constrain design decisions and content refinement.""]}",,Monnet et al. - 2023 - Advance Care Planning Website for People With Dementia and Their Family Caregivers Protocol for a De.txt,"Condition A: satisfied - The protocol documents active user and PPI involvement (A1), explicit iterative development with multiple sprints/prototypes (A2), and a full lifecycle including needs assessment, ideation/specification, prototyping, and multiple forms of user evaluation (A3).; Condition B: satisfied - The paper reports participant-access and recruitment constraints (need for computer literacy, self-selection) and anticipates lack of sample heterogeneity that would limit the designers' ability to collect diverse feedback and shape the design.; Final rationale: The study describes a complete, iterative, user-centered HCD process with explicit user involvement across development and evaluation phases, and it documents recruitment/participant-access limitations that constitute designer-facing constraints; therefore it meets both Condition A and Condition B and is included.",Advance Care Planning Website for People With Dementia and Their Family Caregivers: Protocol for a Development and Usability Study
"Mafalda Monteiro, Marina Moreira, Telma Arzileiro, and Pedro Amado",High,Include,"""HCD_fullcycle"": [""A1 User Involvement: \""Interviews with Shleep users were made to understand what strengths and elements could be improved in a future app. This also allowed for the development of the personas, scenarios and the development of original features in a User-Centered Design approach.\"" - Section 5 (Moon: A Concept Application)"", ""A2 Iteration: \""The first batch of usability tests provided a significant upgrade to the prototype. While allowing the developers to compare one session to another, it became clear that not only were the improvements necessary, but they also allowed verifying that the concerns related to the first session were suppressed.\"" - Section 10 (Results and Discussion)"", ""A3 Lifecycle (Understanding/Ideation/Prototyping/Evaluation): \""We have selected and conducted 13 interviews with users of this app... The information collected until this point was used to plan how Moon could answer the real user’s needs... The app’s system architecture and visual design were developed... Moon is a high-fidelity visual prototype designed and implemented in Invision Studio... The usability tests of the prototype Moon were conducted in two sessions, each with five participants... sessions lasted, approximately, fifteen minutes each, followed by a debriefing session interview and SUS Questionnaire (Brooke 1996).\"" - Sections 6, 7, and 9 (State of the Art / Development and Evaluation / Usability Evaluation)""], ""TASKS_elements"": [""\""Here, the developer team, being only specialized in Design, haven’t searched for a scientific approach, but have given priority to designing the user experience in the development of a self-analysis tool for the users’ sleeping health.\"" - Section 5 (Moon: A Concept Application) - This indicates a designer skill/knowledge gap (lack of scientific expertise) that influenced how the team conducted the design and evaluation activities."", ""\""Further usability tests will also be necessary since the short time provided wasn't enough to shape a strong view of the features mentioned above.\"" - Section 11 (Conclusion) - This explicitly reports a time/resource limitation that affected the designers' ability to comprehensively evaluate and refine the features (short testing time limited design evaluation).""]}",,Monteiro et al. - 2021 - Improving Sleep Awareness Design and Development of an M Health App.txt,"Condition A: satisfied - The study shows active user involvement (interviews informing personas and features), explicit iteration (two usability test sessions with changes tested), and evidence of all four lifecycle phases (user understanding via interviews, ideation via feature/persona development, high-fidelity prototyping, and usability evaluation).; Condition B: satisfied - The paper reports designer-facing constraints: a declared lack of scientific expertise in the developer team (skill/knowledge gap) and an explicit short testing time that limited their ability to form strong conclusions (resource/time constraint affecting evaluation/iteration).; Final rationale: Both the full HCD cycle (A1+A2+A3) and at least one valid designer-facing TASKS element are documented in the Methods/Results/Conclusion, meeting inclusion criteria.",Improving Sleep Awareness: Design and Development of an M-Health App
Francisco Monteiro-Guerra; Gabriel Ruiz Signorelli; Shreya Tadas; Enrique Dorronzoro Zubiete; Octavio Rivera Romero; Luis Fernandez-Luque; Brian Caulfield,High,Include,"""HCD_fullcycle"": [""A1 User Involvement: \""The design process was led by a multidisciplinary team, including technical and health professionals, and involved input from a total of 22 survivors.\"" - Methods (User-Centered Design Process / Participant Recruitment for User Studies)"", ""A1 User Involvement: \""Semistructured interviews were conducted with 14 breast cancer survivors... the interviews involved a combination of open-ended questions ... to obtain participants’ thoughts and opinions on the featured content.\"" - Methods, Stage 1: User and Context Research"", ""A2 Iteration: \""These ideated features went through a refinement phase, which involved an iterative process of analyzing design considerations from stage 1, to further specify the app functionalities.\"" - Methods, Stage 2: Conceptualization and Early Prototyping"", ""A3 Lifecycle (Understanding/Ideation/Prototyping/Evaluation): \""The process comprised 3 stages. In stage 1, the literature was reviewed and 14 patients were interviewed to understand the needs... In stage 2, the global use case for the tool was defined, the features were ideated and refined... and a digital interactive prototype was created. In stage 3, the prototype went through usability testing with 8 patients and was subjected to quality and behavior change potential evaluations by 2 human-computer interaction experts.\"" - Abstract & Methods (Stages 1-3)""], ""TASKS_elements"": [""\""The system evaluation was performed with a low-fidelity prototype, which might have limited the outcomes from the testing stage in some way. For example, interaction of the user with the prototype was limited to the main screen interactions, which did not allow a real simulation of the functionalities provided by the app. In addition, the analysis of some of the testing scales was restricted to the current stage of the prototype.\"" - Limitations - Why: This explicitly describes a constraint experienced by the design team that limited their ability to perform realistic evaluation and full analysis of features, affecting design activities."", ""\""Some of the aspects covered by the MARS could be addressed, because of the low-fidelity design of the prototype...\"" / \""Some of the aspects covered by the scale, including the section of design aesthetics, were not considered due to the use of a low-fidelity prototype.\"" - Methods (Expert Evaluation / Analysis) & Results - Why: Shows designers were constrained by prototype fidelity preventing full expert assessment and thus limiting design evaluation."", ""\""The results of the studies with the end users should be considered with caution because of the small sample size.\"" - Limitations - Why: Indicates a participant/sample limitation that reduced data breadth and may have constrained the designers' evidence base for iterative refinements.""]}",,Monteiro-Guerra et al. - 2020 - A Personalized Physical Activity Coaching App for Breast Cancer Survivors Design Process and Early P.txt,"Condition A: satisfied - Paper documents active user involvement (interviews and usability testing), explicit iterative refinement phases, and all four lifecycle activities (understanding users, ideation, prototyping, evaluation).; Condition B: satisfied - Authors report concrete constraints experienced by the design team (low-fidelity prototype limiting realistic interaction and restricting expert evaluation; small sample size limiting data), which impeded evaluation and analysis activities.; Final rationale: The study is included because it reports a full HCD cycle with clear user involvement and iterative refinement, and it describes designer-facing constraints that affected the design/evaluation process.",A Personalized Physical Activity Coaching App for Breast Cancer Survivors: Design Process and Early Prototype Testing
"Sara Moukarzel, Zvinka Z. Zlatar, Sheri J. Hartman, Derek Lomas, Howard H. Feldman, Sarah J. Banks, HALT-AD Study Group",High,Include,"""HCD_fullcycle"": [""A1 User Involvement: Community members, serving as volunteer advisors or study participants, provided input to help develop the educational content and platform features of HALT-AD, to identify effective approaches for participant recruitment and efficient data collection, and finally to refine our research questions based on community feedback. [Methods - 2.2.2 (2) Community-based participatory design]"", ""A2 Iteration: Instead, the HALT-AD program components underwent several cycles of rapid development, user-centered evaluation, and refining by the same operational team. Iterations were informed by data generated relatively quickly from two small studies and a survey of study participants. [Methods - 2.2.2 (1) Iterative user-centered design combined with agile software development]"", ""A3 Lifecycle (Understanding/Ideation/Prototyping/Evaluation): We followed a framework of information gathering (e.g., interests and needs from CAB via surveys and Latino/a staff via meetings), preliminary adaptation (e.g., developing parts of HALT-AD based on gathered information), adaptation tests (e.g., pilot testing usability with study participants), and, finally, adaptation refinement (e.g., modifying HALT-AD based on pilot results). [Methods - 2.2.2 (3) Culturally adapted program]""], ""TASKS_elements"": [""Only 10 participants (53%) completed all their modules. Focus group data revealed three barriers: (1) forgetting; (2) feeling program did not help identify how to improve lifestyle given own circumstances; (3) feeling program lacked provision of feedback, especially when progress was being made. [Results - Table 1] - This participant engagement and retention issue limited designers' ability to obtain complete usage data and feedback, forcing design adaptations (reminders, personalization, feedback features)."", ""A higher % Latino/a compared to non-Latino/a (16.1% vs 4.70%) reported access to a smart phone or computer as a barrier to participation. [Results - Table 1 / Study 3] - This resource/participant access limitation constrained designers' ability to reach and include target users, prompting actions to provide tutorials and seek funding for devices, showing a designer-facing resource/access constraint."", ""Applying this iterative method requires consistent communication and decision-making within and across operational teams with widely different areas of expertise (e.g., between a neurologist and IT programmer around a feasible algorithm that qualitatively determines risk for dementia due to sleep apnea). Navigating communication and decision-making efficiently and effectively is accomplished by having flexible workflows... [Discussion] - This describes process and coordination difficulties experienced by the design team, a designer-facing barrier that affected how design activities were managed and required changes in workflows and roles.""]}",,Moukarzel S. et al. - 2024 - Developing the Healthy Actions and Lifestyles to Avoid Dementia or Hispanos y el ALTo a la Demencia.txt,"Condition A: satisfied - The paper documents active user involvement via a community advisory board and participant feedback shaping content (A1), explicit multiple rapid prototype-development and feedback cycles (A2), and evidence of the full design lifecycle including information gathering, ideation/adaptation, prototyping, and evaluation via pilot tests and surveys (A3).; Condition B: satisfied - Multiple reported designer-facing issues are present: participant access and low completion rates that limited data/engagement (resource/participant access issues) and team coordination/decision-making challenges across interdisciplinary roles (process/technical and coordination constraints).; Final rationale: The manuscript describes an iterative, user-involved development process covering all HCD lifecycle phases and reports concrete constraints experienced by the design team that affected design activities and required adaptations; therefore it meets both Condition A and Condition B for inclusion.",Developing the Healthy Actions and Lifestyles to Avoid Dementia or Hispanos y el ALTo a la Demencia program
"Naomi Muinga, Chris Paton, Edith Gicheha, Sylvia Omoke, Ibukun-Oluwa Omolade Abejirinde, Lenka Benova, Mike English, Marjolein Zweekhorst",High,Include,"""HCD_fullcycle"": [""A1 User Involvement: \""We conducted three workshops with 16–21 participants each between March and May 2019 in phase one (Table 1). The participants, senior nurses and paediatricians drawn from 14 CIN-N hospitals, were purposely selected as managers of neonatal wards who could decide what chart designs would suit their context.\"" - Methods (Setting / Phase one)"", ""A2 Iteration: \""Using the version 1 chart as a starting point, we adapted the charts to the contextual realities of the pilot sites ... The proposed changes were discussed within the study team and implemented in the next version of the charts (step 6), repeating in a cyclical manner which resulted in one comprehensive chart- version 2 (Fig. 1).\"" - Methods (Phase two - piloting and changing)"", ""A3 Lifecycle (Understanding/Ideation/Prototyping/Evaluation): \""Before the workshops, the study team obtained uncompleted and completed de-identified monitoring charts ... to identify existing charts used for monitoring, to understand how they were filled, and the challenges encountered in using them.\"" (Understanding) - Methods (Phase one); \""We explored design ideas in all workshops by asking participants to visualize an ideal chart (steps 2–3).\"" (Ideation) - Methods (Designing together); \""The study team designed two charts to cater to the needs of babies requiring varying monitoring frequency. The standard monitoring chart could be used over 4 days while the intensive monitoring chart covered 2 days with hourly slots.\"" (Prototyping) - Results (Monitoring charts version 1); \""The two newly developed charts ... were piloted in four CIN-N hospitals ... between June 2019 and February 2020\"" (Evaluation) - Methods (Phase two)""], ""TASKS_elements"": [""\""Nurses were only available together at one place for limited periods; given their already high workloads, it was impossible to hold longer workshops for extensive exploration and development of chart design. The limited time ensured a strong focus on obtaining a prototype that could quickly be tested in hospitals.\"" - Limitations - This shows a designer barrier: participant availability and high workloads constrained the designers' ability to conduct longer, more extensive co-design workshops and forced abbreviated design cycles."", ""\""We did not develop the blue-sky concepts in Bowen’s process as our time with participants was limited; it was not a problem because the aim was to develop a product that improves on existing charts.\"" - The adapted human-Centred design / Methods - This indicates a time/resource constraint experienced by the design team that limited the scope of ideation and exploration."", ""\""printing two charts and ensuring that each baby has the correct chart would be a logistical challenge. The standard monitoring chart did not offer flexibility ... Therefore, we merged the two charts to develop a Comprehensive Newborn Monitoring Chart...\"" - Results (Phase two - piloting and changing / Monitoring chart version 2) - This shows a process/logistical constraint encountered during piloting that forced a design decision (merging charts) to address printing and implementation challenges."", ""\""During the piloting period, they had nursing students but explained that otherwise, they could not have achieved the same level of documentation (during that site visit, 40 babies were admitted, and three qualified nurses were on duty for 24 h).\"" - Results (Feedback on version 1 charts) - This indicates staffing shortages at pilot sites affected documentation practices and thus the context and fidelity of piloting, constraining designers' evaluation of the chart in typical staffing conditions.""]}",,Muinga et al. - 2021 - Using a human centred design approach to develop a comprehensive newborn monitoring chart for inpati.txt,"Condition A: satisfied - The paper documents active user involvement via three co-design workshops with nurses and paediatricians, iterative refinement from version 1 to version 2, and evidence of all four lifecycle phases (understanding users via chart review and personas, ideation in workshops, prototyping of two chart versions, and evaluation via piloting in four hospitals).; Condition B: satisfied - The manuscript reports concrete constraints experienced during the design and piloting (limited time with participants limiting workshop length and blue-sky ideation; logistical/printing challenges prompting merging of charts; and staffing shortages affecting piloting), which are designer-facing barriers that influenced design activities and decisions.; Final rationale: Both Condition A (full HCD cycle with active user involvement, explicit iteration, and all lifecycle phases) and Condition B (designer-experienced constraints affecting the project) are met based on the Methods, Results, and Limitations. Therefore the study should be included.",Using a human-centred design approach to develop a comprehensive newborn monitoring chart for inpatient care in Kenya
"Trena I. Mukherjee, Allison Zerbe, Joanna Falcao, Shauna Carey, Alexandra Iaccarino, Brynn Kolada, Bruno Olmedo, Cady Shadwick, Hitesh Singhal, Lauren Weinstein, Mirriah Vitale, Eduarda De Pimentel De Gusmao, Elaine J. Abrams",High,Include,"""HCD_fullcycle"": [""A1 User Involvement: \""AYAHIV and caregivers participated in cocreation workshops to further refine concepts and messaging.\"" - [Prototyping / Ideation / Results]"", ""A2 Iteration: \""Prototypes were iterated and improved upon or removed based on key learnings... Prototypes were then iterated and improved upon in the next cycle until an optimal intervention is developed for larger-scale testing.\"" - [Prototyping / Methods/Box 1]"", ""A3 Lifecycle (Understanding/Ideation/Prototyping/Evaluation): \""Design research... Methods included ranking and card sort activities...\"" (Understanding) ; \""Eight 'how might we' statements... inspired idea generation of hundreds of potential solutions.\"" (Ideation) ; \""Low fidelity, rough prototypes were tested with 99 individuals...\"" (Prototyping) ; \""Each component was then piloted at 2 urban health facilities in Nampula, Mozambique, over 12 weeks... direct observations (n=24) and exit interviews (n=74)... semistructured interviews... focus group discussions... and quantitative surveys...\"" (Evaluation) - [Design Research / Ideation / Prototyping / Results]""], ""TASKS_elements"": [""\""In response to the coronavirus disease (COVID-19) pandemic, the Mozambique Ministry of Health recommended spacing HIV consultations 3 months apart, which meant that most AYAHIV included in the pilot only had 1 opportunity to interact with intervention components. This limited the ability to assess mid-term impact in areas where repetition may be especially beneficial for influencing outcomes (e.g., behavior change or literacy). Additionally, the support groups and peer navigation components could not be piloted due to restrictions related to the COVID-19 pandemic.\"" - [Results] - [Shows a participant access / public health restriction that prevented designers from piloting components and limited opportunities for iterative testing and feedback]""]}",,Mukherjee et al. - 2022 - Human Centered Design for Public Health Innovation Codesigning a Multicomponent Intervention to Supp.txt,"Condition A: satisfied - The study documents active user involvement (cocreation workshops, AYAHIV as cocreators), explicit iterative prototyping cycles, and evidence of all four lifecycle phases (design research, ideation, prototyping, and pilot evaluation).; Condition B: satisfied - The COVID-19 pandemic restrictions limited participant interactions and prevented piloting of key components (support groups, peer navigation), constraining designers' ability to iterate and evaluate prototypes.; Final rationale: The paper reports an HCD process led by the authors with active user co-design, documented iterative cycles, and a full design-to-pilot lifecycle; it also reports a concrete designer-facing constraint (COVID-19 limiting piloting and iteration), meeting both Condition A and Condition B, so it should be included.",Human-Centered Design for Public Health Innovation: Codesigning a Multicomponent Intervention to Support Youth Across the HIV Care Continuum in Mozambique
Bronwyn Myers; Kristen S. Regenauer; Kim Johnson; Imani Brown; Alexandra Rose; Nonceba Ciya; Sibabalwe Ndamase; Yuche Jacobs; Morgan Anvari; Abigail Hines; Dwayne Dean; Rithika Baskar; Jessica Magidson,High,Include,"""HCD_fullcycle"": [""A1 User Involvement: \""Step 1: From February to June 2021, 40 semi-structured interviews were conducted (n = 15 PWH; n = 25 HCWs; Table 1).\"" - [Methods: Step 1] (Also: multiple ideation and co-design workshops described in Methods: Steps 3 & 4 demonstrating active stakeholder shaping of the design.)"", ""A2 Iteration: \""As this was an iterative process, the participants and procedures involved in each step are described in the order in which they occurred.\"" and \""the operations team met to review this feedback, using the approach outlined in Step 3 to rapidly adapt the PRC prototype (producing version 2) in preparation for Step 5\"" - [Methods: Design; Step 3/4] (Table 2 documents Version 1 -> Version 2 -> Version 3 iterations.)"", ""A3 Lifecycle (Understanding/Ideation/Prototyping/Evaluation): \""Understanding users: Step 1... 40 semi-structured interviews...\""; \""Ideation: Between April and June 2022, we conducted six ideation workshops with n = 12 patients (across three workshops) and n = 12 HCWs (across three workshops)\""; \""Prototyping: ...the combined US-SA operations team...adapt the PRC overview and develop a prototype for the PRC role in preparation for Step 4\""; \""Evaluation: Step 5... we presented prototype version 2 and requested these leaders to provide feedback... further adapt the PRC prototype, producing version 3\"" - [Methods: Steps 1, 3, 2, 5]""], ""TASKS_elements"": [""\""A relatively small number of patients and HCWs participated in the workshops. Additional engagement with a wider range of patients and HCWs may identify further modifications to the PRC role that could broaden its appeal and utility.\"" - [Limitations] - [Why it shows a designer barrier: limited participant engagement reduced the breadth/diversity of stakeholder input available to designers, constraining design iteration and possibly preventing identification of additional modifications.]"", ""\""There were power imbalances within our study team, inherent when adapting an intervention from the global North for application in the global South, and where teams include people with lived experience of SU and other stigmatized identities. To limit the impact of these imbalances on stakeholder inputs, we intentionally used mutual capacity-building...\"" - [Discussion] - [Why it shows a designer barrier: team-level power dynamics and contextual adaptation challenges affected the design team's processes and required deliberate procedural adaptations to ensure equitable stakeholder influence on design decisions.]""]}",,Myers B - 2024 - A stakeholder driven approach to designing a peer recovery coach role for implementation in communit.txt,"Condition A: satisfied - The Methods describe explicit user involvement (interviews, ideation and co-design workshops), repeated iterative refinement producing multiple prototype versions, and activities covering understanding, ideation, prototyping, and evaluation (stakeholder consultation).; Condition B: satisfied - The paper reports designer-facing constraints including limited participant workshop numbers (participant access/engagement issue that limited design inputs) and team-level power imbalances that required process adaptations, both of which affected design activities.; Final rationale: The study reports a full HCD cycle with active stakeholder co-design and documented iterative prototype refinements (Versions 1-3) and also documents concrete designer-facing constraints that limited or shaped the design process. Therefore it meets both Condition A and Condition B and should be included.",A stakeholder-driven approach to designing a peer recovery coach role for implementation in community-oriented primary care teams in South Africa
"Shobhana Nagraj, Kennedy SH, Jha V, et al.",High,Exclude,"""HCD_fullcycle"": [""A1 User Involvement: \""SMARThealth Pregnancy was co-designed with key stakeholders, including ASHAs, ANMs and primary care doctors, using the COM-B model and behaviour change wheel...\"" - Methods (5-ii / 5-viii)"", ""A2 Iteration: \""The application did not undergo changes during the evaluation process.\"" - Methods (5-iii) [indicates lack of changes/iterations during evaluation; no explicit iterative refinement reported]"", ""A3 Lifecycle (Understanding/Ideation/Prototyping/Evaluation): \""We, therefore, developed a complex intervention, SMARThealth Pregnancy, including mobile clinical decision support for CHWs to screen, refer and counsel women...\"" and \""We piloted the intervention in a prospective, unblinded cluster randomised controlled trial (cRCT), embedding a qualitative sub-study...\"" - Methods (2a / 1b-iii) [shows understanding and evaluation but no explicit evidence of ideation or prototyping]""], ""TASKS_elements"": [""\""There were no changes to methods although enplane data collection was not fully completed due to the Covid-19 pandemic.\"" - Methods (3b-i) - This indicates a pandemic-related disruption to data collection that limited the team's ability to complete planned evaluation activities (a constraint affecting designers' conduct of evaluation)."", ""\""Although the pilot study started in October 2019, i.e. before the global COVID-19 pandemic, the whole of India locked down for 2 months from March 24th, 2020.\"" - Results/Limitations (14a-i) - The lockdown is reported as a secular event that disrupted study procedures, constraining field work and data collection.""]}",Condition A not satisfied: no explicit evidence of iteration and incomplete reporting of ideation/prototyping phases (not a full HCD cycle).,Nagraj et al. - 2023 - A Mobile Clinical Decision Support System for High Risk Pregnant Women in Rural India SMARThealth Pr.txt,"Condition A: not satisfied - User involvement is reported (co-design) and evaluation was performed, but there is no explicit evidence of iterative refinement cycles nor clear documentation of ideation and prototyping phases required for a full HCD cycle.; Condition B: satisfied - The manuscript reports pandemic-related disruptions to data collection and lockdowns that constrained the team's ability to complete planned data collection/evaluation activities, which are designer-facing barriers.; Final rationale: Excluded because the study does not provide clear evidence of an explicit iterative HCD cycle and complete prototyping/ideation phases, failing Condition A; although designer-facing constraints are reported (Condition B), both conditions must be met for inclusion.","SMARThealth Pregnancy: A pilot cluster randomised trial in rural India to assess the feasibility and acceptability of a complex intervention using mobile clinical decision support for community health workers to screen, refer and counsel pregnant women at high risk of future cardiometabolic disorders"
