authors,confidence,decision,evidence,exclusion_reason,file_name,reasoning,title
Robert W. Turer; Stephen C. Gradwohl; Justine Stassun; Jakobi Johnson; Jason M. Slagle; Carrie Reale; Russ Beebe; Hui Nian; Yuwei Zhu; Daniel Albert; Timothy Coffman; Hala Alaw; Tom Wilson; Shari Just; Perry Peguillan; Heather Freeman; Donald H. Arnold; Judith M. Martin; Srinivasan Suresh; Scott Coglio; Ryan Hixon; Krow Ampofo; Andrew T. Pavia; Matthew B. Weinger; Derek J. Williams; Asli O. Weitkamp,High,Include,"{""HCD_fullcycle"": [""A1 User Involvement: \""We conducted user research at VUMC, UPMC, and Primary Children’s Hospital in Salt Lake City, Utah, United States. ... User research consisted of field observations with interactive probing (i.e., contextual inquiry) as well as formal interviews with individual providers and nurses in the EDs and ICUs. ... Participants included faculty physicians, resident and fellow physicians, advanced practice providers (APPs), and nurses.\"" - User Interface Design: Methods / Problem Analysis and User Research (Methods & Results)"", ""A2 Iteration: \""Early design efforts yielded several prototypes, progressing from paper prototypes to wireframe diagrams and, finally, high-fidelity prototypes... iterative refinement informed by formative usability testing.\"" - Conceptual Design and Early Prototyping (Methods & Results)"", ""A3 Lifecycle (Understanding/Ideation/Prototyping/Evaluation): \""We followed a UCD framework ... consisting of the following steps: problem analysis and user research, conceptual design and early prototyping, user interface development with iterative review and high-fidelity prototyping, formative evaluation, and postdeployment summative evaluation.\"" - User Interface Design: Methods""], ""TASKS_elements"": [""\""Originally, we intended to perform in-person user evaluations. However, due to the coronavirus disease 2019 pandemic, we adapted our approach and conducted individual virtual usability tests...\"" - Conceptual Design and Early Prototyping (Methods) - This shows a designer-facing constraint (pandemic forced adaptation of evaluation methods) that affected how designers carried out usability testing and iteration."", ""\""we encountered barriers concerning oxygen supplementation data, which were not available through Epic’s FHIR implementation. To resolve this issue, we used the 'Observation.Search' request to extract the required data from Epic’s native flowsheets, which aren’t part of the standard core profiles\"" - Software Architecture (Methods) - This documents a technical FHIR data availability limitation that forced designers/developers to implement workaround solutions, impacting design/implementation."", ""\""The application was developed using the Angular framework, with which UPMC’s developers were unfamiliar. The necessary training and familiarization took additional time that had not been anticipated.\"" - Second Site Deployment (Methods) - This is a skills/knowledge gap and resource/time constraint experienced by the development teams that affected cross-site deployment."", ""\""There were between site variations in vendor FHIR server implementations resulting in inconsistent FHIR resource availability... Cerner’s FHIR server lacked equivalent functions.\"" - Second Site Deployment (Methods/Results) - This shows interoperability and configuration constraints experienced by designers that hindered direct reuse and required additional mapping and development effort."", ""\""During end-to-end testing, we identified environmental differences between test and production environments requiring correction for the app to function.\"" - Evaluation and Deployment (Results) - This documents process/technical environment issues faced by the development/design team that required adaptation before deployment."", ""\""After deploying our app, Epic changed how its FHIR Server handled patient encounter information during application launch, which led to application failure and the erroneous exclusion of an eligible encounter.\"" - Discussion (Knowledge Management) - This is evidence of vendor-driven changes affecting the designers' ability to maintain correct operation and requiring debugging/coordination with vendor support.""]}",,Turer et al. - 2024 - User Centered Design and Implementation of an Interoperable FHIR Application for Pediatric Pneumonia.txt,"Condition A: satisfied - The paper documents active user involvement (contextual inquiry, interviews with 39 clinicians), explicit iterative design (multiple prototype stages and iterative refinement informed by usability testing), and evidence of the full lifecycle (understanding users, ideation/conceptual design, prototyping, and evaluation including formative, end-to-end testing, and postdeployment summative evaluation).; Condition B: satisfied - Multiple explicit designer-facing constraints are reported (pandemic-driven shift in evaluation approach, FHIR data availability gaps requiring workarounds, cross-site developer unfamiliarity with framework, server/OS differences, inconsistent FHIR implementations between vendors, environment/test-production differences, and vendor changes causing failures), all of which affected designers' ability to perform design, testing, deployment, or maintenance activities.; Final rationale: Both required conditions are met (complete HCD cycle and documented designer-experienced tasks/constraints). The study therefore qualifies for inclusion.",User-Centered Design and Implementation of an Interoperable FHIR Application for Pediatric Pneumonia Prognostication in a Randomized Trial
Daniel Ullrich; Andreas Butz; Sarah Diefenbach,High,Include,"{""HCD_fullcycle"": [""A1 User Involvement: \""Explorative interviews with two university teachers and 57 students provided us deeper insights into the particular needs and experiences of these two relevant groups in the context of hybrid teaching (also see [13]).\"" - Section 2 (Explorative Interviews and State of the Art Analysis)"", ""A2 Iteration: \""The present case study describes the user-centered iterative design process, from the first idea via explorative interviews and an analysis of the state of the art, concept development, potential analysis, exploration of different design variants, a first functional prototype, a pilot field test, and finally lessons learnt and future steps of development.\"" - Introduction"", ""A3 Lifecycle (Understanding/Ideation/Prototyping/Evaluation): \""Explorative interviews ...\"" (understanding, Section 2); \""Based on these insights ... we sketched a preliminary first concept\"" (ideation, Section 3); \""Technical realization and prototype\"" (prototyping, Section 5); \""The Fernstudent was applied in multiple sessions ... students and teachers filled in a survey after each lecture and ... retrospective in-depth interviews were conducted\"" (evaluation, Section 6).""], ""TASKS_elements"": [""\""However, first tests showed that the camera angle was too wide which meant that the notebook had to be positioned fairly close to the teacher and projector image. As we did not want the position of the Fernstudent in the classroom to be determined by the camera angle, we decided for an external camera ... turned out that the light sensitivity was not always sufficient to capture the sometimes faint image of the lecture slides. Hence, in order to transfer the slide image safely to the remote students, we used a video capture card (Elgato HD60 X).\"" - Section 5.1.1 - Shows a technical limitation (camera angle/light sensitivity) that forced designers to change hardware and architecture (design adaptation due to technical constraint)."", ""\""The notebook’s built-in microphone was too insensitive and a dedicated microphone worn by the teacher was not an option because we wanted all technology to be integrated in the Fernstudent. We therefore used a directional microphone ... However, a disadvantage is that if for some reason the teacher does not say anything ... every noise from the classroom is transmitted.\"" - Section 5.1.1 - Shows audio hardware constraints and trade-offs that impeded intended functionality and required design compromises (affecting designers' ability to realize a seamless audio solution)."", ""\""We searched for an existing software such as a videoconferencing tool with an integrated raise hand function that can be intercepted in order to be able to translate it into the light signal. This was not possible for many existing videoconferencing tools (e.g., Zoom, that removed the feature in its API). A possible option was Jitsi Meet ... Hence, we used Jitsi Meet\"" - Section 5.1.2 - Shows an integration/API limitation that constrained software choices and forced designers to adopt a specific platform, impacting design implementation."", ""\""With the current prototype, two students were designated to handle the set-up for the field test, i.e., putting together the acrylic frame and the hardware elements, wiring everything together, and setting up the software. Given that the concept aims to provide a seamless solution with low barriers for entry, any complicated set-up process would be contradicting. Therefore, an improvement in practical handling and mobility of the prototype for easier removal between lecture rooms ... must be addressed in future iterations.\"" - Section 7.1 - Shows practical resource/personnel and mobility constraints that limited deployment and influenced further design requirements.""]}",,Ullrich D. et al. - 2024 - The Fernstudent A User Centered Design Case Study on Improvements of Hybrid Teaching Through A Physi.txt,"Condition A: satisfied - The paper documents active user involvement (explorative interviews, teacher workshops, student input), explicit iterative cycles (concept, prototypes, pilot, lessons learnt), and evidence of all four lifecycle phases (understanding, ideation, prototyping, evaluation).; Condition B: satisfied - Multiple quoted passages describe technical integration problems (camera/light sensitivity, microphone trade-offs, API limitations) and practical setup/personnel constraints that directly affected design decisions and implementation.; Final rationale: The study reports a full user-centered iterative design process with participatory input and evaluation, and it explicitly documents designer-facing constraints that forced adaptations; therefore it meets both Condition A (full HCD cycle) and Condition B (designer-oriented task constraints) and should be included.",A User-Centered Design Case Study on Improvements of Hybrid Teaching Through A Physical Avatar in the Classroom.
"Gratianne Vaisson, Thierry Provencher, Michèle Dugas, Marie-Ève Trottier, Selma Chipenda Dansokho, Heather Colquhoun, Angela Fagerlin, Anik M. C. Giguere, Hina Hakim, Lynne Haslett, Aubri S. Hoffman, Noah M. Ivers, Anne-Sophie Julien, France Légaré, Jean-Sébastien Renaud, Dawn Stacey, Robert J. Volk, Holly O. Witteman",High,Exclude,"{""HCD_fullcycle"": [""A1 User Involvement: We aimed to describe how such involvement occurs by synthesizing reports of patient decision aid design and development within a user-centered design framework and to provide context by synthesizing reports of user-centered design applied to other personal health tools. - [Abstract/Background]"", ""A2 Iteration: We included articles that describe at least 1 development step and/or any type of evaluation of a patient decision aid intended to support a personal health decision or that explicitly used one of the 4 terms—user-centered design, user-centred design, human-centered design, or human-centred design to develop a personal health tool. - [Methods/Eligibility Criteria]"", ""A3 Lifecycle (Understanding/Ideation/Prototyping/Evaluation): Our searches identified 83,441 unique potentially eligible articles... After full-text screening, we retained and extracted data from 607 articles. The 607 included articles described 390 distinct projects. Each project represented 1 unique patient decision aid or other personal health tool. - [Results/Study Selection]""], ""TASKS_elements"": []}",Meta-study analyzing others' design work,Vaisson et al. - 2021 - User Involvement in the Design and Development of Patient Decision Aids and Other Personal Health To.txt,"Condition A: not satisfied - The paper is a systematic review synthesizing reports of other teams' design and development projects rather than reporting an original design process by the authors.; Condition B: not satisfied - As a meta-study, it does not present primary evidence of difficulties or constraints experienced by designers during a specific design project in the way required (first-hand designer-facing task evidence).; Final rationale: Immediate exclusion per meta-study rule: the article analyzes and synthesizes other teams' design work (systematic review of 607 articles describing 390 projects) rather than reporting the authors' own design process; therefore it meets the exclusion criterion 'Meta-study analyzing others' design work'.",User Involvement in the Design and Development of Patient Decision Aids and Other Personal Health Tools: A Systematic Review
Inge Renske van Bruinessen; Evelyn M van Weel-Baumgarten; Harm Wouter Snippe; Hans Gouw; Josée M Zijlstra; Sandra van Dulmen,High,Include,"{""HCD_fullcycle"": [""A1 User Involvement: \""The research partners were directly involved in the planning of the PatientTIME project and in the decision-making processes in each protocol step.\"" - Results (Patient Participation Planning)"", ""A2 Iteration: \""An iterative design method was applied, that is, intermediate results (eg, video scripts, website navigation) were presented to patients and experts. Subsequently, the intermediate results were adapted to their feedback, which is discussed in the following paragraphs.\"" - Results (Intervention Design, Step 4)"", ""A3 Lifecycle (Understanding/Ideation/Prototyping/Evaluation): \""The goal of the needs assessment step was to map the patient-perceived barriers... A total of 37 patient service users (28 patients and 9 spouses) contributed to this needs assessment.\"" (Understanding) \""The goal of the second and third step was to establish the objectives of the intervention... These objectives were linked to theoretical methods and corresponding practical strategies.\"" (Ideation) \""The goal of the fourth step was to design the content, structure, and layout of the intervention... video diaries... scripts... rough material was shown to a physician, an ICT expert, a patient research partner, and an external communication researcher. Their feedback was used in the editing process.\"" (Prototyping) \""The goal of the fifth step was to develop an evaluation plan... proposed a randomized controlled trial (RCT)... The RCT (registered... 3779) started in 2013.\"" (Evaluation) - Results (Steps 1-5)""], ""TASKS_elements"": [""\""The recruitment and involvement of patients was a time-consuming part of the project. In some steps, we could have benefited from more involved patient service users (especially the intervention development step), but time constraints prevented us from doing so.\"" - Discussion (Obstacles to Participatory Development) - [Why it shows a designer barrier: explicit resource/time constraint that prevented fuller planned patient involvement and affected designers' execution of development activities]"", ""\""For example, during the needs assessment, some patients were too ill to attend a focus group session. An interview at their home gave us the opportunity to incorporate their experiences as well.\"" - Discussion (Obstacles to Participatory Development) - [Why it shows a designer barrier: participant access/health issues forced the team to adapt methods (home interviews) impacting how designers collected user data]""]}",,van Bruinessen IR - 2014 - Active patient participation in the development of an online intervention.txt,"Condition A: satisfied - The paper documents active patient involvement in planning and decision-making (A1), describes explicit iterative design cycles with feedback and adaptation (A2), and provides evidence of all four lifecycle phases: needs assessment (understanding), specification of objectives and methods (ideation), creation and refinement of video/web materials (prototyping), and a planned RCT evaluation (evaluation) (A3).; Condition B: satisfied - The paper reports designer-facing constraints, notably time/resource limits that prevented fuller patient involvement and participant access/health issues that forced methodological adaptations, which affected the designers' ability to carry out planned activities.; Final rationale: Both Condition A (full HCD cycle) and Condition B (designer-experienced task/constraint evidence) are met based on Methods, Results, Discussion, and Limitations; therefore the study is included.",Active Patient Participation in the Development of an Online Intervention
Loïs F van de Water; Héctor G van den Boorn; Florian Hoxha; Inge Henselmans; Mart M Calff; Mirjam A G Sprangers; Ameen Abu-Hanna; Ellen M A Smets; Hanneke W M van Laarhoven,High,Include,"{""HCD_fullcycle"": [""A1 User Involvement: \""The creation, evaluation, and improvement of the tool followed an iterative user-centered design framework, where feedback was gathered from end users (patients and physicians) and experts.\"" - Methods: The Web-Based Prediction Tool: Source"", ""A2 Iteration: \""A total of 4 feedback sessions were conducted from January 2018 to July 2018.\"" - Methods: The Web-Based Prediction Tool: Source (iterative feedback rounds)"", ""A3 Lifecycle (Understanding/Ideation/Prototyping/Evaluation): \""First, a face-to-face focus group was conducted with 6 patients... In a second feedback round, 30-minute, semistructured, face-to-face interviews were conducted with individual patients... The third feedback round aimed to evaluate the usability of the tool when used by medical oncologists... A prototype of the web interface was created... The web-based tool was developed using the RShiny software... A pilot study was conducted from December 2018 to March 2019 to test both the tool and training in a real-life setting.\"" - Methods: The Web-Based Prediction Tool: Source; Prototype description; Pilot Study""], ""TASKS_elements"": [""\""The fifth fellow did not respond to repeated invitations.\"" - Results: Evaluation Round Feedback / Pilot study - This shows a participant access issue (recruitment/nonresponse) that limited designers' ability to gather feedback and complete planned evaluation."", ""\""Evaluation by physicians may be complicated because of their busy schedules.\"" - Methods/Training & Discussion - This indicates resource/availability constraints among clinician participants that impeded conducting feedback rounds and evaluations as intended."", ""\""For instance, during the pilot training and interviews, several critical remarks on the prediction models were expressed, such as the lack of World Health Organization performance status as a predictor of overall survival. These comments likely reflect a possible lack of trust in the underlying models and analyses of the tool.\"" - Results/Discussion - This shows a designer-facing barrier (lack of clinician trust in models) that required authors to adapt the tool (add methodological details, plan model updates) to address acceptance."", ""\""As the number of testing rounds in this study is limited compared with other studies [37,38], the tool’s usability may be further improved.\"" - Discussion - This indicates a resource/implementation limitation (limited rounds of testing) that affected the depth of iterative evaluation the designers could perform.""]}",,Van De Water L.F. et al. - 2021 - Informing patients with esophagogastric cancer about treatment outcomes by using a web based tool an.txt,"Condition A: satisfied - The authors used a user-centered, iterative design with multiple feedback rounds involving patients, clinicians, and experts; they created requirements, built an RShiny prototype, and conducted usability testing and a pilot study, covering understanding, ideation, prototyping, and evaluation.; Condition B: satisfied - The manuscript reports designer-facing constraints: participant nonresponse and clinicians' busy schedules limiting evaluation, limited number of testing rounds, and clinicians' lack of trust in the prediction models requiring adaptations—these affected the designers' ability to perform and complete design activities.; Final rationale: The paper reports a full HCD cycle (active user involvement, explicit iterative refinement, and evidence of all lifecycle phases) and documents multiple designer-experienced barriers that affected development and evaluation; therefore it meets both Condition A and Condition B and is included.",Informing Patients With Esophagogastric Cancer About Treatment Outcomes by Using a Web-Based Tool and Training: Development and Evaluation Study
"Welmoed K. van Deen, Edward S. Cho, Kathryn Pustolski, Dennis Wixon, Shona Lamb, Thomas W. Valente, Michael Menchine",High,Include,"{""HCD_fullcycle"": [""A1 User Involvement: \""Before developing the initial design, we performed a series of 60-min semi-structured interviews with ED leadership and ED attending physicians... After the front-end prototype was developed using insights from the initial round of interviews, additional feedback was sought in a second round of 45-min interviews with five attending physicians, during which iterative improvements were made to the design.\"" - [Methods]"", ""A2 Iteration: \""the initial version of the performance feedback dashboard... was then iteratively improved in two additional design cycles based on additional end-user feedback from five physicians in November and December 2017\"" - [Results: Human centered design – initial design and iterative improvement]"", ""A3 Lifecycle (Understanding/Ideation/Prototyping/Evaluation): \""Before developing the initial design, we performed a series of 60-min semi-structured interviews... All transcripts were analyzed for comments related to relevant peer-comparison metrics, desired functionality, and perceived barriers. Based on the interview results, a guide was developed that specified design requirements for the performance dashboard. A team with experience in human-centered design developed... a front-end prototype in Axure RP PRO 8... Pre- and post-surveys... were used to evaluate the effect of the dashboard on physicians’ motivation and to measure their perception of the usefulness of the dashboard.\"" - [Methods]""], ""TASKS_elements"": [""\""The number of requested consultations was not included as the data were not readily available in the EMR.\"" - [Results: Human centered design – initial design and iterative improvement] - [Why it shows a designer barrier] Data availability in the EMR prevented inclusion of a planned metric and forced designers to exclude that measure from the dashboard."", ""\""Removed deaths as an outcome as it is not feasible to reliably obtain data from EMR (iteration 1)\"" - [Table 1 / Results] - [Why it shows a designer barrier] Unreliable EMR-derived death data constrained designers from including an outcome measure, leading to adaptation of the dashboard content."", ""\""All of your metrics are only as good as the people putting them in, and that’s always gonna be, you know, um, an issue with accuracy [...]\"" (Interview 1) - [Results: Barriers and unintended consequences] - [Why it shows a designer barrier] Concerns about data accuracy in source systems created a technical trust barrier that designers needed to address (definitions, headers, validation) to make the dashboard acceptable."", ""\""sample size is small and with only 19 of 56 participants responding to both surveys, there is likely a selection bias.\"" - [Discussion] - [Why it shows a designer barrier] Low survey response/participant attrition limited the designers' ability to evaluate the prototype with a representative sample and constrained assessment of acceptability/effects.""]}",,Van Deen W.K. et al. - 2019 - Involving end users in the design of an audit and feedback intervention in the emergency department.txt,"Condition A: satisfied - The paper documents active end-user involvement (multiple semi-structured interviews and iterative feedback), explicit iterative refinement cycles, and evidence of the full HCD lifecycle (user understanding, ideation/design requirements, prototyping in Axure, and evaluation via pre/post surveys).; Condition B: satisfied - Multiple documented constraints impacted the designers (EMR data unavailability and accuracy forcing exclusion or modification of measures; low survey response limiting evaluation), meeting the TASKS criteria of technical/resource and participant-access barriers experienced by designers.; Final rationale: The study reports a human-centered design process with iterative co-design and evaluation and also describes concrete barriers encountered by the design team that affected design choices and evaluation. Therefore it meets both Condition A (full HCD cycle) and Condition B (designer-facing task/constraint evidence) and should be included.",Involving end-users in the design of an audit and feedback intervention in the emergency department setting – a mixed methods study
"Lisette van der Meer, Tessa Jonker, Heleen Wadman, Charlotte Wunderink, Jaap van Weeghel, Gerdina Hendrika Maria Pijnenborg, Ellie R. H. van Setten",High,Include,"{""HCD_fullcycle"": [""A1 User Involvement: \""Input for the design phase on specifically the topics identity and personality, life cycle, personal narrative, and wishes and goals was collected through individual meetings with service users, mental health workers from various disciplines, peer support workers, rehabilitation professionals... we organized two focus group meetings [one meeting with service users (n = 5) ...]\"" - Analysis Phase"", ""A2 Iteration: \""the subsequent iterative process of prototyping, testing, evaluating, and redesigning, which is typical of UCD ..., was crucial in adapting and fine-tuning TiM to the needs of the service users as well as mental health workers and family members.\"" Also numerous prototype iterations noted: \""first testable prototype... second prototype... third prototype...\"" - Design Phase / Discussion"", ""A3 Lifecycle (Understanding/Ideation/Prototyping/Evaluation): \""Understanding: The analysis phase... Input ... was collected through individual meetings with service users... and focus groups\"" (Analysis Phase); \""Ideation: A 1-day creative brainstorming session ... participants of the brainstorm session were challenged to think 'out of the box'...\"" (Design Phase - Brain Storm Session); \""Prototyping: Based on the eight defined design criteria ... we developed a first testable prototype of the intervention, which we named 'This is Me' (TiM).\"" (Design Phase - Development of the First Testable Prototype); \""Evaluation: In this phase, we implemented and evaluated TiM in a real-life setting through organizing an implementation tour at 16 residential care facilities ... In a small feasibility pilot, we found indications ...\"" (Evaluation Phase / Pilot Study)""], ""TASKS_elements"": [""\""Barriers when the activity required people to leave the location... also for lack of time of nursing staff to undertake activities elsewhere.\"" - Design Phase / Further Testing in Other Clinical Settings - Why it shows a designer barrier: staff time constraints and workload limited the implementation and feasibility of activities, forcing design adaptations (added challenge levels and local activity options)."", ""\""It appeared necessary to explicitly add the possibility to reject an activity and spin the wheel again... In practice, mostly the care providers took the initiative in selecting a card, rather than it being a shared decision.\"" - Design Phase / Further Testing in Other Clinical Settings - Why it shows a designer barrier: role dynamics and staff behaviors constrained intended equality and required redesign of the prototype to prevent staff-dominant choices."", ""\""lack of someone to use TiM with, as staff was not always available or willing to participate.\"" - Results / Implementation - Why it shows a designer barrier: limited staff availability hindered deployment and natural usage patterns, directly affecting designers' ability to implement and iterate the intervention in practice."", ""\""Professionals found it difficult to be the only one in the team who used TiM, as nurses and carers were already otherwise engaged.\"" - Results / Implementation and Discussion - Why it shows a designer barrier: insufficient team buy-in and personnel resources impeded consistent application and scale-up, a constraint experienced by implementers/designers."", ""\""many mental health nurses indicated that they had no time to use TiM.\"" - Strengths and Weaknesses / Discussion - Why it shows a designer barrier: explicit resource limitation (time) affected designers' ability to have staff adopt and sustain the intervention in routine practice, informing implementation changes.""]}",,van der Meer et al. - 2021 - Targeting Personal Recovery of People With Complex Mental Health Needs The Development of a Psychoso.txt,"Condition A: satisfied - Clear, repeated user involvement (focus groups, individual meetings, user evaluation meetings), explicit iterative prototyping (multiple prototypes and redesigns), and full lifecycle evidence (analysis/empathy, ideation/brainstorm, prototyping, real-life evaluation/pilot).; Condition B: satisfied - Multiple documented designer-facing constraints (staff time shortages, lack of staff availability/willingness, role dynamics leading to staff-led activity selection, logistical planning burdens) that impacted implementation and required design adaptations.; Final rationale: The paper reports an explicit UCD process with active user co-design, multiple iteration cycles, and complete development-to-pilot evaluation. It also documents concrete resource and implementation barriers experienced by the design/implementation team. Therefore it meets both Condition A and Condition B and should be included.",Targeting Personal Recovery of People With Complex Mental Health Needs: The Development of a Psychosocial Intervention Through User-Centered Design
Sanne van der Weegen; Renée Verwey; Marieke Spreeuwenberg; Huibert Tange; Trudy van der Weijden; Luc de Witte,High,Exclude,"{""HCD_fullcycle"": [""A1 User Involvement: \""To ensure UCD from the outset, two patient representatives were recruited from the national patient associations for COPD and diabetes, participated in the research team. These representatives reflected on the needs, demands, and restrictions of the patients. Furthermore, the representatives provided feedback on the comprehensibility of interview questions, the use cases, and other documents which were intended for patient participants in the study.\"" - [Methods: User-Centered Design Process]"", ""A2 Iteration: \""The tool was developed in three iterative stages, depicted as phase A in Figure 1. The end-users, people with COPD or type-2 diabetes and their primary care professionals, were extensively involved.\"" - [Methods: User-Centered Design Process / Stage descriptions]"", ""A3 Lifecycle (Understanding/Ideation/Prototyping/Evaluation): \""Stage 1: Identify End-Users and Context... Stage 2: Concept Development... Stage 3: Tool (Re)Design... Based on these requirements a prototype was built by the engineering team.\"" AND \""In the fourth stage (phase B), the tool will be tested in laboratory situations and real-life settings.\"" - [Methods: Stages 1-3; Methods: Figure 1 / Stage descriptions]""], ""TASKS_elements"": [""\""Other limitations included contextual restraints, such as budget, time, and the capabilities of technology in general and the engineering team. This led to some concessions, such as an activity sensor which is not waterproof, which mean there could be no registration of activity during swimming. Furthermore an activity sensor worn on the hip, is not able to register cycling.\"" - [Limitations] - [Why it shows a designer barrier: explicit resource/technical constraints (budget, time, engineering capability) forced design concessions and prevented designers from implementing planned/wanted functionality (waterproofing, cycling detection)]"", ""\""For budget reasons, however, the activity sensor could not be made suitable for cycling and swimming. It was decided that the amount of swimming and cycling activities should be entered by the users manually.\"" - [Methods: Consequences for Tool Architecture] - [Why it shows a designer barrier: budget constraint directly limited technical implementation choices and required workaround (manual entry), affecting designers' ability to realize intended sensor features]""]}",Condition A not satisfied - no evidence of an evaluation phase (user testing/usability study/pilot trial) reported; evaluation planned for future phase B.,van der Weegen et al. - 2013 - The Development of a Mobile Monitoring and Feedback Tool to Stimulate Physical Activity of People Wi.txt,"Condition A: not satisfied - The study documents user involvement, iterative development, and prototyping (Stages 1-3), but does not report an evaluation phase (no user testing/usability study or pilot trial conducted within this paper; testing is deferred to a future phase B).; Condition B: satisfied - The paper reports concrete designer-facing constraints (budget, time, engineering capabilities) that forced concessions (non-waterproof sensor, lack of cycling detection) and required design workarounds, meeting the TASKS criteria.; Final rationale: Although user involvement and iteration are clearly described and designers faced documented resource/technical barriers, the absence of an evaluation phase (user testing/usability/pilot) in the reported work means the Full HCD cycle (Condition A) is not fully met; therefore the paper is excluded.",The Development of a Mobile Monitoring and Feedback Tool to Stimulate Physical Activity of People With a Chronic Disease in Primary Care: A User-Centered Design
"Philip J. van der Wees, Eva W. Verkerk, Marjolein E. A. Verbiest, Marloes Zuidgeest, Carla Bakker, Jozé Braspenning, Dolf de Boer, Caroline B. Terwee, Ildikó Vajda, Anna Beurskens, Simone A. van Dulmen",High,Exclude,"{""HCD_fullcycle"": [""A1 User Involvement: \""We developed the framework in a national project using an iterative, user-centered design, i.e. we consulted end-users throughout the design, development, and testing phase of the framework [14].\"" (Methods)"", ""A1 User Involvement: \""A total of 40 users with different perspectives (clinicians, patient representatives, quality managers, purchasers, researchers) have been consulted.\"" (Abstract / Methods)"", ""A2 Iteration: \""The development process of the framework contained five iterative components: (a) identification of existing tools, (b) identification of user requirements and designing steps for selection and implementation of PROs and PROMs, (c) discussing a prototype of the framework during a national workshop, (d) developing a web version, (e) pre-testing of the framework.\"" (Abstract / Methods)"", ""A2 Iteration: \""The project group including 11 experts ... developed the framework through six bimonthly interactive sessions.\"" (Methods)"", ""A3 Lifecycle - Understanding users: \""Identification of user requirements and designing a step-by-step approach for the selection and use of PROs and PROMs, providing a framework for end-users\"" (Table 1 / Methods - 'Designing a step-by-step approach')"", ""A3 Lifecycle - Ideation: \""Based on the tools identified, we designed a framework in a cyclic step-by-step approach for the selection and use of PROs and PROMs. The framework is presented as the PROM-cycle and guides users through the different steps, offering supportive tools for each step.\"" (Methods)"", ""A3 Lifecycle - Prototyping: \""The prototype of the PROM-cycle was presented and discussed during a national workshop, attended by 110 participants...\"" and \""Based on the outcomes of the workshop, we designed a prototype web version of the PROM-cycle...\"" (Methods - 'Presenting and discussing prototype' / 'Development of web version')"", ""A3 Lifecycle - Evaluation: \""We tested the prototype PROM-cycle in a project in which PROs and PROMs were selected for patients with osteogenesis imperfecta... In addition, interviews were held with seven potential end-users to evaluate the content of the framework.\"" (Methods - 'Testing and finalizing the framework')""], ""TASKS_elements"": []}","Condition B not satisfied: No explicit evidence that designers experienced constraints or barriers (resource, access, skill, process/technical, or cognitive/emotional) during the development/testing of the framework.",van der Wees et al. - 2019 - Development of a framework with tools to support the selection and implementation of patient reporte.txt,"Condition A: satisfied - The paper documents active user involvement (consulted 40 diverse users and patient representatives), explicit iterative development (five iterative components, bimonthly sessions, prototype and web iterations), and evidence of the full lifecycle (user-requirement identification, framework design, prototype/web development, and testing/evaluation in a pilot project and interviews).; Condition B: not satisfied - The manuscript does not provide explicit evidence that the designers experienced constraints or barriers during the project (no statements of resource shortages, recruitment/access problems, designer cognitive/emotional strain, skill gaps that forced role changes, or process/technical problems encountered and affecting design activities). Mentions of limited testing and contextual applicability are framed as limitations for generalizability, not as designer-facing barriers that impeded the conduct of design activities.; Final rationale: Because Condition A (full HCD cycle) is met but Condition B (explicit designer-experienced task constraints) is not evidenced in the Methods/Results/Discussion/Limitations, the paper must be excluded according to the decision rules.",Development of a framework with tools to support the selection and implementation of patient-reported outcome measures
Martijn Van Dooren; Robin De Croon; Ann Swillen; Katrien Verbert,Medium,Include,"{""HCD_fullcycle"": [""A1 User Involvement: \""This research incorporates an iterative, user-centered design process. By dividing the design process into different phases, insightful feedback from both experts and users is gathered.\"" - Methods"", ""A2 Iteration: \""This research is split up into 2 main phases: a design phase that incorporates a low-level prototype and an evaluation phase that incorporates a fully working proof of concept... Based upon the evaluation of the paper prototype, a fully working proof of concept is developed\"" - Methods (Design Phase; Evaluation Phase)"", ""A3 Lifecycle (Understanding/Ideation/Prototyping/Evaluation): \""Using the concepts upon which the physical tool 'Together we put the puzzle' is based, 2 prototypes are developed on paper... These low-fidelity prototypes are evaluated...\"" and \""Based upon the evaluation of the paper prototype, a fully working proof of concept is developed... Individual semistructured interviews of 60 minutes with young people with 22q11 DS and their parents are conducted... After the initial first interviews, the families can use the proof of concept in a trial period lasting 2-4 weeks... During a second individual, semistructured interview session of 45 minutes, families give final feedback.\"" - Methods""], ""TASKS_elements"": [""\""A total of 2 families with older children (both 18 years of age) did not use the app during the trial period, even though this was asked at the end of the previous interview and in an email that was sent shortly after the interview.\"" - Results - Quantitative Results From the Logs Generated During the Trial Period - This shows a participant access/engagement issue that limited designers' data collection and evaluation capability during the trial."", ""\""Although 8 different families with children with 22q11 DS took part in the research, the quantitative analysis of the logs with more participants could lead to even more valuable insights... the trial period in this study can be perceived as relatively short.\"" - Limitations - These statements indicate resource/participant/sample-size and trial-duration constraints that affected the ability to gather richer quantitative data and may have limited iteration opportunities.""]}",,Van Dooren et al. - 2023 - Bridging the Communication Gap Between People With Cognitive Impairments and Their Caregivers Using.txt,"Condition A: satisfied - The study documents a user-centered process with low-fidelity ideation (paper prototypes), development of a high-fidelity proof of concept based on feedback, and user interviews plus a trial period for evaluation, demonstrating understanding, ideation, prototyping, and evaluation phases and iterative refinement from prototype to working app.; Condition B: satisfied - The paper reports participant engagement problems (2 families did not use the app during the trial) and acknowledges a small sample and short trial period in Limitations, which constrained data collection and evaluation—valid designer-facing task barriers per the review rules.; Final rationale: The manuscript reports a complete HCD cycle (understanding via interviews and use context, ideation via paper prototypes, prototyping including a fully working proof of concept, and evaluation via interviews and a trial) and documents concrete participant-access and resource limitations that affected design evaluation, meeting both Condition A and Condition B; therefore it is included.",Bridging the Communication Gap Between People With Cognitive Impairments and Their Caregivers Using mHealth Apps: User-Centered Design and Evaluation Study With People With 22q11 Deletion Syndrome
"Hilde van Keulen, Carmen Voogt, Marloes Kleinjan, Jeannet Kramer, Rosa Andree, Pepijn van Empelen",High,Include,"{""HCD_fullcycle"": [""A1 User Involvement: \""A user-centered design strategy was used to enhance the fit of the intervention to the needs of students.\"" - Methods/Abstract"", ""A2 Iteration: \""The intervention was developed in 4 iterations, and the prototypes were subsequently tested with the students and refined.\"" - Abstract/Methods"", ""A3 Lifecycle (Understanding/Ideation/Prototyping/Evaluation): \""We used intervention mapping as the framework for the systematic development of WDYD. It consists of the following six steps: assessing needs (step 1), formulating intervention objectives (step 2), translating theoretical methods into practical applications (step 3), integrating these into a coherent program (step 4), anticipating future implementation and adoption (step 5), and developing an evaluation plan (step 6).\"" - Methods""], ""TASKS_elements"": [""\""First, the sample sizes of the 2 final pretests were small. Moreover, not all pretests included excessive drinkers only, as the focus of these tests was on evaluating usability and intuitive use. This may explain why participants in the final 2 pretests evaluated the app as more positive... Therefore, the results of the final 2 pretests should be interpreted cautiously.\"" - Limitations - [Small pretest sample sizes and nonrepresentative pretest composition limited the designers' ability to evaluate and iterate based on representative target-user feedback]"", ""\""Second, the final pretest indicated some flaws with regard to the notifications (eg, notifications for the diary were sent although participants had already filled in the diary). This was resolved and thoroughly tested before implementation in the trial.\"" - Limitations - [A technical/implementation issue with notifications affected the designers' ability to deliver correct intervention prompts and required corrective development work]"", ""\""Third, lower-educated students appeared to be a very challenging target group; on the one hand, students indicated in the pretests that they preferred a brief intervention, to spend a maximum of 15 minutes of their time for the intervention per week... On the other hand, as an intervention developer, intervention time is essential for inducing behavior change, and providing users with freedom of choice increases the risk of lower exposure.\"" - Limitations - [Designers faced a trade-off constraint between user preferences (brevity, choice) and the intervention exposure/time considered necessary for efficacy, forcing design adaptations]""]}",,van Keulen et al. - 2022 - Development of a Dynamically Tailored mHealth Intervention What Do You Drink to Reduce Excessive Dri.txt,"Condition A: satisfied - The paper documents active user involvement (multiple pretests and target-group input), explicit iterative development (4 iterations with prototype testing and refinement), and evidence of the full lifecycle via intervention mapping steps including needs assessment, ideation/practical application selection, prototyping, and planned evaluation (pretests and a randomized controlled trial).; Condition B: satisfied - The paper reports designer-facing constraints and process/technical issues (small/nonrepresentative pretest samples limiting evaluation, notification flaws requiring fixes, and a fundamental trade-off between target-group preferences for brevity/privacy and required intervention exposure) that affected the development process.; Final rationale: Both Condition A (full HCD cycle) and Condition B (designer-experienced tasks/constraints) are met based on explicit statements in Methods, Results, and Limitations; therefore the study is included.",Development of a Dynamically Tailored mHealth Intervention (What Do You Drink) to Reduce Excessive Drinking Among Dutch Lower-Educated Students: User-Centered Design Approach
"Catharina M. van Leersum, Albine Moser, Ben van Steenkiste, Marion Reinartz, Esther Stoffers, Judith R. L. M. Wolf, Trudy van der Weijden",High,Include,"{""HCD_fullcycle"": [""A1 User Involvement: \""This qualitative descriptive study applied a user-centred design allowing for an iterative process in which end-users influence how a tool takes shape\"" - Methods: Design / \""End-users were actually engaged in the decision-making process for long-term care... The end-users were clients, relatives, and healthcare professionals.\"" - Methods: End-users"", ""A2 Iteration: \""Data were collected during three phases of iteration: Look and feel, Navigation, and Content.\"" - Abstract / Methods; \""After each phase, a summarizing document containing all the feedback and comments of the users was compiled... After agreement of all members of the development team, the adjustments were implemented, and a new version of the tool was created for the next phase.\"" - Methods: Data collection"", ""A3 Lifecycle (Understanding/Ideation/Prototyping/Evaluation): \""The content was determined by means of frameworks to assist preference elicitation, and a study into the decision-making process and preferences of clients in long-term care... Five frameworks were combined and reflection meetings with four client representatives were held to obtain face validity.\"" (Understanding) - Phase I; \""First, a 90-min meeting was held with the development team, then individual walkthrough interviews were performed.\"" (Ideation/workshops) - Methods: Data collection; \""The first version of the tool was a ten-page, picture-based tool... The second version was an interactive web-based tool... In the third version, all elements were operational\"" (Prototyping) - Phase I/II/III; \""Data were collected... by means of meetings with the development team, walkthrough interviews with individual users, video-audio recordings, observations while users used the tool, and field notes.\"" (Evaluation/usability testing) - Methods: Data collection""], ""TASKS_elements"": [""\""The member checks were time consuming, but they ensured that the tool was actually adjusted in accordance with preferred user requirements.\"" - Discussion - [Why it shows a designer barrier: indicates resource/time burden experienced by the research/design team in performing iterative member checks]"", ""\""A weakness is the low participation rate of clients from the nursing and care of the elderly sector.\"" - Discussion - [Why it shows a designer barrier: participant access/representation issue that limited involvement of one target subgroup and thus could reduce data diversity affecting design activities]""]}",,van Leersum et al. - 2020 - What matters to me a web based preference elicitation tool for clients in long term care a user cent.txt,"Condition A: satisfied - Clear evidence of active user involvement (development team, interviews), explicit iterative cycles across three phases, and documentation showing understanding (frameworks/interviews), ideation (development team meetings/workshops), prototyping (three successive versions including interactive prototype), and evaluation (walkthroughs, observations, recordings).; Condition B: satisfied - The team reports concrete designer-facing constraints: time-consuming member checks (resource/time issue) and a low participation rate from an important sector (participant access/representation issue) which affected the design process/data diversity.; Final rationale: The paper reports a full HCD cycle with active end-user shaping and iterative refinement, and it documents designer-experienced barriers (resource/time and participant access), therefore it meets both Condition A and Condition B and should be included.",What matters to me – a web-based preference elicitation tool for clients in long-term care: a user-centred design
"Pearl J. C. van Lonkhuizen, Niko J. H. Vegt, Eline Meijer, Erik van Duijn, Susanne T. de Bot, Jiří Klempíř, Wiebke Frank, G. Bernhard Landwehrmeyer, Alzbeta Mühlbäck, Jennifer Hoblyn, Ferdinando Squitieri, Peter Foley, Niels H. Chavannes, Anne-Wil Heemskerk",High,Include,"{""HCD_fullcycle"": [""A1 User Involvement: \""end-users will participate in all three phases of the research and development process: (1) Exploration and mapping of the end-users’ needs, experiences and wishes; (2) Development of concepts in collaboration with end-users to ensure desirability; (3) Detailing of final prototype with quick review rounds by end-users to create a positive user-experience.\"" - Methods (Study Design / Abstract)"", ""A2 Iteration: \""This phase can be considered as an iterative process of designing, evaluating, selecting and adjusting concepts (59), which ends with definitive design choices for prototypes of the eHealth platform\"" - Methods (Phase 2: Concept Development)"", ""A3 Lifecycle (Understanding/Ideation/Prototyping/Evaluation): \""Phase 1: Exploration... using interviews and generative techniques\""; \""Phase 2: Concept Development... co-creation sessions... low fidelity mock-ups... concept evaluation sessions\""; \""Phase 3: Prototype Testing: High-fidelity prototypes... reviewed by the same end-users... 'think-aloud' sessions...\"" - Methods (Phase 1 / Phase 2 / Phase 3)""], ""TASKS_elements"": [""\""Due to feasibility and time constraints, end-users in the other participating countries will only be involved in phase 1 and 3\"" - Methods (Study Procedures) - This shows a resource/time constraint that forced the designers to limit international end-user involvement in concept development, affecting how the design process is organized."", ""\""Some challenges might arise during the design process, including differences in healthcare systems, HD care provision and cultural context in all countries involved in this study.\"" - Discussion - This identifies cross-country system and cultural differences as a design constraint that designers must address, impacting design decisions and requiring adaptations."", ""\""online study sessions as opposed to face-to-face sessions might pose some challenges, including connection issues, difficulties in capturing non-verbal communication, or perceived (emotional) distance between participant and researcher.\"" - Discussion - This describes technical and communication issues that can hinder data collection and iterative testing, forcing designers to plan alternative methods and adapt procedures.""]}",,van Lonkhuizen et al. - 2021 - Study Protocol for the Development of a European eHealth Platform to Improve Quality of Life in Indi.txt,"Condition A: satisfied - The protocol documents active end-user involvement across three defined phases (exploration, co-creation/concept development, prototype testing), explicit iterative refinement, and methods covering understanding users, ideation, prototyping and evaluation.; Condition B: satisfied - The manuscript describes designer-facing constraints (feasibility/time constraints limiting participation in phase 2, cross-country healthcare/cultural differences, and anticipated online/technical challenges) that affect how the design activities are performed.; Final rationale: The study protocol clearly describes a full user-centered design cycle with iterative activities and active user involvement, and it reports multiple project-level constraints that impacted or would impact designers' ability to carry out design activities. Therefore it meets both Condition A and Condition B and should be included.",Study Protocol for the Development of a European eHealth Platform to Improve Quality of Life in Individuals With Huntington’s Disease and Their Partners (HD-eHelp Study): A User-Centered Design Approach
"Pearl J. C. van Lonkhuizen, Anne-Wil Heemskerk, Eline Meijer, Erik van Duijn, Susanne T. de Bot, Jiri Klempir, G. Bernhard Landwehrmeyer, Alzbeta Mühlbäck, Jennifer Hoblyn, Ferdinando Squitieri, Niels H. Chavannes, Niko J. H. Vegt, on behalf of the HEALTHE-RND consortium",High,Include,"{""HCD_fullcycle"": [""A1 User Involvement: \""We used a participatory, qualitative human-centered design approach (36) in which end-users participated in all phases of the iterative development process through expert meetings, interviews, focus groups, co-creation sessions, and prototype tests. End-users included HDGECs, partners and HCPs.\"" - Methods (2.1 Study design)"", ""A2 Iteration: \""Based on participants’ feedback during the first test, refinements were made to the first version of the prototype. During the second round of prototype testing ... with a stronger focus on the newly implemented interactive features.\"" - Methods (2.3.4 Phase 3: Developing and testing prototypes)"", ""A3 Lifecycle (Understanding/Ideation/Prototyping/Evaluation): \""Individual semi-structured interviews with Dutch HDGECs and partners were conducted to explore and gather a comprehensive understanding of participants’ daily experiences with HD...\"" (Understanding) - Methods (2.3.2 Phase 1); \""Co-creation sessions aimed at creating concept directions for the eHealth application were held with the same HDGECs and partners that participated in the previous phase.\"" (Ideation) - Methods (2.3.3 Phase 2); \""An app-developer built a web-based app prototype.\"" (Prototyping) - Methods (2.3.4 Phase 3); \""During the first round ... participants filled-in questions on functions and lay-out of the prototype... Participants were able to share any additional feedback with the research team in subsequent online feedback sessions\"" (Evaluation) - Methods (2.3.4 Phase 3)""], ""TASKS_elements"": [""\""Due to the COVID-19 pandemic, we encountered some delays, which in turn impacted the outlined procedures of the design process in each participating country. As a result, we occasionally had to deviate from the original study protocol.\"" - Methods (2.1 Study design) - Why it shows a designer barrier: pandemic-related delays forced deviations from planned design procedures, limiting designers' ability to follow original methods (resource/time constraint)."", ""\""Due to feasibility and time constraints posed by the COVID-19 pandemic, end-users from the other participating countries were only involved in phase 1, which was less involvement than originally planned (37).\"" - Methods (2.2 Study sample) - Why it shows a designer barrier: limited cross-country user involvement reduced designers' ability to conduct planned multi-site co-design activities (participant access / feasibility constraint)."", ""\""we learned that it was not possible to focus on all end-user groups and prioritized HDGECs and their partners as the primary end-users for this study given the remaining time/budget left. HCPs were considered as secondary users and the initially planned co-creation and prototype test sessions with Dutch HCPs (37) were therefore not performed.\"" - Methods (2.3.3 Phase 2) - Why it shows a designer barrier: explicit resource (time/budget) limitation forced designers to abandon planned co-creation/testing with a stakeholder group, altering design activities."", ""\""The live chat was not implemented due to privacy and security regulations.\"" - Results (3.5.3 Develop second prototype) - Why it shows a designer barrier: regulatory/privacy constraints prevented implementing a desired interactive feature, limiting design implementation."", ""\""Some major changes could not be implemented due to budget and time constraints such as adding an indication of the waiting time in the walk-in hour waiting room or booking an appointment in the respective language...\"" - Results (3.5.5 Refine second prototype) - Why it shows a designer barrier: resource constraints prevented implementation of planned usability enhancements, directly affecting designers' ability to fully realize features.""]}",,van Lonkhuizen P.J.C. et al. - 2024 - Development of the Huntington Support App HD eHelp study a human centered and co design approach.txt,"Condition A: satisfied - Clear evidence of active user involvement (interviews, co-creation, prototype testing), explicit iterative cycles with multiple prototype rounds and refinements, and documented activities covering understanding, ideation, prototyping and evaluation phases.; Condition B: satisfied - Multiple documented constraints experienced by the design team (COVID-19 delays, time/budget/feasibility limits, reduced multi-country involvement, inability to implement live chat due to privacy/regulatory issues) that affected their ability to carry out planned design activities.; Final rationale: Both Condition A (full HCD cycle) and Condition B (designers experienced concrete task/implementation constraints) are met based on the Methods, Results, Discussion, and Limitations text provided; therefore the paper is included.",Development of the Huntington Support App (HD-eHelp study): a human-centered and co-design approach
"Karen Van Ooteghem, F Elizabeth Godkin, Vanessa Thai, Kit B Beyer, Benjamin F Cornish, Kyle S Weber, Hannah Bernstein, Soha O Kheiri, Richard H Swartz, Brian Tan, William E McIlroy, Angela C Roberts",High,Include,"{""HCD_fullcycle"": [""A1 User Involvement: \""Co-development of the report included participation by a broad range of NDD stakeholders. In addition to patient end users, stakeholders included those in the position to support changes in health behaviors through individual, health systems and community level actions. Specifically, stakeholders included persons with lived experience (patients and care partners), healthcare providers ...\"" - Methods: Stakeholder participants"", ""A2 Iteration: \""Our approach consisted of iterative cycles of stakeholder input. Each cycle consisted of planning, consolidation, implementation and evaluation stages (Figure 2) where stakeholder perspectives were integrated into report versions following a consolidation process to confirm that proposed design features aligned with project objectives...\"" - Methods: Co-design objectives and approach / Phase 1: feedback development"", ""A3 Lifecycle (Understanding/Ideation/Prototyping/Evaluation): \""A voluntary survey was made available at an ONDRI community outreach event... The survey asked respondents to identify potential targets for inclusion in a feedback report\"" (understanding users - Cycle 1 planning); \""The prototype version of the feedback report was implemented and evaluated as part of the ONDRI ReMiNDD study\"" (prototyping & preliminary evaluation - Cycle 1); \""Changes ... were integrated into Version 1 of the feedback report\"" (ideation to revise prototype - Cycle 2); \""The Version 1 feedback report was implemented and evaluated as part of the HANDDS-ONT study... Participants also received a 45-minute, one-on-one review of their report... Two weeks after the feedback report review visit, a final study visit was conducted to gather participant perspectives\"" (formal evaluation) - Methods: Phase 1 & Phase 2""], ""TASKS_elements"": [""\""Any QA/QC screen fails were flagged and resolved, and pipeline-produced summary data frames ... were reviewed by trained analysts in the context of participant-specific demographic and clinical information... Unresolved instances (i.e. true behavioral data) were addressed with customized feedback that was entered into the report on a per participant basis.\"" - Methods: Report generation via a purpose-designed analytics pipeline - Why it shows a designer barrier: Describes process/technical issues and manual review/resolution workload required of the design team, indicating integration and QA challenges that constrained automated processing and increased staff effort."", ""\""In this study, methods included 1:1 consultation with trained personnel... but which is time and resource intensive.\"" - Discussion - Why it shows a designer barrier: Explicitly identifies resource limits (time and personnel) impacting the chosen delivery model and implying constraints on scalability and designer capacity."", ""\""Finally, there is critical need to address scale and sustainability of methods for providing feedback that accommodate the heterogeneity that exists in older adults and persons living with CVD or NDD... methods included 1:1 consultation with trained personnel, which ... is time and resource intensive. Consideration should be given to alternate approaches that meet the need for assistance with data interpretation while reducing demands...\"" - Discussion - Why it shows a designer barrier: Describes scalability and sustainability constraints experienced/plausibly faced by the design team that forced consideration of alternate, less resource-intensive approaches.""]}",,Van Ooteghem et al. - 2023 - User centered design of feedback regarding health related behaviors derived from wearables An approa.txt,"Condition A: satisfied - The study documents active user involvement through participatory co-design with persons with lived experience and other stakeholders (A1), explicit iterative cycles with two named cycles (prototype and version1) and stakeholder consolidation (A2), and evidence of all four lifecycle phases: user understanding (surveys and PCAC input), ideation (prototype and report revisions), prototyping (prototype and version1 reports), and evaluation (ReMiNDD prototype survey and HANDDS-ONT 2-week follow-up) (A3).; Condition B: satisfied - Multiple passages describe designer-facing constraints: manual QA/QC and case-based review of flagged data requiring analyst intervention (process/technical issue), and acknowledgement that 1:1 consultations are time- and resource-intensive and raise scale/sustainability concerns (resource limits), meeting the TASKS criteria.; Final rationale: Both Condition A (full HCD cycle) and Condition B (designer-experienced task/constraint evidence) are met based on Methods and Discussion text; therefore the study should be included.",User-centered design of feedback regarding health-related behaviors derived from wearables: An approach targeting older adults and persons living with neurodegenerative disease
Joan Vermeulen; Jacques CL Neyens; Marieke D Spreeuwenberg; Erik van Rossum; Walther Sipers; Herbert Habets; David J Hewson; Luc P de Witte,High,Include,"{""HCD_fullcycle"": [""A1 User Involvement: \""Three elderly user representatives, all men aged over 65 years old, volunteered to be part of the development team... Together with researchers from MU and engineers from UTT, these representatives and their advisor from the House for Care formed the development team throughout the entire process.\"" - [Phase 1: selection of user representatives / Part 1: methods user-centered development process]"", ""A1 User Involvement (additional): \""Three user-group meetings were organized with the elderly representatives... 24 elderly people who attended regular social gatherings... participated in a workshop... The monitoring system was presented to them and the requirements for the interface... were explained. The participants of the workshop were invited to discuss whether they liked and agreed with these requirements or not. New ideas or requirements were added to the list of requirements.\"" - [Phase 3: identification of user requirements / Part 1: methods]"", ""A2 Iteration: \""A key principle of user-centered design is that the process should be iterative. This was the case in the development process because the different phases, often referred to as iterations, were repeated until the desired result was obtained. Each phase delivered the input for the next phase and at the end of each phase the development team checked whether the results were compatible with those of the previous phase.\"" - [Part 1: methods user-centered development process]"", ""A3 Lifecycle (Understanding/Ideation/Prototyping/Evaluation): \""A literature search was conducted regarding characteristics of elderly users of mobile interfaces\"" (Understanding users) ; \""Three user-group meetings... provided their input regarding the user requirements... which resulted in a list of requirements\"" (Ideation) ; \""First prototype of the interface was developed by technical engineers of UTT... Second prototype was developed based on the new and unmet requirements... Heuristic evaluation second prototype by non-users... Usability evaluation third prototype by 11 elderly users via think aloud procedure and adapted version of the PSSUQ\"" (Prototyping and Evaluation in lab) ; \""the final prototype of the mobile interface was integrated into the monitoring system... tested in a pilot study by five patients... Participants used a bathroom scale... and a mobile phone... for six weeks... Interviews were conducted to gain insight into the experiences of the participants with the system.\"" (Evaluation in real life / Part 2: methods & results)"", ""A3 Lifecycle (summative): The manuscript explicitly documents literature/context analysis, user requirements workshops, multiple prototype iterations (first, second, third, fourth/final), heuristic and think-aloud usability testing, and a real-life 6-week pilot study with interviews and adherence measurement. - [Multiple sections: Part 1 and Part 2: methods and results]""], ""TASKS_elements"": [""\""but, unfortunately the Grip-ball could not be included in the pilot study due to problems in its production process.\"" - [Part 2: methods pilot study] - This describes a production/process constraint experienced by the project team that prevented inclusion of a planned device and limited their ability to test the full system."", ""\""These wrong feedback messages resulted from a flaw in the feedback algorithm.\"" - [Part 2: results pilot-study, Receiving feedback] - This documents a technical/algorithmic fault encountered during the pilot that produced incorrect feedback and thus forced the designers to address algorithm and correctness issues."", ""\""on three occasions participants reported that the bathroom scale did not transfer the data to the mobile phone and on four occasions the participants reported that the application on the mobile phone had shut down automatically.\"" - [Part 2: results pilot-study, Technical functioning] - This records repeated technical failures of hardware/software during field testing that impeded normal operation and required researcher intervention, a clear process/technical barrier for the design team."", ""\""One participant... her low adherence was the result of an error in the application that caused a usability problem.\"" - [Discussion] - This links a technical defect to participant drop in adherence, showing the issue constrained evaluation and needed remediation by the designers."", ""\""These errors need to be remedied before the system can be evaluated in a larger group since an important prerequisite for the uptake in technology in practice is that the monitoring system should operate without interruptions.\"" - [Discussion] - This limitation statement indicates technical functioning problems affected the team's ability to proceed to larger evaluation and thus were a designer-facing constraint.""]}",,Vermeulen et al. - 2013 - User centered development and testing of a monitoring system that provides feedback regarding physic.txt,"Condition A: satisfied - The paper documents active user involvement (user representatives, workshops, think-aloud sessions, pilot participants), explicit iteration across multiple prototype cycles, and a complete lifecycle including user/context analysis, ideation/user requirements, prototyping, and both lab and real-life evaluation.; Condition B: satisfied - The manuscript reports multiple designer-facing constraints: production problems preventing inclusion of the Grip-ball, algorithm flaws producing incorrect feedback, and hardware/software failures during pilot that impeded operation and evaluation.; Final rationale: The study meets the full HCD-cycle criteria and reports concrete process/technical constraints experienced by the design team during development and pilot testing, so it should be included.",User-centered development and testing of a monitoring system that provides feedback regarding physical functioning to elderly people
Joan Vermeulen; Renée Verwey; Laura MJ Hochstenbach; Sanne van der Weegen; Yan Ping Man; Luc P de Witte,High,Include,"{""HCD_fullcycle"": [""A1 User Involvement: 'A prerequisite for project selection was that end-users were considered official members of the development team.' - Methods"", ""A2 Iteration: 'Finally, the identified user requirements evolved during the project as a result of the iterative nature of the UCD processes... we froze the specifications and started working with that.' [P18/P19 quotes] - Results (Translating User Requirements)"", ""A3 Lifecycle (Understanding/Ideation/Prototyping/Evaluation): 'In the concept phase, everything seems possible...when you have to specify things until the final feedback message, it is very difficult.' (ideation/requirements); 'The developed products were first tested extensively by the members of the development team.' (prototyping/lab evaluation); 'In all projects, the developed devices were tested in the lab and in real-life.' (evaluation). Additionally, Methods notes Project 2 interviews were 'conducted at a prototype stage' and Projects 1,3,4 'final products were already developed.' - Methods/Results""], ""TASKS_elements"": [""'The researchers are more or less forced into a role in which they have to think along in a technical manner. And they are not used to that, it is not their job. And that creates a certain type of tension.' - Results (Translating User Requirements) - Shows designers/researchers experienced role/skill pressure and cognitive/emotional strain forced by project needs."", ""'Iterative adaptations of user-requirements (especially in later stages) place a serious strain on the budget/time of the project.' - Table 1 / Results - Shows resource limits (time/budget) that constrained designers' ability to continue iterations."", ""'Time allowed for telecare development is short in subsidized projects which causes problems with robustness in the real life setting and large scale evaluation research.' - Table 1 / Results (Technical Challenges) - Shows funding/time constraints impacting design and evaluation activities."", ""'Every company developed their part (of the technology)…We develop something nice but then it does not fit. And then the other company develops something nice and our system cannot handle it.' [P17] - Results (Integration of Different Technologies) - Shows process/technical integration issues experienced by engineers that impeded development."", ""'the recruitment of patients and professionals who were willing to evaluate the developed products and services was a true bottleneck in the planning of the projects.' - Results (Evaluation in Real-Life) - Shows participant access issues that limited designers' ability to perform longitudinal evaluation.""]}",,Vermeulen et al. - 2014 - Experiences of Multidisciplinary Development Team Members During User Centered Design of Telecare Pr.txt,"Condition A: satisfied - The study reports active end-user membership of development teams (A1), explicit iterative cycles and evolving requirements with 'freezing' of specs (A2), and evidence across understanding users, ideation/specification, prototyping, and lab and real-life evaluation (A3).; Condition B: satisfied - Multiple quotes describe designer-facing constraints: role/skill strain on researchers, time/budget limits hindering iterations and robustness, integration technical issues, and recruitment bottlenecks affecting evaluation.; Final rationale: The paper documents a full UCD cycle with active user involvement and iterative development, and it reports concrete constraints and barriers experienced by designers/engineers/researchers during the projects, meeting both Condition A and Condition B.",Experiences of Multidisciplinary Development Team Members During User-Centered Design of Telecare Products and Services: A Qualitative Study
"Renée Verwey, Sanne van der Weegen, Marieke Spreeuwenberg, Huibert Tange, Trudy van der Weijden, Luc de Witte",High,Include,"{""HCD_fullcycle"": [""A1 User Involvement: \""Two patient representatives, from the Netherlands Asthma Foundation and the Dutch Diabetes Association, participated in the research group to provide feedback on every development stage.\"" - Methods (Approach)"", ""A2 Iteration: \""The arrows in Figure 1 indicate that the development was an iterative process. This paper reports the results from phase A (Stages 1–3)...\"" and \""Based on the consultations of the experts and the minutes of this meeting, the counselling protocol was then adjusted into a final version\"" - Methods (Approach; Stage 3)"", ""A3 Lifecycle (Understanding/Ideation/Prototyping/Evaluation): \""Stage 1 started with a literature review to identify the users and their context... Based on care standards for COPD and type 2 diabetes care, a use case was written by the researchers...\"" (Understanding, Ideation) - Methods (Stage 1); \""In the second round, five practice nurses were interviewed with more specific questions that emerged from the open interviews (Table 1, interview questions) and photos of a prototype of the tool were shown to them.\"" (Prototyping, formative evaluation) - Methods (Stage 2); \""Expert consultations were audiotaped and summarized and a member check was carried out... Based on the consultations of the experts and the minutes of this meeting, the counselling protocol was then adjusted into a final version\"" (Evaluation and refinement) - Methods (Stage 3)""], ""TASKS_elements"": [""\""The most important arguments against the SSP were a lack of time and money. Respondents indicated that the programme should be reimbursed by insurance companies, and almost every practice nurse complained about a heavy caseload.\"" - Results (Stage 2) - This documents resource constraints (time, funding, heavy caseload) that limited feasibility and forced the design team to reconsider number/timing of consultations and reimbursement needs."", ""\""Most respondents were generally positive about the use case, but they indicated that three or four extra consultations were far too many.\"" - Results (Stage 2) - This participant-reported constraint forced the designers to reduce and make flexible the number of extra consultations (an adaptation in the design)."", ""\""Comments were most critical about the feasibility of the extra consultations, and the expertise of practice nurses to apply motivational interviewing.\"" - Results (Stage 3) - Experts raised feasibility and skills gaps, which the designers addressed by clarifying MI technique, focusing target stages of change, extending timeframe and increasing flexibility; this shows process/skill constraints encountered during design."", ""\""Unfortunately, lifestyle counselling for chronically ill patients in the Netherlands is organized and reimbursed based on regular scheduled consultations, not yet on supporting self-management by continuous monitoring conditions in collaboration with patients (Wagner et al., 2001).\"" - Discussion - This systemic reimbursement/context constraint affected the designers' ability to integrate continuous monitoring into routine care and influenced design choices.""]}",,Verwey et al. - 2016 - Upgrading physical activity counselling in primary care in the Netherlands.txt,"Condition A: satisfied - The study reports active user involvement (patient representatives, interviews with patients and care providers), explicit iterative development across Stages 1–3 with adjustments, and evidence of the four lifecycle phases: understanding (literature review and interviews), ideation (use cases and draft SSP), prototyping (photos of a prototype tool shown to users) and formative evaluation (interviews, expert consultations, member checks) leading to a final protocol.; Condition B: satisfied - Multiple documented constraints (lack of time, funding/reimbursement issues, heavy caseloads, feasibility concerns, and skills gaps of practice nurses) are reported and these constraints forced adaptations in the design (reduction/flexibility of consultations, clarifying techniques, extended timeframe), meeting the designer-oriented TASKS criteria.; Final rationale: Both Condition A (full HCD cycle) and Condition B (designer-facing task/constraint evidence) are met based on the Methods, Results and Discussion text; therefore the paper should be included.",Upgrading physical activity counselling in primary care in the Netherlands
"Melissa J. Vilaro, Kathryn McAlindon, Gillian Mertens, Taylor Ashley, Mohan Zalake, Eric J. Cooks, Janice L. Krieger",High,Exclude,"{""HCD_fullcycle"": [""A1 User Involvement: \""A user-centered approach guided our process of including rural adults in the participatory development of the technology. By collaborating with our users/stakeholders (older rural adults) we aimed to center their information needs.\"" - [Method: Data Collection]"", ""A2 Iteration: \""After each round of data collection, the VHA was updated based on user feedback.\""; \""There were instances where new content added during a previous iteration, was deleted for the subsequent iteration based on user-feedback.\""; \""...weekly data analysis meetings from August 2020 to November 2020. Weekly meetings included discussion of a change log of how the script changed (additions and deletions) during each iteration.\"" - [Method: Data Collection; Data Analysis]"", ""A3 Lifecycle (Understanding/Ideation/Prototyping/Evaluation): \""A purposive sample of participants... completed the following in either a focus group or think-aloud interview: (1) individually tested an interactive VHA prototype... (3) participated in a moderated discussion to provide feedback on the VHA prototype and preferences for graphic stimuli\"" (understanding & evaluation) - [Method: Data Collection]; \""iterative prototypes starting as a concept map and evolving to web wireframes, resulted in a prototype of the landing page for the website\"" (ideation & prototyping) - [Results: Designing the Website Prototype]; \""Inkle script programming was used to write and adapt for the virtual human prototype delivered on a virtual interviewer platform.\"" - [Method: Data Collection]""], ""TASKS_elements"": []}",No designer-facing task or constraint evidence (Condition B not satisfied),Vilaro et al. - 2023 - Information Architects Using Community Engaged and Qualitative Methods to Design a Technology Based.txt,"Condition A: satisfied - Clear evidence of active user involvement shaping the design, explicit repeated iteration cycles (multiple prototypes and change logs), and documentation of all four lifecycle phases (user understanding via focus groups/think-aloud, ideation via concept maps, prototyping of VHA and website wireframes, and evaluation via user testing).; Condition B: not satisfied - The paper lacks explicit evidence describing difficulties or constraints experienced by the design team (no documented resource limits, participant-access problems that limited designers, designer cognitive/emotional strain, skill gaps, or process/technical issues that forced adaptations). Mentions of protocol changes for COVID-19 describe a context change allowing continued data collection, not a limiting constraint.; Final rationale: Because Condition A (full HCD cycle) is met but Condition B (designer-facing task/constraint evidence) is not present in the provided Methods/Results/Discussion/Limitations text, the study does not meet all inclusion criteria and is excluded.",Information Architects: Using Community-Engaged and Qualitative Methods to Design a Technology-Based Nutrition and Cancer Risk Intervention for Rural Adults
Alexandra Villaverde Naveira; Alexandre De Masi; Katarzyna Wac; Giulio Amabili; Martijn Vastenburg; Janna Alberts; Judith de Koning; Raymond Cuijpers; Christian Lovis,High,Exclude,"{""HCD_fullcycle"": [""A1 User Involvement: \""The Guardian project has co-designed with end-users, a social robot providing social company and health support.\"" [Abstract]"", ""A1 User Involvement: \""End-users have been invited to interviews lasting an hour and a half. Moderators made them perform some tasks in a simulated environment (laboratory or health institution) and asked them about their overall impressions, the quality of the solution and the acceptability of the robot as a life companion.\"" [Methods]"", ""A2 Iteration: \""The iterative method based on user-centered approach put the end-users at the centre of the usability evaluation. When data is gathered from the end-users’ assessments, improvements are done thereafter on the system; to be sure that the final product (robot and applications) will correspond as much as possible to their needs and expectations.\"" [Abstract/Methods]"", ""A3 Lifecycle (Understanding/Ideation/Prototyping/Evaluation): \""The Guardian project has co-designed with end-users\"" (ideation) [Abstract]; \""End-users have been invited to interviews...\"" (understanding) [Methods]; \""the final product (robot and applications)\"" and references to the system used in tests (prototyping) [Methods/Abstract]; \""usability evaluations have been conducted with 43 participants...\"" and \""a questionnaire... the Computer System Usability Questionnaire (CSUQ)\"" (evaluation) [Abstract/Results]""], ""TASKS_elements"": []}","No evidence reported of designer-experienced tasks, constraints, or barriers (e.g., resource limits, participant access issues, skill gaps, process problems) that affected the design process.",Villaverde Naveira A - 2022 - Designing a Social Robot Companion to Support Homecare Usability Results.txt,"Condition A: satisfied - The text explicitly reports co-design with end-users, an iterative user-centered approach, user interviews/tasks (understanding), existence of a robot and applications used in testing (prototyping), and formal usability evaluation (CSUQ).; Condition B: not satisfied - The paper provides no evidence of difficulties or constraints experienced by the designers (no mentions of resource limits, recruitment/drop-outs affecting iteration, designers' cognitive/emotional strain, skill gaps, or process/technical issues that forced adaptations).; Final rationale: Although the study documents a user-centered iterative design and usability evaluation (Condition A met), it lacks any reported designer-facing barriers or constraints required by Condition B; therefore it must be excluded.",Designing a Social Robot Companion to Support Homecare: Usability Results
"Torben Volkmann, Michael Sengpiel, Rita Karam and Nicole Jochems",High,Include,"{""HCD_fullcycle"": [""A1 User Involvement: \""A total of 19 older adults (M=68 years old) participated in 3 studies to analyze, evaluate and design a storytelling voice input, investigating voice communication technology for conversational agents.\"" - Abstract"", ""A2 Iteration: \""In the analysis phase, current technological approaches were tested and evaluated by older adults. In the design and conception phase, an experimental game was conducted to develop specific design elements. As a last step, a task-based evaluation of the developed interface was conducted.\"" - Participatory Design Process (section 1.3)"", ""A3 Lifecycle (Understanding/Ideation/Prototyping/Evaluation): \""In the introduction, participants introduced themselves and where asked about key aspects of their life and technology usage... In the practical work phase, the older adults got a task for three different input approaches...\"" (under 2.1 Method) ; \""a workshop with three different groups was conducted... We used a simulation game\"" (3.1 Methods) ; \""The resulting high-fidelity prototype... some interactions such as providing feedback in recording sessions were triggered by the experimenter as Wizard of Oz.\"" (3.3 Resulting Interface) ; \""To assess usability and user experience of the interface, a wizard of oz evaluation was conducted.\"" (4 Evaluation)""], ""TASKS_elements"": [""\""Due to a lack of time, the second and third phases were omitted during the workshop and conducted a priori by the researchers.\"" - 3.1 Methods - This shows a resource/time constraint that forced designers to omit planned participatory phases and adapt the design process."", ""\""Since our prototype could not display dynamic content, some interface elements had to remain static. Thus, some interactions such as providing feedback in recording sessions were triggered by the experimenter as Wizard of Oz.\"" - 3.3 Resulting Interface - This is a technical/resource limitation that prevented implementation of dynamic features and required a Wizard-of-Oz workaround by the design team."", ""\""Overall, the Wizard of Oz prototype proved well suited to test the functionality that would have been hard to implement, such as the transcription or the avatar, although wizard response time was sometimes too high to satisfy the participants.\"" - 4.1 Results - This describes a process/technical issue (wizard response delay) experienced by the researchers that affected evaluation and participant experience."", ""\""The practical part of the study could only be conducted with 7 of the 8 participants.\"" - 2.2 Results - This indicates participant-data availability issues (incomplete practical participation) that limited the designers' ability to collect full data as planned.""]}",,Volkmann et al. - 2019 - Age appropriate Participatory Design of a Storytelling Voice Input in the Context of Historytelling.txt,"Condition A: satisfied - The paper documents active involvement of older adults across analysis, design (simulation workshops), prototyping (high-fidelity prototype, WOZ) and evaluation (user tests with UEQ), and describes repeated study phases across three studies.; Condition B: satisfied - Multiple designer-facing constraints are described (time limitation forcing omission of workshop phases, prototype technical limits requiring WOZ, wizard response delays affecting evaluation, and incomplete practical participation), all of which affected the designers' ability to carry out planned activities.; Final rationale: The study reports a full HCD cycle with active user co-design and explicit iteration across analysis, ideation, prototyping and evaluation, and reports concrete constraints experienced by the research/design team that impacted the project. Therefore it meets both Condition A and B and is included.",Age-appropriate Participatory Design of a Storytelling Voice Input in the Context of Historytelling
"Torben Volkmann, Michael Sengpiel, Rita Karam, Nicole Jochems",High,Include,"{""HCD_fullcycle"": [""A1 User Involvement: \""This paper describes how older adults have been included throughout the development process of a storytelling input component for the Historytelling (HT) project, to attain the best possible usability for older adults.\"" - Abstract"", ""A1 User Involvement: \""19 older adults (M = 68 years old) participated in three studies to analyze, evaluate and design a storytelling voice assistance including a conversational agent.\"" - Abstract"", ""A2 Iteration: \""19 older adults ... participated in three studies\"" - Abstract"", ""A2 Iteration: \""First tests with the user group showed that response times were often too high and the designed dialogue sequence has to be improved iteratively.\"" - 4.2 Results (Dialogue Design)"", ""A3 Lifecycle (Understanding/Ideation/Prototyping/Evaluation): \""In the initial study, a task-based evaluation was conducted due to the potential lack of computer literacy among older adults... interviews are an important method in the HCD process.\"" - 2.1 Method (Voice Input Analysis) [Understanding]"", ""A3 Lifecycle (Understanding/Ideation/Prototyping/Evaluation): \""an experimental game was conducted to develop specific design elements in the design and conception phase\"" and \""a workshop with three different groups was conducted.\"" - Participatory Design Process / 3.1 Method (Ideation)"", ""A3 Lifecycle (Understanding/Ideation/Prototyping/Evaluation): \""The resulting high-fidelity prototype is based on an interface ...\"" and \""First prototype of the dialogue system was implemented based on web technologies.\"" - 3.3 Resulting Interface; 4.2 Results (Prototyping)"", ""A3 Lifecycle (Understanding/Ideation/Prototyping/Evaluation): \""To assess usability and user experience of the interface, a Wizard of Oz evaluation was conducted, where participants had to record a story with the provided interface and assistance\"" - 5 Evaluation (Evaluation)""], ""TASKS_elements"": [""\""Since the prototype could not display dynamic content, interface elements had to remain static. Thus, some interactions such as providing feedback in recording sessions were triggered by the experimenter as Wizard of Oz.\"" - 3.3 Resulting Interface - [Shows a technical/prototyping limitation that forced designers to adapt the evaluation and interaction method (use of WoZ) because the prototype couldn't implement dynamic behavior]"", ""\""First tests with the user group showed that response times were often too high and the designed dialogue sequence has to be improved iteratively.\"" - 4.2 Results (Dialogue Design) - [Indicates performance/technical issues experienced by the team that required iterative redesign]"", ""\""Overall, the Wizard of Oz prototype proved useful to test functionality that would have been difficult to implement, such as the transcription or the avatar. The simple prototype allowed for participants’ immersion in the storytelling process, although wizard response time was sometimes too high to satisfy participants.\"" - 5.1 Results (Evaluation) - [Documents the designers' constraint of slow wizard/response times impacting evaluation and participant experience]"", ""\""There were many errors in the transcript, since the quality of the text to speech engine used in the tested software was not sufficient to maintain uninterrupted oral fluency.\"" - Discussion - [Describes a technology quality limitation that constrained the designers' ability to deliver acceptable transcription, affecting design choices]""]}",,Volkmann T. et al. - 2020 - Participatory design of historytelling voice assistance with older adults.txt,"Condition A: satisfied - The paper documents active inclusion of older adults across multiple studies (analysis, ideation via simulation game/workshop, prototype creation, and Wizard-of-Oz evaluation), showing user involvement, explicit iterations, and the full HCD lifecycle (understanding, ideation, prototyping, evaluation).; Condition B: satisfied - The manuscript reports concrete designer-facing constraints (prototype inability to show dynamic content forcing WoZ, high response times from wizard/implementation, insufficient transcription/TTS quality) that affected how designers implemented and evaluated the system.; Final rationale: The study reports a full participatory HCD process with iterative cycles and explicit evidence that designers encountered and adapted to technical and process constraints during development and evaluation. Therefore it meets both Condition A (full HCD cycle) and Condition B (designer-experienced task/constraint evidence) and should be included.",Participatory Design of Historytelling Voice Assistance with Older Adults
Sigrid NW Vorrink; Helianthe SM Kort; Thierry Troosters; Jan-Willem J Lammers,High,Include,"{""HCD_fullcycle"": [""A1 User Involvement: \""The design process consisted of literature research and the iterative developing and piloting phases of the Medical Research Council (MRC) model for complex clinical interventions and the involvement of end users.\"" - Methods"", ""A2 Iteration: \""After phases A and B (Figure 1), the product was tested in 3 pilot studies (C1, C2, and C3), and improved through an iterative process.\"" and \""An additional pilot study, C4, was performed to provide an extra check on DPA measurement accuracy.\"" - Methods / Pilot Studies"", ""A3 Lifecycle (Understanding/Ideation/Prototyping/Evaluation): \""A list of design requirements for the eHealth intervention was prepared with respect to the general requirements... Focus was put on the mobile phone app for the users (Textbox 1).\"" (understanding users); \""Interactive team work sessions were held during this process. The various designed versions of the app that were tested during the pilot studies are illustrated in Figures 2-4.\"" (ideation/prototyping); \""After each study, a group consultation session was held... Afterwards, the sessions were separately summarized by 3 researchers and the main points were taken into consideration for adjustment of the app... The participants were asked to respond to 3 questionnaires (1) the Usefulness, Satisfaction, and Ease of use (USE) questionnaire...\"" (evaluation) - Results / Methods""], ""TASKS_elements"": [""\""Battery life posed a major problem while developing the app. Not all desired options, such as GPS-tracking and continuous measurement, were possible due to limited battery capacity. The '5 minutes on and off' configuration was chosen so the battery would last a whole day\"" - Limitations - This shows a designer-facing resource constraint (battery capacity) that prevented implementation of planned features and forced a design compromise."", ""\""In pilot study C3, errors in the algorithm were discovered twice in the distributed app. Although these were swiftly corrected, this could have had a negative impact on the participants’ views of the app.\"" - Limitations / Results - This documents a process/technical issue encountered by the design team that required corrective iterations and affected deployment."", ""\""On day 3 and 7 of pilot study C3, corrected apps were installed due to discovered errors in the algorithm that caused the app to measure too few or no steps.\"" - Results (Pilot Studies) - Shows that technical faults forced unplanned re-installations and iteration burden on the designers."", ""\""In pilot study C3, there were 4 (36%, 4/11) dropout participants beforehand due to too much expected effort in learning how to use a mobile phone, and in pilot study C2 there was 1 participant (33%, 1/3) that was not interested in, and did not use, the intervention. This participant had trouble understanding how to use the mobile phone.\"" - Limitations / Results - Participant access/engagement issues limited participation and influenced the designers' ability to collect feedback and required consideration for training and exclusion criteria."", ""\""Using a walker, mobility scooter, or other forms of assistive devices for DPA were added to the exclusion criteria for participants in the randomized controlled trial (RCT).\"" - Discussion / Measurement of DPA - Indicates designers had to change inclusion criteria and adapt design decisions because assistive devices prevented accurate measurement, a constraint on the design and evaluation process.""]}",,Vorrink et al. - 2016 - A Mobile Phone App to Stimulate Daily Physical Activity in Patients with Chronic Obstructive Pulmona.txt,"Condition A: satisfied - The paper documents active end-user involvement shaping the design, multiple explicit iterative pilot cycles, and evidence of all four lifecycle phases (understanding users via requirements and consultations; ideation and team sessions; prototyping across multiple app versions; evaluation via consultation rounds, questionnaires, and accelerometer correlations).; Condition B: satisfied - Multiple designer-facing constraints are documented (battery limitations preventing GPS/continuous measurement; algorithm errors requiring corrective installs; participant dropouts and engagement difficulties influencing design and training; forced changes to inclusion criteria due to assistive device use).; Final rationale: Both Condition A (full HCD cycle) and Condition B (designers' task barriers) are met based on explicit statements in Methods, Results, Discussion, and Limitations; therefore the study is included.","A Mobile Phone App to Stimulate Daily Physical Activity in Patients with Chronic Obstructive Pulmonary Disease: Development, Feasibility, and Pilot Studies"
"Sahr Wali, Isaac Ssinabulya, Cinderella Ngonzi Muhangi, Jenipher Kamarembo, Jenifer Atala, Martha Nabadda, Franklin Odong, Ann R. Akiteng, Heather Ross, Angela Mashford-Pringle, Joseph A. Cafazzo, Jeremy I. Schwartz",High,Include,"{""HCD_fullcycle"": [""A1 User Involvement: \""Using the principles from community-based research and user-centered design, we conducted a mixed-methods study composed of 4 participatory consensus cycles, 60 semi-structured interviews (SSI) and 8 iterative co-design meetings at two remote cardiac clinics.\"" - Methods (Study design / Abstract)"", ""A2 Iteration: \""Four engagement sessions were conducted with each community site to co-develop the project priorities and overall study approach... an additional validation cycle (Cycle 3) was added... In Phase 3, the qualitative and quantitative data from the previous phase were used to adapt the Medly Uganda program for each site. Design requirements were identified in collaboration with the clinic and community stakeholders through a series of co-design meetings... weekly meetings were held with the core study team to co-develop and refine the adapted program features.\"" - Methods (Study procedures) / Results (Phase 1 & Phase 3)"", ""A3 Lifecycle (Understanding/Ideation/Prototyping/Evaluation): \""Understanding users:... an iterative needs assessment with a convenience sample of HF patients, clinicians, and village health teams (VHTs)... yarning-style semi-structured interview and the adapted I-RREACH tool’s participant evaluation survey...\""; \""Ideation:... a series of co-design workshops with the VHTs... to co-develop the VHT role within the refined Medly Uganda program workflow, as well as to obtain feedback on the adapted program features.\""; \""Prototyping: 'a program orientation guide and patient education manual have been developed... a VHT booklet was co-developed with each community'\""; \""Evaluation: 'Using the I-RREACH tool’s participant feedback evaluation, participants at both sites reported positive responses regarding the interview session' (Table 5) and co-design meetings resulted in VHTs agreeing on operational roles.\"" - Methods (Phase 2) / Results (Phase 3 & Interview evaluations)""], ""TASKS_elements"": [""\""Outreach to the surrounding lower regional health centers and community groups were initiated, but with the restrictions associated with the COVID-19 pandemic, many individuals declined to participate, as they were not comfortable travelling to the clinic site.\"" - Limitations - Why it shows a designer barrier: This describes participant recruitment refusal due to COVID restrictions which directly limited designers' ability to recruit and engage community members for the adaptation process."", ""\""The UHN researcher (SW) was unable to fully experience the lived insights of the local context with the absence of an in-person community visit. SW initially aimed to travel to Uganda to facilitate all project activities in-person, however, this approach was modified to accommodate for the travel restrictions and public health guidelines posed by the COVID-19 pandemic. To mitigate this challenge, weekly team meetings were held... and the UHN researcher virtually attended all participant interviews through the Zoom platform.\"" - Limitations - Why it shows a designer barrier: This documents a concrete constraint experienced by the research/design team (inability to travel and engage in-person) which forced adaptation of methods (virtual attendance) and likely affected designers' capacity to perform contextual design activities.""]}",,Wali S - 2023 - Bridging community and clinic through digital health Community based adaptation of a mobile phone ba.txt,"Condition A: satisfied - The study documents active user/stakeholder involvement (participatory consensus cycles, semi-structured interviews, co-design workshops), explicit iterative refinement (multiple engagement cycles, iterative co-design meetings and weekly team refinement), and evidence of the four lifecycle phases (needs assessment/understanding, ideation through co-design, development of artifacts/prototypes such as education manuals and VHT booklets, and evaluation via participant feedback and co-design agreement).; Condition B: satisfied - The Limitations section and method descriptions report designer-facing constraints (COVID-19-related participant refusals limiting outreach/recruitment and the lead researcher being unable to conduct in-person visits, forcing virtual adaptations) that affected the team's ability to perform design activities.; Final rationale: Both Condition A (full HCD cycle present) and Condition B (documented designer-facing task constraints) are met based on the provided Methods, Results, and Limitations text; therefore the paper is included.",Bridging community and clinic through digital health: Community-based adaptation of a mobile phone-based heart failure program for remote communities in Uganda
"Tongyao Wang, Susan R. Mazanec, Nicolas Schiltz, Nipun Chhabra, Rod Rezaee, Joachim G. Voss",High,Exclude,"{""HCD_fullcycle"": [""A1 User Involvement: \""The study used a three-stage, mixed-method design: (1) development, (2) revising with the health professional panel, and (3) revising with the user panel.\"" - Methods (Design)"", ""A2 Iteration: \""Two rounds of revisions were conducted until each item of PIUM reached a minimum of 78% agreement.\"" - Methods (Revising with Health Professional Panel); additionally: \""Iterative revisions were conducted for each step of tracheostomy care based on the comments from the health professional panel and the patient and family caregiver panel.\"" - Results (Iterative Revisions)"", ""A3 Lifecycle (Understanding/Ideation/Prototyping/Evaluation): \""the principal investigator not only used simulation and videos to demonstrate tracheostomy care to a scientific illustrator... First, the principal investigator and the scientific illustrator worked together to identify key steps and items that required illustrations. After the scientific illustrator drew single images, she then collaborated with the principal investigator on the layout of the pictographs and added captions, which was version 1.0 of the infographic.\"" (Development/Prototyping/Ideation) - Methods (Study Procedure); \""In the Revising with the User Panel stage, version 3.0 was tested with patients and family caregivers who provided their feedback... Then, based on their feedback, we conducted a third revision and produced the final version of infographics on tracheostomy care, version 4.0.\"" (Evaluation/Understanding via user feedback) - Methods (Revising with the User Panel); \""The PIUM was used to collect feedback and guide the revising process.\"" - Methods (Measurement)""], ""TASKS_elements"": []}",No evidence of designers' task-related barriers or constraints (Condition B not satisfied),Wang et al. - 2023 - Development of a Pictorial Patient Education Handout on Tracheostomy Care A Mixed Method Study.txt,"Condition A: satisfied - The study documents active stakeholder (health professional, patient, caregiver) involvement in revising the infographic, explicit iterative rounds (versions 1.0–4.0) and documented prototyping and evaluation using the PIUM instrument, which together constitute understanding (via user feedback), ideation, prototyping, and evaluation.; Condition B: not satisfied - There is no text in Methods, Results, Discussion, or Conclusion that describes difficulties, constraints, or barriers experienced by the designers (no statements about resource limits, participant access problems affecting design, designer cognitive/emotional strain, skill gaps, or process/technical integration issues).; Final rationale: Although the paper meets the full HCD cycle criteria (Condition A), it fails Condition B because it does not report any designer-facing task constraints or barriers. Per the decision rules, both conditions must be satisfied to include the paper; therefore it is excluded.",Development of a Pictorial Patient Education Handout on Tracheostomy Care: A Mixed-Method Study
"Ninglu Wang, Kai Yu, Junhui Li, Ruofan Zhang, Fei Ren",High,Exclude,"{""HCD_fullcycle"": [""A1 User Involvement: \""We invited 4 patients with low vision and 2 family members to participate. We assigned them tasks including presetting, magnifying and changing color settings, voice reading, and social interactions, and asked them to give feedbacks anytime during the process.\"" - Low-Fidelity Prototype with User Testing"", ""A1 User Involvement: \""We conducted one-hour video-recorded interviews with four patients. Based on our interviews, we built an affinity wall...\"" - Contextual Inquiry"", ""A2 Iteration: \""Abiding by user-centered design, these feedbacks helped us reassess and improve our design... After making these changes, we proceeded to digital prototyping. ... We conducted another user testing session with 3 low vision patients and 2 family members.\"" - Low-Fidelity Prototype with User Testing; High-Fidelity Prototype with User Testing"", ""A3 Lifecycle (Understanding/Ideation/Prototyping/Evaluation): \""To learn more about our target users, we attended support groups... We listened to discussions of 20 low vision patients...\"" - Preliminary Research; \""We implemented the parallel design... and came up with three possible solutions to assist reading.\"" - Parallel Design of Three Solutions (Ideation); \""We built a low-fidelity prototype to test the following aspects of the application...\"" - Low-Fidelity Prototype with User Testing (Prototyping); \""We conducted another user testing session with 3 low vision patients and 2 family members.\"" - High-Fidelity Prototype with User Testing (Evaluation)""], ""TASKS_elements"": []}","Condition B not satisfied: no evidence in Methods/Results/Discussion/Conclusion/Limitations that designers experienced resource, access, technical, process, or cognitive barriers that limited or forced adaptations to the design activities.",Wang N. et al. - 2016 - Readful U Improving reading experience and social interaction for low vision elders.txt,"Condition A: satisfied - The paper documents user research (support groups, interviews), ideation (parallel designs, wireframes), prototyping (low- and high-fidelity prototypes), and evaluation (multiple user testing sessions) and shows user feedback actively shaped design decisions.; Condition B: not satisfied - The Methods, Results, Discussion, and Conclusion contain no statements describing difficulties or constraints experienced by the designers (e.g., resource limits, recruitment/access problems, technical integration issues, cognitive/emotional strain on designers, or process barriers) that affected their ability to carry out design activities.; Final rationale: Although the study presents a full HCD cycle with clear user involvement and iteration, it lacks any evidence of designer-facing task constraints or barriers required by Condition B, so it must be excluded.",Readful-U: Improving Reading Experience and Social Interaction for Low Vision Elders
Sheng-Ming Wang and Shiau-Ting Wang,High,Exclude,"{""HCD_fullcycle"": [""A1 User Involvement: \""at the very first part we do a widely-interview with people who work in different industries... so we narrow down to make a deeper interview to our target user, digital nomads\"" - [Abstract / Sections 2 and 3: Wild Interview; Interview II] - shows users were interviewed and informed persona and journey"", ""A2 Iteration: \""Our interview was divided into two parts...\"" and \""next, we made the interface prototype and use Kano model for the evaluation\"" - [Section 2; Abstract / Section 7 Evaluation] - shows multiple study activities (initial wide interviews, deeper interviews, prototype, single evaluation) but does not describe repeated refinement cycles or feedback-driven redesigns"", ""A3 Lifecycle (Understanding/Ideation/Prototyping/Evaluation): \""we do a widely-interview... made the persona and user journey... we made the interface prototype and use Kano model for the evaluation\"" - [Abstract; Sections 3.2 Persona and User Journey; 6 Conceptual Application; 7 Evaluation] - evidences user understanding (interviews), ideation (persona/user journey, concept Groovy), prototyping (interface prototype), and evaluation (Kano online questionnaire)""], ""TASKS_elements"": [""\""Total of 7 questionnaires were collected, all of them are valid\"" - [Section 7 Evaluation] - [Why it shows a designer barrier: very small sample size indicates limited user data available to evaluate features, constraining designers' ability to validate and iterate the design]"", ""\""but the data we collected was not enough to verify the result from most of the users\"" - [Section 8 Conclusion and Future Work] - [Why it shows a designer barrier: authors state insufficient data prevented verification of results, which affected their ability to draw design conclusions and prioritize further development]""]}",Condition A not satisfied: No explicit repeated iterative refinement cycles reported (A2 Iteration missing),Wang S.-M. and Wang S.-T. - 2021 - Conceptual Design of Working from Home Based on Behavior Change in New Normal.txt,"Condition A: not satisfied - Although the paper documents user interviews, persona creation, prototyping and a single evaluation, it does not report explicit repeated refinement cycles or iterative feedback-redesign loops required to meet the Iteration (A2) criterion.; Condition B: satisfied - The paper reports a very small evaluation sample and explicitly states the data were insufficient to verify results, which is a constraint that affected the designers' ability to perform evaluation and validation activities.; Final rationale: Because Condition A (full HCD cycle including explicit iteration) is not satisfied while Condition B is satisfied, the study is excluded.",Based on Behavior Change in New Normal
"René Pascal Warnking, Jan Scheer, Franziska Becker, Fabian Siegel, Frederik Trinkmann, Till Nagel",High,Include,"{""HCD_fullcycle"": [""A1 User Involvement: \""In collaboration with 5 pneumologists and 2 visualization experts, we collected requirements and common tasks in a 2-hour workshop... Finally, the groups co-created visualization drafts based on their chosen data that should help to answer questions or perform tasks from the selected notes.\"" - Expert workshop (Materials and methods)"", ""A2 Iteration: \""we iteratively designed a web-based prototype, continuously consulting experts along the way.\"" and \""We re-evaluated several design choices and devised multiple improvements ... As a consequence, we switched to D3 for the implementation of the visualization frontend.\"" - Abstract; Design improvements (Results)"", ""A3 Lifecycle (Understanding/Ideation/Prototyping/Evaluation): \""To start off, we performed a requirement analysis in a collaborative workshop. Taking the workshop results as our foundation, we developed a prototype system that integrates feedback from regular expert consultations.\"" and \""We conducted a formative study using expert interviews to evaluate the usability of our developed prototype.\"" - System design / Evaluation (Materials and methods)""], ""TASKS_elements"": [""\""These improvements required a technological reorientation, as Altair was not capable of the functionalities our improvements required. As a consequence, we switched to D3 for the implementation of the visualization frontend.\"" - Design improvements (Results) - Why it shows a designer barrier: explicit process/technical limitation of the chosen visualization framework forced developers to reorient and reimplement the frontend, indicating a technical constraint experienced by the design team."", ""\""One interview (P4) was discarded due to technical problems with the recording.\"" - Evaluation (Materials and methods / Results) - Why it shows a designer barrier: loss of one participant's interview due to recording failure reduced the available evaluation data, limiting designers' formative evaluation evidence.""]}",,Warnking RP - 2024 - Designing interactive visualizations for analyzing chronic lung diseases in a user centered approach.txt,"Condition A: satisfied - The paper documents active user involvement (workshop co-creation and ongoing expert consultations), explicit iterative refinement (prototype, evaluation, redesign), and all four lifecycle phases (requirement analysis, ideation/sketches, prototyping, and formative evaluation).; Condition B: satisfied - The authors report concrete designer-experienced constraints, notably limitations of the Altair framework that forced a technological reorientation to D3 and the loss of an interview recording that reduced evaluation data.; Final rationale: The study describes a full HCD cycle with demonstrable user involvement, iteration, and complete lifecycle activities, and it reports process/technical and evaluation-data constraints experienced by the design team; therefore it meets both Condition A and Condition B and should be included.",Designing interactive visualizations for analyzing chronic lung diseases in a user-centered approach
"Pete Wegier, Jeffery L. Belden, Shannon M. Canfield, Victoria A. Shaffer, Sonal J. Patil, Michael L. LeFevre, K. D. Valentine, Mihail Popescu, Linsey M. Steege, Akshay Jain, Richelle J. Koopman",High,Include,"{""HCD_fullcycle"": [""A1 User Involvement: \""We conducted a total of five focus groups dedicated to reviewing prototype displays and iterating on their design, alternating between hypertensive patients, and family physicians and internal medicine physicians—focus groups 1, 3, and 5 were with patients, and focus groups 2 and 4 were with physicians.\"" - Methods: Approach"", ""A2 Iteration: \""The preliminary qualitative analysis following each focus group helped us identify participant responses to our designs and to allow for rapid iteration of our prototypes [21].\"" Also: \""Patient and physician participants returned for three confirmatory focus groups to view and comment on the final prototype.\"" - Methods: Approach"", ""A3 Lifecycle (Understanding/Ideation/Prototyping/Evaluation): \""Previously, we reported our efforts to determine the informational needs of patients and physicians to engage in shared decision making around hypertension using a single data display... In this paper, we present the design and refinement of such a data display...\"" (understanding users) ; \""We considered two potential models... Rather than designing for novelty, we decided to stick with what would be most familiar to patients and used a simple line graph.\"" (ideation/prototyping) ; \""A total of 40 participants were recruited to participate in patient (N = 16) and provider (N = 24) focus groups... The focus group responses from patients and physicians confirmed the effectiveness of those choices.\"" (evaluation) - Methods/Results/Discussion""], ""TASKS_elements"": [""\""We believe we are currently in a transitional period for home BP measurements... their ability to upload those measurements to an EHR is not without technological barriers.\"" - Results: Data density paragraph - This documents a technical/participant-access constraint (patients' inability to upload) that affected the designers' data availability and required design adaptations."", ""\""The potential for high density home BP measurements limits the numeric values that could be presented in the line graph and accompanying data table... To address this, we designed a system of data aggregation to deal with dense measurements (Table 2).\"" - Results: Data density paragraph - This shows a process/technical constraint (data density) experienced by designers that forced specific design decisions (aggregation limits, display capacity)."", ""\""An initial design connected only home BP measurements and left office BP measurements disconnected—to emphasize the importance of home measurements... but this design caused significant confusion as to why some points were disconnected. We decided on a final design connecting home and office BP measurements...\"" - Results: Denoting specific sources of BP readings - This documents a usability/problem encountered during prototyping that required the designers to change approach (iteration due to confusion), i.e., a designer-facing barrier encountered in testing.""]}",,Wegier et al. - 2021 - Home blood pressure data visualization for the management of hypertension using human factors and de.txt,"Condition A: satisfied - The study documents active user involvement via multiple focus groups that directly informed iterative prototype changes (user feedback drove design decisions), explicit iterative cycles (rapid prototyping with preliminary analyses after each focus group and confirmatory groups), and evidence of the full lifecycle (understanding needs, generating design alternatives, prototyping multiple display versions, and evaluating via focus groups).; Condition B: satisfied - The authors report designer-facing constraints including technological barriers to patient data upload, challenges of data density requiring aggregation strategies, and specific prototype confusion uncovered in user testing that forced redesign, all of which are process/technical and participant-access issues that affected the design work.; Final rationale: The paper reports a user-centered, iterative design process covering understanding, ideation, prototyping, and evaluation, and it documents concrete designer-facing constraints that shaped design choices; therefore it meets both Condition A (full HCD cycle) and Condition B (designer-oriented tasks elements) and should be included.",Home blood pressure data visualization for the management of hypertension: using human factors and design principles
"Andrew Patrick Hayes Weightman, Nick Preston, Raymond Holt, Matthew Allsop, Martin Levesley, Bipinchandra Bhakta",High,Include,"{""HCD_fullcycle"": [""A1 User Involvement: User involvement described as staged engagement with children, parents and therapists: 'User involvement in this device development was in three stages: (a) preliminary rehabilitation device development; (b) evaluation of the rehabilitation devices in the school environment; and (c) feedback after a period of using the equipment in the home environment.' - Section 3 Overview of the design process"", ""A2 Iteration: Explicit iterative refinement reported using a spiral model: 'The two systems were developed in parallel, using a process similar to Boehm’s risk-based Spiral Model of systems development (Boehm 1986). This involved testing and refining progressively more detailed prototypes with input from the relevant stakeholders.' - Section 5.1 & 3.1"", ""A3 Lifecycle (Understanding/Ideation/Prototyping/Evaluation): Understanding users: 'pre-session interviews... post-session questionnaires... observation' used to capture needs and reactions (Phase 1, 6.1.1/6.1.3); Ideation: 'This phase involved numerous meetings involving engineers, medical doctors, paediatric physiotherapists and computer scientists to outline preliminary design requirements.' - Section 5 Preliminary rehabilitation device development; Prototyping: 'A prototype was developed which offered the highest level of assisted movement... five of each of the rehabilitation devices were constructed.' - Section 5.1 Hardware development; Evaluation: 'Prototypes of the final design were used by 18 patients with cerebral palsy for approximately 4 weeks as a therapeutic intervention. To evaluate the designs, qualitative and questionnaire-based opinion was sought from these children, and their parents, at the end of the intervention.' - Abstract & Section 7""], ""TASKS_elements"": [""'However, the audio and video recordings were found to be unsatisfactory as a source of information about the hardware.' - Section 6.1.6 Analysis of peer tutoring approach - This shows a process/technical issue that limited the designers' ability to evaluate hardware via recordings, forcing adaptation of evaluation methods."", ""'The researcher acting as the first tutor avoided leading questions, whereas the children acting as tutor often used them... This raised concerns that peer pressure may have influenced the comments made by the children.' - Section 6.1.6 Analysis of peer tutoring approach - This indicates participant interaction patterns limited the validity of feedback and required the designers/researchers to account for peer-influence when interpreting data."", ""'The younger children with CP tended to use their lesser affected hand to control the device and had to be repeatedly prompted to use their affected hand.' - Section 6.1.6 Analysis of peer tutoring approach - This participant engagement issue constrained designers' ability to observe affected-hand use and therefore affected data collection and required prompting/adaptation by researchers."", ""'The first comment illustrates how utilising the parents to deliver questions can lead to them answering the questions themselves, a disadvantage of this approach.' - Section 7.6 Children's feedback - This documents that parents administering questionnaires biased responses, limiting designers' ability to obtain direct child feedback and forcing consideration of alternative administration methods.""]}",,Weightman et al. - 2010 - Engaging children in healthcare technology design developing rehabilitation technology for children.txt,"Condition A: satisfied - The paper documents active user involvement across three defined stages, explicit iterative cycles using a spiral model, and evidence of the four lifecycle phases (understanding via interviews/observation, ideation via multidisciplinary meetings and requirements, prototyping multiple hardware/software versions, and evaluation in schools and 4-week home trials).; Condition B: satisfied - Multiple statements in Methods/Results/Discussion report concrete process and participant-related barriers (unsatisfactory audio/video recording for hardware assessment, peer-tutoring induced peer-pressure and tutor boredom, younger CP children needing repeated prompting, parental influence on questionnaires) that limited designers' data collection or required adaptation of methods.; Final rationale: Both the full HCD cycle (A) and documented designer-facing task constraints (B) are present in the Methods/Results/Discussion, so the study meets inclusion criteria.",Engaging children in healthcare technology design: developing rehabilitation technology for children with cerebral palsy
Kuang-Yi Wen; Suzanne M Miller; Linda Kilby; Linda Fleisher; Tanisha D Belton; Gem Roy; Enrique Hernandez,High,Include,"{""HCD_fullcycle"": [""A1 User Involvement: the intervention development 'included needs assessment, followed by an iterative cycling through text message drafting, health literacy evaluation and rewriting, review by target community interviews via cognitive response interviews, scientific advisory panel evaluation and feedback, and message revision, concluding with usability testing.' [Methods - Overview]"", ""A2 Iteration: 'Low-rated messages were flagged for possible removal.' ... 'These low-rated messages were subsequently either revised (n=8) or eliminated (n=17).' (shows explicit repeated refinement cycles) [Results - Phase 4 Message Review Cognitive Response Interviews / Figure 1 summary]"", ""A3 Lifecycle (Understanding/Ideation/Prototyping/Evaluation): Understanding - 'Phase 1: Needs Assessment Individual Interviews... included specific questions addressing the experiences, motivators, and techniques that had helped women maintain smoking abstinence...' ; Ideation - 'A pool of 204 messages was initially developed based on the findings of the needs assessment and a review of the relevant literature.' ; Prototyping - participants were 'provided with phones equipped with text messaging service' and the program delivered system-initiated and user-initiated crave/lapse messages during a 1-week test; Evaluation - 'Messages were reviewed by 30 women... using the cognitive response interview technique' and 'Among the 10 enrolled participants, 8 successfully completed the testing and responded to the evaluation interview.' [Methods Phases 1-6; Results Phases 1,2,4,6]""], ""TASKS_elements"": [""None of the participants owned a smartphone; 'However, none of the participants in this population owned a smartphone. Therefore, our intervention only used text-messaging delivery, which is compatible with all models of mobile phones.' [Results - Phase 1 Needs Assessment] - This is a participant/resource constraint that forced a design adaptation (limited delivery modality) and thus affected designers' choices."", ""'11 messages required additional revision to fit within the 159-character limit for text messages.' [Figure 1 summary mentioned in Results/Methods] - This is a technical constraint that required the design team to revise message content to meet platform limits, a process/technical barrier experienced by designers."", ""Health literacy challenges requiring substantial rewriting; 'After the 2 health literacy experts reviewed and modified each message... a second assessment... revealed a significant reduction in the following health literacy problems: a 72% reduction in polysyllabic words, 79% reduction in complex health terms, 91% reduction in complex nonmedical terms, and 47% reduction in long sentences.' [Results - Phase 3 Health Literacy Review] - This shows the design team faced readability barriers that forced extensive content revision to make messages appropriate for the target audience.""]}",,Wen KY - 2014 - Preventing postpartum smoking relapse among inner city women development of a theory based and evide.txt,"Condition A: satisfied - The paper documents active user involvement (needs assessment, cognitive response interviews, usability testing), explicit iterative refinement (message revisions, eliminations, advisory review), and evidence of all four lifecycle phases (understanding via interviews, ideation via message drafting, prototyping via message/system pretests, and evaluation via cognitive interviews and usability testing).; Condition B: satisfied - The manuscript reports concrete constraints experienced by the design team (no smartphones among participants forcing SMS-only delivery; character-limit technical constraint requiring message revisions; major health literacy-driven rewrites), which are designer-facing barriers that affected design activities.; Final rationale: Both Condition A (full HCD cycle) and Condition B (designer-experienced task/constraint evidence) are met based on explicit descriptions in Methods and Results; therefore the study is included.",Preventing Postpartum Smoking Relapse Among Inner City Women: Development of a Theory-Based and Evidence-Guided Text Messaging Intervention
"Catherine Wexler, Katelyn Sanner Dixon, Kevin Oyowe, Brooke Lapke, Hannah Conner, Hailey Shoemaker, Erin Corriveau, Allen Greiner, Sarah Finocchario-Kessler",High,Include,"{""HCD_fullcycle"": [""A1 User Involvement: \""Starting in August of 2020, developers held routine meetings with key stakeholders in UGPHD, including epidemiologists, lead case investigators, lead CHW, and health officers.\"" - Methods (2.2.1 Phase 1)"", ""A2 Iteration: \""The design and development phase occurred concurrently with phase 2, with the technical programmer frequently meeting with Wyandotte County team members to show progress on the system, solicit feedback and recommendations for improvement, and nuance specifications... The CTS was piloted during a 1-week trial by key users prior to implementation to ensure full functionality and make final updates\"" - Methods (2.3 Phase 3)"", ""A3 Lifecycle (Understanding/Ideation/Prototyping/Evaluation): \""(1) understand context of use, (2) specify user requirements, (3) design solutions, and (4) evaluate against requirements\""; \""Meetings were held with each team ... to understand their current tools, required data, preferred formatting...\""; \""The final product—the CTS—was a system designed to link the workflows...\""; \""An evaluation of the design and implementation process was conducted after approximately three months of CTS use and is described in this manuscript.\"" - Methods (2.2 overview, 2.3 Phase 2-4)""], ""TASKS_elements"": [""\""...it became clear in early conversations that the state mandated EpiTrax served that function and could not be replaced. Further, a pathway to link or import data to EpiTrax was unclear. Thus, the focus of the CTS shifted during these initial conversations to build a system both urgently but also within the context of an already existing data collection system.\"" - Methods (2.2.1 Phase 1) - This shows a designer-facing integration constraint that forced a change in scope and design approach (prevented planned integration with EpiTrax)."", ""\""While a few technical glitches slowed down early implementation, these were quickly resolved... Technical problems were found to be the most common barriers to CTS use. Many of these technical problems were related to data entry (e.g., couldn’t use apostrophes, required a specific browser) and issues with saving data (e.g., the system was slow at saving notes, missing or incomplete entries).\"" - Results (3.2.2 CTS barriers) - This documents technical/process issues encountered during development/implementation that designers/developers addressed and which hindered rollout.""]}",,Wexler et al. - 2023 - Development and evaluation of a COVID tracking system to support provision of social service in Wyan.txt,"Condition A: satisfied - The manuscript documents active involvement of end users in requirements and design (routine stakeholder meetings, specification sessions), explicit iterative development including pilot testing and refinements, and all four lifecycle phases (understanding context, specifying requirements/ideation, prototyping/building the CTS, and evaluation using RE-AIM).; Condition B: satisfied - The team faced designer-facing constraints: inability to integrate with the mandated EpiTrax system forced scope change and technical glitches during early implementation that had to be resolved, both of which are barriers experienced by the design/implementation team.; Final rationale: The paper reports a full human-centered design cycle with documented user involvement and iteration, and it describes concrete designer-facing barriers (integration limitation with EpiTrax and technical glitches). Therefore it meets both Condition A and Condition B and is included.","Development and evaluation of a COVID tracking system to support provision of social service in Wyandotte County, Kansas"
Brent-Kaan White; Sean Rice; Chun-Yi Chen,High,Include,"{""HCD_fullcycle"": [""A1 User Involvement: \""Two focus group interviews were conducted for the mobile employee application with the goal of establishing user requirements... Eleven employees from large-sized companies participated in the study.\"" [2.1 Focus Groups]"", ""A2 Iteration: \""This paper focuses on the front portion of the process, specifically, the user requirements research, analysis, design, and iterative prototyping and evaluation.\"" and \""We revised the design based on the wireframe evaluation findings and developed a functional prototype.\"" [2 METHOD AND DESIGN; 2.3 Prototype Evaluation]"", ""A3 Lifecycle (Understanding/Ideation/Prototyping/Evaluation): \""Two focus group interviews were conducted...\"" (understanding users) ; \""After gathering the user requirements, a pair of designers created a set of wireframes.\"" (ideation) ; \""A usability test was conducted using low-fidelity wireframe screenshots of the initial design... Six enterprise employees participated\"" (prototyping/evaluation of wireframes) ; \""We revised the design based on the wireframe evaluation findings and developed a functional prototype... Eight Oracle customers participated in this usability test.\"" (prototype and evaluation) [2.1 Focus Groups; 2.2 Wireframe Design; 2.2.1 Wireframe Evaluation; 2.3 Prototype Evaluation]""], ""TASKS_elements"": [""\""Design challenges centered on navigation, hierarchy, multiple actions, social networking, and search.\"" [2.2 Wireframe Design] - This explicitly lists difficulties the designers encountered in creating the interface, indicating designer-facing challenges in the project."", ""\""We debated the optimal number of hierarchy levels to display on one screen and amount of content within each level. We wanted rich information about each level of hierarchy but didn’t want to overload the user when viewing all levels together. Several designs were explored and tested before deciding upon the final version.\"" [2.2.2.1 Organization Chart] - Shows designers struggled with representation and trade-offs, requiring multiple design explorations (cognitive/process challenge)."", ""\""We were not sure if the Action toolbar design was a better solution than placing action buttons interspersed with content (see Figure 2) or at the bottom of the screen.\"" [2.2.2.3 Multiple Actions] - Indicates designers' uncertainty and decision difficulty about interaction layout, a designer-experienced challenge."", ""\""The testing revealed that two separate icons for navigating up the hierarchy (up-arrow icon) and setting the employee in focus (reposition icon) were not necessary because the user perceived both as interactions with similar outcomes. Consequently, we updated the design to use the up-arrow icon for both setting focus and navigating up the hierarchy.\"" [3.1.1 Organization Chart] - Demonstrates a design constraint forced by usability findings that required designers to adapt the interaction model (process/technical adjustment).""]}",,White B.-K. et al. - 2010 - Designing enterprise applications that connect employees on the go.txt,"Condition A: satisfied - The Methods describe active user involvement (focus groups, wireframe tests, prototype tests), explicit iterative refinement (wireframes -> prototype -> revisions), and evidence of understanding, ideation, prototyping, and evaluation.; Condition B: satisfied - The paper documents concrete designer-facing challenges (navigation/hierarchy representation, icon affordance confusion, uncertainty about action toolbar placement) that required exploration and changes to the design.; Final rationale: The study reports a full HCD cycle with iterative user-involved evaluations and documents designer-experienced challenges that impacted design decisions; therefore it meets both Condition A and Condition B and is included.",Designing Enterprise Applications that Connect Employees on the Go
"Anne-Charlotte Wiberg, Ata Ghaderi, Hanna Broberg Danielsson, Kousha Safarzadeh, Thomas Parling, Per Carlbring, Magdalena Jansson, Elisabeth Welch",High,Include,"{""HCD_fullcycle"": [""A1 User Involvement: \""The final version of ICBT-E was produced after feedback from repeated focus group interviews (four in total) and 16 Think Aloud observations as well as a validation of the usability by 24 patients who had used the treatment for approximately 5 weeks.\"" - [3.1.3 Development process]"", ""A2 Iteration: \""The UCD process, was carried out in accordance with the recommendations of Graham et al. (2019) and consisted of the following eight phases 1) Development of a prototype, 2) Evaluation, 3) Refine and develop, 4) Evaluation, 5) Refine and develop, implementation, 6) Ongoing feedback collected from users, 7) Refine and develop, and finally 8) Validate.\"" - [3.1.3 Development process]"", ""A3 Lifecycle (Understanding/Ideation/Prototyping/Evaluation): \""Focus groups were conducted with clinicians, patients and individuals from the patient organization... Think Aloud observations were carried out to assess usability\"" (understanding users) ; \""Development of a prototype... The clinical content was written and structured by researchers and clinicians. The written content was entered into the platform together with pictures and graphics\"" (ideation & prototyping) ; \""Usability was also evaluated through the System Usability Scale (SUS)\"" (evaluation). - [3.1.2 Data collection; 3.1.3 Development process; 3.1.4 Data analysis; 4.1.3 System Usability Scale]""], ""TASKS_elements"": [""\""However, the functions included in the treatment software platform did not enable the design of a self-monitoring form with optimal usability. Therefore, the form was not redesigned in phase 7.\"" - [4.1.2 Qualitative results] - [Why it shows a designer barrier: platform technical limitation prevented designers from implementing an improved self-monitoring form and blocked an intended iterative redesign]"", ""\""The clinic had long waiting times for treatment during the study period and the clinicians were therefore under pressure, which may have hampered recruitment of available patients. In addition, there was limited availability of facilitators and ICBT-E was a recently implemented method that facilitators were unfamiliar to use, which may also have contributed to a lower recruitment rate.\"" - [5.2 Discussion] - [Why it shows a designer barrier: resource constraints and limited facilitator availability hindered recruitment and implementation/testing activities essential for development/evaluation]"", ""\""the technical functionality of the platform for ICBT-E does not allow the development of a smartphone application as an alternative to the self-monitoring of meals, as some participants requested\"" - [5.1 Discussion] - [Why it shows a designer barrier: technical constraints of the platform limited design options and prevented fulfilling user-requested features]""]}",,Wiberg et al. - 2022 - Internet based cognitive behavior therapy for eating disorders Development and feasibility evaluatio.txt,"Condition A: satisfied - Clear evidence of active user involvement (focus groups, Think Aloud, ongoing feedback), explicit iterative UCD process with eight development/evaluation/refinement phases, and documentation of all lifecycle stages (understanding users, development/ideation of prototype, prototyping, and evaluation via SUS and usability testing).; Condition B: satisfied - Multiple documented designer-facing constraints (platform technical limits preventing redesign, inability to develop an app alternative, and resource/facilitator shortages that hampered recruitment/implementation) meet the criteria for designer-experienced task elements.; Final rationale: Both Condition A (full HCD cycle present) and Condition B (designer-oriented task constraints present) are met based on quoted methods, results, discussion and limitations, so the study should be included.",Internet-based cognitive behavior therapy for eating disorders – Development and feasibility evaluation
"Caspar Wiegmann, Esther Quinlivan, Twyla Michnevich, Andreas Pittrich, Petja Ivanova, Alissa Maresa Rohrbach, Jakob Kaminski",High,Include,"{""HCD_fullcycle"": [""A1 User Involvement: \""Semi-structured, qualitative interviews were conducted as UCD procedure to assess unmet needs in the current clinical setting, willingness to use an app, as well as reservations and implementation barriers.\"" (Methods - Phase I) and \""User acceptance testing of the developed workflow and features was conducted with 11 patients and 11 practitioners ... we presented wireframes to the users and asked them to think aloud\"" (Methods - Phase III)"", ""A2 Iteration: \""Iterative changes were made to the ePRO system draft in response to the findings. An iterative user-centered design methodology was repeatedly applied for further refinement of the concept in this early development phase.\"" (Methods - Phase III / Results)"", ""A3 Lifecycle (Understanding/Ideation/Prototyping/Evaluation): \""Phase I: stakeholder interviews\"" (understanding users) (Methods - Phase I); \""The prototype development team defined typical users in the form of personas ... The prototype development team ... turned the requirements into simple wireframes ... to be reevaluated by interviewed stakeholders.\"" (ideation/prototyping) (Methods - Phase II); \""User acceptance testing of the developed workflow and features was conducted with 11 patients and 11 practitioners\"" (evaluation) (Methods - Phase III)""], ""TASKS_elements"": [""\""Adherence to the system on the patient side, especially in case of episodes of relapse of severe mental illness, might prove challenging to achieve.\"" (Limitations) - This indicates participant engagement/access constraints that could limit designers' ability to collect feedback, run iterative testing, and refine the design."", ""\""On the practitioner's side, we will be equally challenged to refine our system to be easily and rapidly integrated in routine care with the limited time frames in private practice and outpatient clinics.\"" (Limitations) - This describes practitioner time/resource constraints that hinder integration and therefore constrain designers' ability to implement and evaluate the system in real-world workflows."", ""\""Because of the sensitivity of the data and the particular and legitimate skepticism of patients and therapists towards digital solutions, data protection is crucial. As key components to address the issue, we chose encryption and decentralized data storage ...\"" (Methods - System architecture) - This shows a technical/privacy constraint that forced specific design/technical decisions (encryption, decentralized storage, QR/webRTC transmission) and thus represents a process/technical barrier experienced by the design team.""]}",,Wiegmann et al. - 2023 - A digital patient reported outcome electronic patient reported outcome system for patients with seve.txt,"Condition A: satisfied - The Methods describe active user involvement (stakeholder interviews, think-aloud user acceptance testing), explicit iterative refinements, and evidence of all four lifecycle phases (understanding via interviews, ideation/personas, prototyping/wireframes, and evaluation/user testing).; Condition B: satisfied - The paper reports concrete designer-facing constraints: patient adherence challenges limiting data/feedback collection, practitioner time constraints hindering integration, and data-protection concerns that required specific technical solutions.; Final rationale: The study documents a full user-centered design cycle with active user involvement and iteration, and it reports multiple designer-experienced constraints that affected design decisions and ability to perform design activities; therefore it meets both Condition A and Condition B and should be included.",A digital patient-reported outcome (electronic patient-reported outcome) system for patients with severe psychiatric disorders: User-centered development study and study protocol of a multicenter-controlled trial
"Angelica Wiljén, John Eric Chaplin, Vanessa Crine, William Jobe, Ensa Johnson, Katarina Karlsson, Tomas Lindroth, Anneli Schwarz, Margaretha Stenmarker, Gunilla Thunberg, Joakim Öhlén, Stefan Nilsson",High,Include,"{""HCD_fullcycle"": [""A1 User Involvement: \""Phase 1 involved interviews with 7 children with long-term illnesses, 8 parents, and 19 health care professionals to determine their needs and wishes for support; a workshop with 19 researchers to deepen our understanding of the needs; and a workshop with developers to establish a preliminary tool to further investigate needs and behaviors.\"" (Methods - The Adapted UCD Process / Phase 1, Stage 1)"", ""A2 Iteration: \""The adapted user-centered design process includes 2 phases with 4 stages... Phase 1 ... Phase 2 involved interviews with 10 children ... 9 parents, and 21 health care professionals to evaluate the mock-up (prototype) of the mHealth tool.\"" (Methods - The Adapted UCD Process / Abstract & Methods - Phase descriptions)"", ""A3 Lifecycle (Understanding/Ideation/Prototyping/Evaluation): \""Phase 1 involved interviews... (understanding users); Stage 2 involved a workshop where researchers... (ideation/theoretical anchoring); Stage 3 ... a workshop was held with the design team (developers) ... gave a basis for developing a mock-up (prototyping). In Phase 2 participants tested the mock-up to evaluate it (evaluation).\"" (Methods - Phase 1 Stages 1-3; Methods - Phase 2 Stage 1)""], ""TASKS_elements"": [""\""Children with cancer could not participate in all stages of UCD for medical and ethical reasons. An adapted version of UCD was used where the children’s, parents’, and health care professionals’ voices were represented in stages 2 and 3 via interview data.\"" (Methods - The Adapted UCD Process) - This shows a designer barrier: inability to include child users in all stages forced the team to adapt the UCD process and limited direct participatory design activities."", ""\""Throughout the project, the children were included in the research and design whenever possible. However, these children had decreased immune function and experienced fatigue. This made it difficult to include them in design events such as workshops.\"" (Methods - Stage 3) - This documents participant access issues that constrained designers' ability to run in-person workshops and co-design sessions."", ""\""Web-based participation was considered and can be of value. However, some activities were not suited for web-based settings, and web-based participatory design settings have proved to be challenging.\"" (Methods - Stage 3) - This indicates process/technical limitations experienced by designers when attempting alternative participation modes, hindering designer-led activities."", ""\""A meta outcome of the second phase acknowledged the complexity of the intervention at hand. Designing a research-anchored mHealth tool from a UD perspective is a great challenge in itself. Designing something that fits into the existing care practices and information systems at different locations increased the complexity even further.\"" (Results - Stage 2) - This reflects process/integration challenges faced by designers when aligning the tool with existing care practices and systems."", ""\""it is a limitation that the end users (ie, children, parents, and health care professionals) did not themselves participate in stages 2 and 3.\"" (Limitations) - This explicitly states a constraint that affected designers' ability to conduct intended participatory design in later stages.""]}",,Wiljén et al. - 2022 - The Development of an mHealth Tool for Children With Long term Illness to Enable Person Centered Com.txt,"Condition A: satisfied - The paper documents active user involvement (interviews with children, parents, HCPs), explicit iterative design across two phases (phase 1 -> mock-up -> phase 2 evaluation), and evidence of the full lifecycle (understanding via interviews, ideation via workshops, prototyping of a mock-up, and evaluation via interviews of the prototype).; Condition B: satisfied - Multiple statements in Methods, Results, and Limitations describe designer-faced constraints: inability to include child participants in all stages due to medical/ethical/fatigue reasons, challenges with web-based participatory design, and complexity of integrating the tool with existing care systems, all of which limited or forced adaptations to the designers' planned activities.; Final rationale: Both Condition A (full HCD cycle) and Condition B (designer-experienced task/constraint evidence) are met based on explicit descriptions in the Methods, Results, and Limitations. Therefore the study should be included.",The Development of an mHealth Tool for Children With Long-term Illness to Enable Person-Centered Communication: User-Centered Design Approach
"Sarah Willard, Ger Cremers, Yan Ping Man, Erik van Rossum, Marieke Spreeuwenberg, Luc de Witte",High,Include,"{""HCD_fullcycle"": [""A1 User Involvement: \""The results from the direct observations were used to draft ‘use cases’... These use cases were discussed and they were optimised by a geriatrician, a practitioner nurse, as well as the representatives of the frail older adults, together with four of the researchers.\"" - Methods, Step 1: User requirements"", ""A2 Iteration: \""These processes were repeated several times.\"" and \""An iterative process of modifications and optimisation resulted in an interactive software concept...\"" - Methods, Step 2: Development of the prototype platform; Results"", ""A3 Lifecycle (Understanding/Ideation/Prototyping/Evaluation): \""direct observations (N = 3) and interviews (N = 14) were performed\"" (understanding users); \""The results from the direct observations were used to draft ‘use cases'... The final use cases were converted into user requirements\"" (ideation); \""two companies... modified the platform, based upon the user requirements\"" (prototyping); \""A total of 73 older adults were invited to test a prototype of the OCC-platform during 6 months, which comprised of two phases: (1) a training phase; and (2) a testing phase.\"" (evaluation) - Methods, Steps 1-3""], ""TASKS_elements"": [""\""The development of the previously described OCC-prototype-platform resulted in considerably more time and energy than expected. In order to ensure a tangible involvement of health care providers... several visits and a lot of persuading was necessary. In the end, it took us half a year to persuade the health care providers to provide information content for the OCC-platform.\"" - Results/Discussion - Why it shows a designer barrier: indicates a time/resource constraint and difficulties engaging health care providers that delayed obtaining necessary content and required extra effort by the design team."", ""\""Of the 73 approached candidates, 55 older adults were included in the testing study. Eventually, 33 of them finished the entire monitoring period of 6 months. Eventually 22 participants withdrew from the study due to hospitalisation, or because they found participation in the study too time consuming.\"" - Results, Testing the OCC-prototype-platform - Why it shows a designer barrier: participant drop-outs reduced available data and completion rates, limiting designers' evaluation data and affecting the testing phase."", ""\""Eight participants did not have a computer or an Internet connection. These were made available to them, free of charge.\"" - Results, Testing the OCC-prototype-platform - Why it shows a designer barrier: lack of participant access to required resources forced the team to provide hardware/connectivity, indicating recruitment/resource constraints that impacted implementation.""]}",,Willard et al. - 2018 - Development and testing of an online community care platform for frail older adults in the Netherlan.txt,"Condition A: satisfied - Evidence shows active user involvement in requirement gathering and feedback, explicit repeated iterations, and full lifecycle activities (user understanding, use-case ideation, prototype development, and multi-week user evaluation).; Condition B: satisfied - The paper reports designer-facing constraints: substantial extra time/energy to secure content from health providers, participant drop-outs reducing evaluation sample, and needing to supply computers/internet to participants.; Final rationale: The study documents a full user-centred design cycle with iterative modifications and concrete designer-centered barriers that affected development and testing; therefore it meets both Condition A and Condition B and is included.",Development and testing of an online community care platform for frail older adults in the Netherlands: a user-centred design
"Christophe Wille, Ine De Clerck, Geert Van Hove, Jos Van Loon, Dominique Van de Velde, Patricia De Vriendt",Medium,Include,"{""HCD_fullcycle"": [""A1 User Involvement: \""The DSPs are seen as the end users because PID are dependent on their quality of care and support... The PID, as well as the DSP, were involved in the overall design of the study.\"" - Methods (End users / Patient and public involvement)"", ""A2 Iteration: \""This fast way of asking for feedback is essential and inherent to HCD. 'You’ll keep iterating, refining, and building until you’re ready to get your solution out into the world'\"" - Phase 2: ideation"", ""A3 Lifecycle (Understanding/Ideation/Prototyping/Evaluation): \""Phase 1: inspiration... participatory observations, combined with in-depth interviews...\""; \""Phase 2: ideation... a World Cafe... guided brainstorm... building prototypes in cocreation sessions (2C)\""; \""Phase 3: implementation... 'live prototype'... pilot... living labs... a realist evaluation (RE) is chosen\"" - Methods (Phase 1, Phase 2, Phase 3)""], ""TASKS_elements"": [""\""Cocreation with people with intellectual disabilities is challenging and required accessible cocreation tools and specific support.\"" - Strengths and limitations - [Why it shows a designer barrier: indicates designers must adapt methods, tools and provide specific support to enable participation, constraining the design process]"", ""\""Sample sizes are difficult to determine as there are no exact numbers of direct support professionals working in day care facilities.\"" - Strengths and limitations / Methods (Phase 1B) - [Why it shows a designer barrier: this uncertainty affects the research team's ability to plan and execute the quantitative survey and recruitment, limiting design-phase data collection and sampling decisions]"", ""\""Working with PID in research can be challenging and asks for accessible cocreation tools... a solid 'architecture of involvement' is needed and preplanning and training of PID is essential to avoid tokenistic involvement.\"" - Phase 3: implementation - [Why it shows a designer barrier: designers must invest time and resources in preplanning and training, affecting their capacity and requiring adaptations to standard cocreation workflows]""]}",,Wille et al. - 2022 - Supporting direct support professionals in enabling people with intellectual disabilities to engage.txt,"Condition A: satisfied - The protocol documents active end-user involvement (DSPs and PID), explicit iterative cycles, and all lifecycle stages (understanding via interviews/observations, ideation via World Cafe/brainstorm, prototyping in cocreation sessions, and evaluation via living labs and realist evaluation).; Condition B: satisfied - The manuscript describes concrete constraints that affect the research/design team's ability to carry out design activities (challenges in cocreation with PID requiring special tools/support, inability to determine sample sizes for surveys, need for preplanning/training), which are designer-facing barriers.; Final rationale: All required HCD components are explicitly present and the protocol identifies design-team constraints that would affect how the HCD work is performed; therefore the paper meets inclusion criteria.",Supporting direct support professionals in enabling people with intellectual disabilities to engage in meaningful activities: protocol for the Meaningful Activities 4 All (MA4A) study based on the human-centred design process
"Holly O Witteman, Justin Presseau, Emily Nicholas Angl, Iffat Jokhio, JD Schwalm, Jeremy M Grimshaw, Beth Bosiak, Madhu K Natarajan, Noah M Ivers",High,Include,"{""HCD_fullcycle"": [""A1 User Involvement: \""we conducted user research to develop personas (archetypes of potential users), developed a preliminary prototype using behavior change theory to map behavior change techniques to identified determinants of medication adherence, and conducted 2 design cycles, testing materials via think-aloud and semistructured interviews with a total of 11 users (10 patients who had experienced a heart attack and 1 caregiver).\"" - Methods/Abstract"", ""A2 Iteration: \""we conducted 2 design cycles, testing materials via think-aloud and semistructured interviews... Following each set of user testing sessions, the design team prepared a presentation for the larger research team. The whole team met to discuss usability or other problems identified during user testing sessions, assessing the severity of problems and the feasibility of different ways of addressing such problems and grounding these discussions in the context of other available evidence and the overall study goals.\"" - Methods/Abstract/Analysis and Subsequent Design Changes"", ""A3 Lifecycle (Understanding/Ideation/Prototyping/Evaluation): \""Prior to the design process, we conducted theory-based interviews and surveys with patients who had had a heart attack to identify key determinants of secondary prevention behaviors.\"" (Understanding) \""Designers worked with the research team to develop theme boards to guide the visual design of materials. The design firm also led additional user research... This user research informed the development of personas to guide the design of the content... the designers produced the content and first prototypes of study materials: mailings designed to be sent to patients 1, 2, 5, 8, and 11 months following a heart attack.\"" (Ideation/Prototyping) \""testing materials via think-aloud and semistructured interviews\"" (Evaluation) - Introduction/Methods""], ""TASKS_elements"": [""\""it was out of project scope to tailor images to match gender, age, race, ethnicity, and other characteristics.\"" - Results (Feasibility of Meeting Users’ Expectations) - [Shows a designer constraint: scope limitation prevented tailoring imagery to users, limiting designers' ability to implement a desired design feature]"", ""\""such timing was not technically feasible to implement at scale.\"" - Results (Feasibility of Meeting Users’ Expectations) - [Shows a logistical/technical constraint: designers could not deliver the first booklet at hospital discharge as users requested, limiting design implementation regarding timing]"", ""\""iteratively developing an intervention to the extent we believed would be ideal—including conducting multiple iterative cycles with users beyond a single site—would have left insufficient time to run the cluster randomized controlled trial within the 3 years allocated to the project. We partially addressed this by planning and undertaking rapid iteration and applying design findings from 1 set of evaluations across multiple mailings, increasing efficiency.\"" - Results (Feasibility) - [Shows resource/timeline constraint that forced the design team to adapt their iteration strategy]"", ""\""All of our user testing took place at a single site, all in English, and with a small number of participants recruited by a study team member.\"" - Limitations - [Shows participant/sample constraints that affected designers' ability to perform broader, multi-site iterative testing and to confirm thematic saturation]""]}",,Witteman HO - 2017 - Negotiating Tensions Between Theory and Design in the Development of Mailings for People Recovering.txt,"Condition A: satisfied - Clear evidence of active user involvement shaping design (think-aloud and interviews), explicit iterative cycles (2 design cycles, iterative adaptation), and documentation of activities covering understanding (theory-based interviews/surveys), ideation (theme boards, personas, mapping behavior change techniques), prototyping (mailings prototypes), and evaluation (user testing, interviews).; Condition B: satisfied - Multiple documented constraints affected designers' ability to carry out design activities (scope limits on tailoring imagery, technical infeasibility of timing mailings at discharge, timeline/resource limits forcing rapid iteration and single-site testing).; Final rationale: The paper reports a full HCD cycle with iterative, user-centered design and explicit evaluation and documents concrete designer-facing constraints that forced adaptations; therefore it meets both Condition A and Condition B and should be included.",Negotiating Tensions Between Theory and Design in the Development of Mailings for People Recovering From Acute Coronary Syndrome
"Thomas Wollmann, Farhad Abtahi, Aboozar Eghdam, Fernando Seoane, Kaj Lindecrantz, Martin Haag, Sabine Koch",High,Include,"{""HCD_fullcycle"": [""A1 User Involvement: \""Design, development, and evaluation were conducted using a user-centred approach, including context analysis, the design of game principle mock-ups, the selection of game principles through a survey, the design of the game mechanics and GUI mock-up, and icon testing, and the performance of a summative study through user questionnaires and interviews.\"" - Abstract"", ""A2 Iteration: \""Formative evaluations through icon tests, unstructured interviews and theoretic models were conducted to achieve a basic level of usability. ... This method was applied in two iterations, with 10 different participants in each iteration.\"" - Methods, B. Design of the Game Mechanics and Graphical User Interface"", ""A3 Lifecycle (Understanding/Ideation/Prototyping/Evaluation): \""Figure 1 summarises the steps of the user-centred design and usability evaluation of the developed HRV biofeedback game... Popular Android games ... were used as inspiration for the creation of five game concepts. The preferred game concept was selected based on a survey of 20 participants... The evaluated biofeedback game was developed in a user-centred fashion ... Formative evaluations ... and a summative evaluation of the developed game was performed with 11 healthy participants in a controlled setting.\"" - Methods (Context Analysis, Design, Game Development, Study Design) and Abstract""], ""TASKS_elements"": [""\""Four participants withdrew prior to or during the tests. Therefore, the results of the summative evaluation are based on 11 participants.\"" - Methods, E. Study Population - This shows a participant access issue that reduced the achieved sample and thus limited designers' evaluation data."", ""\""During these tests, the HxM BT was used, which is not able to measure respiration, and therefore, the application was not able to provide immediate feedback.\"" - Discussion - This is a technical limitation of the chosen sensor that constrained the designers' ability to provide intended real-time respiratory feedback during design and evaluation."", ""\""The decision to invite more participants into the study than were needed paid off, allowing several data sets to be excluded because of quality issues, thereby elevating the quality of the remaining data sets.\"" - Limitations - Indicates data quality problems occurred that forced exclusion of datasets, impacting the evaluation and designers' usable data.""]}",,Wollmann et al. - 2016 - User Centred Design and Usability Evaluation of a Heart Rate Variability Biofeedback Game.txt,"Condition A: satisfied - The study documents active user involvement (surveys, icon tests, interviews), explicit iterative formative work (icon tests in two iterations, pilot tests and iterative protocol improvements), and shows the full lifecycle (context analysis/ideation of concepts, mock-ups and prototyping, formative and summative user evaluations).; Condition B: satisfied - The manuscript reports designer-facing constraints: participant withdrawals reducing sample size and data, biosignal/data quality issues requiring dataset exclusion, and a technical limitation of the chosen heart-rate sensor (no respiration measurement) that prevented intended immediate feedback.; Final rationale: Both Condition A (complete HCD cycle with user involvement and iteration) and Condition B (documented designer-facing task/constraint evidence) are met based on the provided Methods, Results, Discussion and Limitations text; therefore the paper is included.",User-Centred Design and Usability Evaluation of a Heart Rate Variability Biofeedback Game
"SE Wolpin, B Halpenny, G Whitman, J McReynolds, M Stewart, WB Lober, DL Berry",High,Include,"{""HCD_fullcycle"": [""A1 User Involvement: \""participatory design approaches were used to build and test new features and interfaces for patient/caregiver users.\"" - Abstract; \""We conducted two focus groups with patients and caregivers during April and June 2008.\"" - Methods (Focus groups)"", ""A2 Iteration: \""We implemented seven of these preferences during the iterative design process.\"" - Abstract; \""Participatory design and iterative software development techniques with a user-centered focus was the overall framework.\"" - Methods"", ""A3 Lifecycle (Understanding/Ideation/Prototyping/Evaluation): Understanding: \""Discussion began by asking participants to think about symptoms they may have and what would be helpful in terms of symptom management.\"" - Methods (Focus groups); Ideation: \""Low-fidelity mock-ups (\\\""wireframes\\\"") were prepared to stimulate discussion and feedback from patients.\"" - Methods (Focus groups); Prototyping: \""initial individual sessions were conducted with low-fidelity paper mock-ups, while later sessions used high-fidelity web prototypes.\"" - Methods (Individual usability testing); Evaluation: \""During individual usability testing (n = 8), we were able to identify 65 usability issues ranging from minor user confusion to critical errors that blocked task completion.\"" - Abstract/Results""], ""TASKS_elements"": [""\""We deferred development for some of the preferences due to resource constraints.\"" - Abstract/Results - [Shows resource limits that prevented implementation of planned features, a direct designer constraint impacting development choices]"", ""\""We were unable to implement this fully due to resource constraints but provided links to study related web pages that contain relevant bibliographic references.\"" - Results (Focus groups) - [Shows resource/time constraint limiting designers' ability to implement requested functionality]"", ""\""Compensation was later increased to US$40 gift cards in an effort to increase recruitment rates.\"" - Methods (Participant characteristics/Focus groups) - [Indicates recruitment difficulties that required adaptation by the design/research team and could limit participant involvement for iteration]"", ""\""these five high-fidelity sessions were conducted on the development web server which frequently contained debugging code that resulted in lag times contrary to a typical user experience.\"" - Results/Discussion - [Shows technical/testing server issues that hindered usability testing and affected designers' ability to obtain reliable evaluation data]"", ""\""lag times on the testing server, as well as bugs within the application itself, frequently confounded time-sensitive measurements taken with the PUL.\"" - Limitations/Discussion - [Explicitly describes technical problems that constrained the designers' ability to perform planned quantitative measurements and iterative testing]""]}",,Wolpin S.E. et al. - 2015 - Development and usability testing of a web based cancer symptom and quality of life support interven.txt,"Condition A: satisfied - The study reports active user involvement via focus groups and usability sessions (A1), explicit iterative refinement and statement of iterative development (A2), and evidence of all four lifecycle phases: understanding (focus groups), ideation (mock-ups and extracting preferences), prototyping (low- and high-fidelity prototypes), and evaluation (think-aloud usability tests identifying 65 issues) (A3).; Condition B: satisfied - The paper documents designer-facing constraints including resource/time limitations that deferred features, recruitment challenges prompting increased compensation, and technical/testing-server bugs and lag that impeded usability testing and measurements, all of which affected the design process.; Final rationale: Both the full HCD cycle (A1,A2,A3) and at least one designer-experienced task/constraint (resource limits, recruitment, and technical testing issues) are clearly documented in Methods, Results, Discussion, and Limitations; therefore the paper meets inclusion criteria.",Development and usability testing of a web-based cancer symptom and quality-of-life support intervention
"Ambrose H Wong, Bidisha Nath, Dhruvil Shah, Anusha Kumar, Morgan Brinker, Isaac V Faustino, Michael Boyce, James D Dziura, Rebekah Heckmann, Kimberly A Yonkers, Steven L Bernstein, Karthik Adapa, Richard Andrew Taylor, Polina Ovchinnikova, Terika McCall, Edward R Melnick",High,Exclude,"{""HCD_fullcycle"": [""A1 User Involvement: \""Participants will include potential CDS users, that is, ED physicians, nurses, technicians, as well as patients with lived experience of restraint use for behavioural crisis management during an ED visit.\"" - Methods: Participant recruitment / Abstract"", ""A2 Iteration: \""ED-TREAT will be designed, developed and refined in three phases (P1–P3)... we will conduct formative usability testing... in an iterative fashion... We will make iterative refinements to the prototype until the team reaches consensus that it has reached a threshold level of usability.\"" - Methods: Aim 1 / Phase descriptions"", ""A3 Lifecycle (Understanding/Ideation/Prototyping/Evaluation): \""Phase 1 (P1), we will conduct a needs assessment... in-depth qualitative interviews with staff and patient participants... After identifying crucial user requirements in P1, we will develop an initial low-fidelity prototype for ED-TREAT... Phase 2: usability testing... 'Think Aloud' protocol and simulation sessions... Phase 3: field testing... observational workflow analyses... Aim 2: pilot randomised controlled trial... to evaluate the feasibility, fidelity and bedside acceptability of ED-TREAT.\"" - Methods: Phase 1 / Phase 2 / Phase 3 / Aim 2""], ""TASKS_elements"": []}","No evidence of designer-experienced constraints or task barriers (e.g., resource limits, participant access issues, process/technical problems) in Methods/Results/Discussion/Limitations; Condition B not satisfied.",Wong AH - 2024 - Formative evaluation of an emergency department clinical decision support system for agitation sympt.txt,"Condition A: satisfied - The protocol documents active user involvement (clinicians and patients), explicit iterative refinement across P1–P3, and all four lifecycle phases (needs assessment/understanding, ideation and mockups, prototyping in Epic Playground, and multiple evaluation stages including usability testing, field testing, and a pilot RCT).; Condition B: not satisfied - The provided Methods/Results/Discussion/Limitations text does not report any difficulties or constraints experienced by the designers (no documented resource limits, participant access problems affecting iteration, designer cognitive/skill gaps, or process/technical barriers that forced adaptation).; Final rationale: Although the study protocol clearly describes a full HCD cycle with user involvement and iterative development, there is no evidence in the provided sections that designers encountered or reported task-related barriers or constraints during the design process. Per the review criteria, absence of designer-experienced task evidence requires exclusion.",Formative evaluation of an emergency department clinical decision support system for agitation symptoms: a study protocol
"Matthew Woodward, Mary Dixon-Woods, Wendy Randall, Caroline Walker, Chloe Hughes, Sarah Blackwell, Louise Dewick, Rachna Bahl, Tim Draycott, Cathy Winter, Akbar Ansari, Alison Powell, Janet Willars, Imogen A F Brown, Annabelle Olsson, Natalie Richards, Joann Leeding, Lisa Hinton, Jenni Burt, Giulia Maistrello, Charlotte Davies, Thiscovery Authorship Group, ABC Contributor Group, Jan W van der Scheer",High,Include,"{""HCD_fullcycle"": [""A1 User Involvement: \""We identified individuals with one or more of these forms of expertise or experience using intentional outreach and inclusive methods of recruitment... As detailed in online supplemental file 1, the group included the following: twelve maternity professionals (six midwives and six obstetricians), five maternity service users (representing a range of maternity experiences...), and five other specialists (human factors engineer..., graphic designer..., consensus-building specialist, and two specialists in facilitating patient and public involvement [PPI]).\"" - Step 1: establish a multidisciplinary advisory group"", ""A2 Iteration: \""These alternatives were designed to enable comparison and to prompt discussions with participants about preferences in subsequent think-aloud usability evaluation... The analysis informed a set of co-design activities with advisory group maternity professionals for the next prototype iteration... to reach a professional consensus on which elements of designs 1 and 2 to incorporate in an improved draft prototype ('Design 3')... The group reached a consensus on a single prototype ('Design 4').\"" - Steps 2-4 (develop initial drafts; think-aloud; simulations)"", ""A3 Lifecycle (Understanding/Ideation/Prototyping/Evaluation): \""The movements from pre-design to generative to evaluative co-design phases align with, and are informed by, key user-centred design techniques such as heuristic evaluation (see step 2), think-aloud usability evaluations (see step 3) and simulations (see step 4).\"" - Methods (FRESCO framework description)""], ""TASKS_elements"": [""\""The pandemic conditions in which the case study was conducted imposed some limitations, including the need to adapt established in-person think-aloud methods and conduct of observations.\"" - Limitations of the case study - This shows a designer barrier because pandemic conditions forced adaptation of planned in-person methods, constraining the designers' ability to conduct standard usability observations and likely altering how design activities were performed."", ""\""Ongoing pressures caused by the pandemic also required the use of convenience sampling of units for the simulations and use of clinical simulation laboratories instead of in situ settings in some units, so representativeness was difficult to determine.\"" - Limitations of the case study - This demonstrates a resource/participant-access constraint experienced by the design team: limited availability led to convenience sampling and substitution of planned in situ simulations, which constrained designers' ability to run the intended evaluation protocol and affected representativeness.""]}",,Woodward et al. - 2024 - How to co design a prototype of a clinical practice tool a framework with practical guidance and a c.txt,"Condition A: satisfied - The paper documents active user/stakeholder involvement (advisory group including service users and clinicians), explicit iterative cycles producing Designs 1-4, and application of methods representing understanding, ideation, prototyping, and evaluation (heuristic evaluation, think-aloud, simulations, workshops).; Condition B: satisfied - The authors report designer-facing constraints caused by the pandemic (need to adapt in-person methods, convenience sampling, use of simulation labs), which limited their ability to carry out planned design and evaluation activities.; Final rationale: Both Condition A (full HCD cycle present) and Condition B (designers experienced concrete constraints affecting the design process) are met, so the study is included.",How to co-design a prototype of a clinical practice tool: a framework with practical guidance and a case study
"Prepared by Terri McAninch, CUA, CXA (Design Services | Nemours Center for Health Delivery Innovation); Schlesinger Associates",High,Exclude,"{""HCD_fullcycle"": [""A1 User Involvement: \""As you use the website today, I’d like you to please 'think aloud' as you look at the screens and tell me what’s going through your mind\"" - Specifics about the Process (methods/usability script) [shows user testing involvement but is a usability test rather than co-design or participatory shaping of design]"", ""A2 Iteration: \""For our review today, you will access a website prototype ... the browser back button does not work on this prototype.\"" - TASKS / Specifics about the Process (methods/usability script) [prototype described but no evidence of repeated refinement cycles or multiple rounds of redesign]"", ""A3 Lifecycle (Understanding/Ideation/Prototyping/Evaluation): \""BACKGROUND QUESTIONS (5 minutes) Purpose: Establish rapport; ... help moderator better understand the participant’s past and current situation.\"" AND \""For our review today, you will access a website prototype ...\"" AND \""think aloud\"" tasks and structured evaluation items - Background Questions / TASKS (methods/usability script) [evidence of 'understanding' via background questions, 'prototyping' via prototype use, and 'evaluation' via task-based usability testing; no evidence of an ideation phase (concept generation, workshops) reported]""], ""TASKS_elements"": []}",Condition A not satisfied - does not report a full HCD cycle (only a single-session usability evaluation of a prototype; no evidence of ideation or iterative redesign).,Wysocki T - 2018 - A Web Based Coping Intervention by and for Parents of Very Young Children With Type 1 Diabetes User.txt,"Condition A: not satisfied - The document reports a single-session usability test (background questions, think-aloud, task completion) with use of a prototype, but provides no evidence of ideation activities (no workshops or concept-generation), nor any explicit repeated iteration cycles or multiple rounds of refinement.; Condition B: not satisfied - The provided text does not describe difficulties or constraints experienced by the designers during the project (no statements about resource limits, access issues affecting design, designer cognitive/skill gaps, or process/technical barriers that forced adaptation). The mentions of 'prototype not finished' and 'browser back button does not work' describe the prototype state for testing but do not document designer-facing barriers that affected the design process.; Final rationale: Based solely on the provided Methods/usability script, the study does not meet the required full HCD cycle (missing ideation and iteration evidence) and does not report designer-oriented task/constraint evidence; therefore it must be excluded.","T1D Website Usability Test – MOBILE: A Crowdsourced Social Media Portal for Parents of Very Young Children with Type 1 Diabetes (""The New Normal: A Community of Parents of Young Children with Type 1 Diabetes"")"
"Yang, T.; White, M.; Lipson-Smith, R.; Shannon, M.M.; Latifi, M.",Medium,Include,"{""HCD_fullcycle"": [""A1 User Involvement: \""Pre-define Module: Workshops with researchers, healthcare providers, clinicians, and design team to identify targeted variables and requirements for the specific healthcare environment.\"" - Methods, 2.1 (Pre-define Module)"", ""A1 User Involvement: \""Implementation Module—Eliciting End-User Responses... Forty-four stroke survivors participated... followed by interactive in-VR questions and semi-structured interviews.\"" - Results, 3 (Implementation Module / Participants / Scenario Sessions)"", ""A2 Iteration: \""With all geometries being parametric and adhering to procedural modelling, texturing, and shading techniques, this approach increased the efficiency of modelling design changes and enabled iterative scenario testing, preliminary animation, crowd simulation, and digital model optimization.\"" - Results, 3 (Flexible BIM Module)"", ""A2 Iteration: \""A practice mode was established... Then, the immersive scenario mode...\"" and \""Changes in VR scenarios can be made instantaneously without the need for reconstruction.\"" - Results, 3 (Game Engine Module) and Discussion, 4.3.1"", ""A3 Lifecycle (Understanding/Ideation/Prototyping/Evaluation): \""Understanding users: ...semi-structured interviews... Forty-four stroke survivors participated...\"" - Results, 3 (Participants / Scenario Sessions); \""Ideation: Pre-define Module: Workshops with researchers, healthcare providers, clinicians, and design team to identify targeted variables\"" - Methods, 2.1 (Pre-define Module); \""Prototyping: The flexible BIM module... master BIM file... transferred to the game engine module... formed a Microsoft Windows application\"" - Results, 3 (Flexible BIM Module / Game Engine Module); \""Evaluation: Quantifying Module... Pick-a-Mood Scale (PAMS) and Visual Analogue Scale (VAS) embedded in VR, followed by semi-structured interviews; data were statistically analysed.\"" - Results, 3 (Quantifying Module / Quantitative Analysis)""], ""TASKS_elements"": [""\""The requirement for involving technicians with VR development skills presents a barrier in general design practice.\"" - Discussion, 4.4 Limitations - Why it shows a designer barrier: explicitly indicates a skill/knowledge gap and a practical constraint that affected designers' ability to implement the method in typical practice."", ""\""conducting the study during the COVID-19 pandemic introduced significant challenges in recruiting participants, which in turn impacted our ability to achieve statistically significant results.\"" - Discussion, 4.4 Limitations - Why it shows a designer barrier: recruitment difficulties (participant access issues) limited data collection and affected the designers' ability to obtain sufficient user feedback for robust evaluation."", ""\""The architectural design, modelling, game engine development, and VR aspects of the test case’s approach involved two architects, one of whom also assumed the roles of a BIM engineer and a VR software developer, with a total of 150 h of work by personnel. The total cost, including personnel and hardware in November 2019, was AUD 11,700.\"" - Methods, 2.4 Personnel / 2.3 Hardware and 2019 Costs - Why it shows a designer barrier: demonstrates resource limits (limited personnel, time, and cost) impacting the feasibility and scalability of the design activities.""]}",,Yang et al. - 2024 - Design Decision Support for Healthcare Architecture A VR Integrated Approach for Measuring User Perc.txt,"Condition A: satisfied - The study documents active stakeholder workshops (pre-define module), direct engagement of stroke-survivor participants with embedded in-VR questions and semi-structured interviews (implementation), explicit prototyping (BIM + VR + game engine), and evaluation using PAMS/VAS and interviews. Iteration is supported by procedural modelling enabling iterative scenario testing and use of practice/immersive modes.; Condition B: satisfied - The paper reports concrete designer-facing constraints: need for specialist VR development skills (skill/knowledge gap), recruitment difficulties during COVID-19 that limited data collection (participant access/resource constraint), and explicit personnel/time/cost figures (resource limits). These are described as affecting ability to perform or scale design activities.; Final rationale: Both the full HCD cycle (user involvement, iteration, and all four lifecycle phases) and designer-experienced task/constraint evidence are present in the Methods/Results/Discussion/Limitations. Therefore the study meets the review inclusion criteria.",Design Decision Support for Healthcare Architecture: A VR-Integrated Approach for Measuring User Perception
Kiana W Yau; Tricia S Tang; Matthias Görges; Susan Pinkney; Shazhan Amed,High,Include,"{""HCD_fullcycle"": [""A1 User Involvement: \""Three focus groups (FGs) were conducted using human-centered design and participatory approaches. In FG 1, children (separately) and parents and HCPs (together) participated in sessions on app conceptualization and design.\"" - Methods (Study Design / FG 1)"", ""A2 Iteration: \""On the basis of the feedback collected in the FGs and after rounds of iterative development, a prototype of the Live 5-2-1-0 app was created... A total of 3 sprints were performed. For each sprint, the app developers were given 1 week to develop app features...\"" - Methods (Agile Development) / Results (FG 3)"", ""A3 Lifecycle (Understanding/Ideation/Prototyping/Evaluation): \""The first FG (FG 1) aimed to inform the app’s conceptualization...\"" (understanding users) ; \""Ideation Session... to generate insights from the qualitative data obtained from FG 1 and identify design opportunities.\"" (ideation) ; \""The output of the agile development phase was an app prototype.\"" (prototyping) ; \""Each parent and child pair... was given an iPad preloaded with the app prototype and asked to provide feedback on the prototype’s usability and content by completing and rating the difficulty of 5 tasks...\"" (evaluation/user testing) - Methods (FG1 / Ideation Session / Agile Development / FG3)""], ""TASKS_elements"": [""\""Despite these strengths, our development process also had several limitations, among them the inability to include all features discussed during the FGs owing to limited resources, such as 2-way communication between users and HCPs and remote monitoring of progress by HCPs.\"" - Discussion (Strengths and Limitations) - This indicates resource limitations that prevented designers from implementing discussed features, directly affecting the design activities and feature scope."", ""\""To create an app that closely resembled the overall vision of the participants, the research team, with guidance from the app development team, prioritized features that emerged from the FGs before the agile development phase.\"" - Discussion (Strengths and Limitations) - This shows designers were forced to prioritize and omit features due to constraints, a designer-facing task/resource barrier."", ""\""We had initiated a pilot feasibility study in the General Pediatrics Clinic at BCCH intending to collect data to improve the app further, but it was later halted because of the COVID-19 pandemic.\"" - Discussion (Future Directions) - This indicates an external constraint (pandemic) that halted planned implementation/iteration, affecting designers' ability to continue evaluation and iteration.""]}",,Yau et al. - 2023 - Using Human Centered Design and Cocreation to Create the Live 5 2 1 0 Mobile App to Promote Healthy.txt,"Condition A: satisfied - The study demonstrates active user involvement (multiple co-creation focus groups with children, parents, and HCPs), explicit iterative development (ideation sessions, multiple agile sprints, prototype revisions), and a complete lifecycle (understanding via FG1, ideation sessions, prototyping via agile development and wireframes, and evaluation via FG3 user testing).; Condition B: satisfied - The paper reports designer-facing constraints including limited resources that prevented implementation of discussed features, forced feature prioritization, and a halted pilot due to the COVID-19 pandemic, which affected designers' ability to perform planned design and evaluation activities.; Final rationale: Both Condition A (full HCD cycle present) and Condition B (at least one documented designer-facing task/constraint) are met based on Methods, Results, Discussion, and Limitations; therefore the paper should be included.",Using Human-Centered Design and Cocreation to Create the Live 5-2-1-0 Mobile App to Promote Healthy Behaviors in Children: App Design and Development
"Lynn M. Yee, Karolina Leziak, Jenise Jackson, Angelina Strohbach, Rana Saber, Charlotte M. Niznik, Melissa A. Simon",Medium,Include,"{""HCD_fullcycle"": [""A1 User Involvement: \""During focus groups, participants were presented with an early, minimally functional SweetMama prototype and were instructed to think aloud as they interacted with the prototype.\"" - Methods (Focus Group Conduct)"", ""A2 Iteration: \""Development of the application occurred iteratively such that different participants were not always presented with the same version of the application (ie, prototypes often reflected modifications not featured in prior versions).\"" - Methods (Focus Group Conduct / Overview)"", ""A3 Lifecycle (Understanding/Ideation/Prototyping/Evaluation): \""In prior work we developed a model of barriers to self-care and mitigating factors, which served as a foundation...\"" (understanding users); \""SweetMama features... developed based on established health behavior theories as well as feedback from a prior text message-only phase\"" (ideation/concept); \""participants were presented with an early, minimally functional SweetMama prototype\"" (prototyping); \""This prospective, qualitative study was designed to elicit feedback from patients and healthcare providers regarding usability of the SweetMama prototype... Focus groups lasted 60-75 minutes and were recorded\"" (evaluation) - Methods / Introduction""], ""TASKS_elements"": [""\""For example, one provider noted that users could incur excessive data charges when not using WiFi.\"" - Results - Why it shows a designer barrier: Excessive mobile data usage is a technical/resource constraint that affected the choice of a web-based app and prompted consideration of a standalone app, i.e., it constrained designers' platform decisions and usability for low-income users."", ""\""The sequential nature of investigation means that an additional limitation is that patients did not experience the most up-to-date version of SweetMama\"" - Discussion - Why it shows a designer barrier: The sequential testing workflow limited designers' ability to obtain concurrent feedback on the latest prototypes from both user groups and may have delayed or constrained iterative evaluation cycles.""]}",,Yee et al. - 2021 - Patient and Provider Perspectives on a Novel Mobile Health Intervention for Low Income Pregnant Wome.txt,"Condition A: satisfied - Users actively shaped the design via think-aloud focus groups and feedback was incorporated; explicit iterative refinement occurred; documentation shows prior user understanding, concept development, prototyping, and usability evaluation.; Condition B: satisfied - Multiple designer-facing constraints are reported (technical/data limitations of web-based approach, notification mechanism limitations, and sequential testing limiting exposure to latest prototypes) that affected design decisions and evaluation processes.; Final rationale: The paper documents an active user-centered design process with iteration and the four lifecycle phases (understanding, ideation, prototyping, evaluation) and reports concrete designer-facing constraints that influenced design choices, meeting both Condition A and Condition B.",Patient and Provider Perspectives on a Novel Mobile Health Intervention for Low-Income Pregnant Women With Gestational or Type 2 Diabetes Mellitus
Stephanie Ruth Young; Emily Gardiner Lattie; Andrew B L Berry; Lynn Bui; Greg Joseph Byrne; Julia Noelani Yoshino Benavente; Michael Bass; Richard C Gershon; Michael S Wolf; Cindy J Nowinski,High,Include,"{""HCD_fullcycle"": [""A1 User Involvement: \""we spoke with clinicians and clinic administrators to better understand their existing workflows... We then used the human-centered design approach 'Design Thinking'... individual interviews with older adults... and solicited feedback from a community stakeholder panel (n=11).\"" - Methods / Study Overview"", ""A2 Iteration: \""We iteratively collected and analyzed data from multiple sources...\"" and \""A total of 4 versions of the MyCog Mobile prototype were created and tested...\"" (versions 0-4) - Methods / Prototype Testing; Results / Prototype Testing"", ""A3 Lifecycle (Understanding/Ideation/Prototyping/Evaluation): \""spoke with clinicians and clinic administrators to better understand their existing workflows\"" (Understanding) ; \""we used the human-centered design approach 'Design Thinking'... created user journey maps\"" (Ideation) ; \""developed high-fidelity prototypes... clickable prototype mock-ups made using Figma\"" (Prototyping) ; \""participants... rated the usability on the Simplified System Usability Scale and After-Scenario Questionnaire\"" and reported mean S-SUS=91 (Evaluation) - Methods / Clinician & Administrator Interviews; Methods / Prototype Testing; Results / Prototype Testing""], ""TASKS_elements"": [""\""The MyCog Mobile design process was constrained by some predetermined parameters based on the terms of the supporting research grant. ... the pilot version of MyCog Mobile must be developed for iOS (Apple) devices\"" - Methods / Study Overview - This shows a designer-facing resource/constraint (grant-imposed platform limitation) that forced design and recruitment choices."", ""\""clinicians felt strongly that proctored remote screening would be impractical in existing clinical workflows given the constraints on time and resources within primary care settings.\"" and \""our team chose not to pursue the design and development of costly remote proctoring features such as bidirectional video communication, which would not be viable in practice.\"" - Results / Clinician Interviews; Discussion - This documents a workflow/resource constraint experienced by designers that required adapting the design (omitting proctoring)."", ""\""67% (2/3) of the administrators noted that their current screening process only takes approximately 5 to 10 minutes to complete. Thus, a new screening process must involve very little time and effort on the part of the staff to be compelling.\"" - Results / Clinic Administrator Interviews - This is a practical constraint on designers to minimize staff time and shape system integration."", ""\""we sourced participants through User Interviews, a web-based platform ... which may have created some self-selection bias in the sample of older adults who participated\"" and \""iPhones are among the most expensive smartphone brands, which may have biased the sample toward higher-income participants.\"" - Limitations - These recruitment and platform-access issues affected designers' ability to obtain a representative sample and influenced design/testing decisions."", ""\""many patients will need to find or reset their patient portal passwords or create new accounts, which may present barriers to using the app.\"" - Discussion (MyCog Mobile User Experience Design) - This participant access/credential issue is described as a barrier that designers had to address (eg, proposing open authorization via patient portal).""]}",,Young et al. - 2023 - Remote Cognitive Screening Of Healthy Older Adults for Primary Care With the MyCog Mobile App Iterat.txt,"Condition A: satisfied - Clear evidence of active user involvement (clinicians, administrators, older adults, stakeholder panel), explicit iterative cycles (versions 0-4, 'iteratively collected'), and demonstration of the full lifecycle (understanding via interviews, ideation/user journey mapping, prototyping in Figma/live app, and evaluation via S-SUS and ASQ usability testing).; Condition B: satisfied - Multiple documented designer-facing constraints and difficulties (grant-imposed iOS requirement, clinician workflow/time constraints leading to exclusion of proctoring, admin requirement to minimize staff time and require EHR integration, recruitment/self-selection and participant-access limitations) that forced design decisions and adaptations.; Final rationale: Both Condition A (full HCD cycle) and Condition B (designer-experienced tasks/constraints) are clearly met based on Methods, Results, Discussion, and Limitations; therefore the paper should be included.",Remote Cognitive Screening Of Healthy Older Adults for Primary Care With the MyCog Mobile App: Iterative Design and Usability Evaluation
Karen Young; Ting Xiong; Rachel Lee; Ananya Tina Banerjee; Myles Leslie; Wellam Yu Ko; Quynh Pham,High,Include,"{""HCD_fullcycle"": [""A1 User Involvement: 'Recommendations were applied in real time to create a final prototype that incorporated feedback from each user over the course of usability testing.' - Methods: Step 3: Evaluation"", ""A1 User Involvement: 'Usability testing was performed by 6 user testers, convenience sampled from the pool of 14 survivors and partner-caregivers who participated in the first phase of work as a form of member checking.' - Results: Demographics / Phase 3: Evaluation"", ""A2 Iteration: 'The prototype was iteratively critiqued by a team of researchers and human factors designers to refine the content, user interface, and user experience.' - Methods: Step 2: Design and Development"", ""A2 Iteration: 'The results of each usability test were iteratively analyzed via content analysis. ... Recommendations were applied in real time...' - Methods: Step 3: Evaluation"", ""A3 Lifecycle (Understanding/Ideation/Prototyping/Evaluation): 'To contextualize the potential use of this app, we sought to understand the structures that impact Chinese Canadian PCa survivors’ experiences with follow-up care and virtual care. The results of this phenomenologically informed exploratory-descriptive qualitative study are described elsewhere' (Understanding users) - Methods: Step 1: Ideation and Concept Generation; 'Based on the findings of this formative research, we synthesized a list of design principles (Table 1)' (Ideation) - Methods: Step 1; 'The initial adaptation was iteratively critiqued ... resulting in a new prototype. The prototype was created in Figma ...' (Prototyping) - Methods: Step 2; 'A moderated cognitive walkthrough approach and the think-aloud protocol were used ... Usability testing ...' (Evaluation) - Methods: Step 3""], ""TASKS_elements"": [""'Our sample does not fully represent the Chinese Canadian PCa community, as the heterogeneity of the community makes it difficult to recruit a fully representative sample [42].' - Strengths and Limitations - Why it shows a designer barrier: recruitment/representativeness issues limited the designers' ability to obtain a representative user dataset and thus constrained the design-validation evidence."", ""'User testing did not differentiate between results derived from users who interacted with the app themselves and users who directed a facilitator to perform actions on their behalf.' - Strengths and Limitations - Why it shows a designer barrier: this limitation reduced designers' ability to accurately assess direct user interaction/usability, affecting evaluation quality and iteration decisions."", ""'In situations where the participant was unable to access the prototype on their device, they were asked to state their intended actions using the think-aloud protocol to the facilitator, who completed the action in the prototype on their behalf.' - Methods: Usability Testing - Why it shows a designer barrier: participants' inability to access the prototype constrained direct testing and forced designers to rely on proxy interactions, limiting fidelity of usability data.""]}",,Young et al. - 2024 - User Centered Design and Usability of a Culturally Adapted Virtual Survivorship Care App for Chinese.txt,"Condition A: satisfied - The study documents active user involvement (member checking, think-aloud feedback applied in real time), explicit iterative refinement of the prototype, and evidence of all four lifecycle phases (formative user research, ideation/design principles, prototyping in Figma, and usability evaluation).; Condition B: satisfied - Multiple statements in Methods and Limitations describe participant access and sampling issues that limited designers' ability to collect direct interaction data and obtain a representative sample, constituting designer-facing constraints that affected evaluation and iteration.; Final rationale: The paper reports a complete UCD cycle with iterative user-involved design and evaluation, and it explicitly documents designer-facing task constraints (participant access, recruitment/representativeness, and proxy-facilitated interactions) that impacted the design process; therefore it meets both Condition A and Condition B and is included.",User-Centered Design and Usability of a Culturally Adapted Virtual Survivorship Care App for Chinese Canadian Prostate Cancer Survivors: Qualitative Descriptive Study
Katherine A. Zellner; Aleksandra Sarcevic; Megan A. Krentsa; Travis M. Sullivan; Randall S. Burd,High,Include,"{""HCD_fullcycle"": [""A1 User Involvement: \""we conducted a series of research activities, including interviews, card-sorting workshops, a design survey, and near-live, video-guided simulations.\"" - Section 3 Study Overview"", ""A2 Iteration: \""We began an iterative sketching process for the alert system ... After three rounds of sketching and ideation, we arrived at a grid concept where multiple alerts could be simultaneously displayed through icons.\"" - Section 5.1 The Prototype Alert System: Design Process and System Overview"", ""A3 Lifecycle (Understanding/Ideation/Prototyping/Evaluation): \""First, we interviewed seven clinicians to understand how teams experience delays. ... We then ran five card-sorting workshops with 11 participants ... After prototyping the alert system, we evaluated its perceived usefulness in detecting delays using near-live, video-guided simulations.\"" - Section 3 Study Overview""], ""TASKS_elements"": [""\""Recruiting research participants in this setting is challenging because clinicians have busy schedules and work across multiple units and shifts. The COVID-19 pandemic further exacerbated the recruitment challenges because it led to provider fatigue and patient overload, leaving little time and interest for participation in research.\"" - Section 3.2 Participant Recruitment and Demographics - [Shows resource/participant access constraints that affected recruitment and thus designers' ability to collect user data and iterate broadly]"", ""\""The constraints of the COVID-19 pandemic, limited resources, and recruitment challenges make the real-world simulations unfeasible without first validating the proof of concept.\"" - Section 6.1.1 Experiment Design - [Shows resource and context constraints that prevented designers from conducting live, in-situ evaluations and forced use of lower-fidelity near-live simulations]"", ""\""At our research site, however, the approved IRB protocol does not allow individuals to watch recordings of prior procedures if they did not participate in those events. Instead, we developed a visual prompt based on an actual resuscitation case using timestamps of events, a narrative of the activities, team communications, and illustrations of the trauma bay.\"" - Section 4.1.1 Methods - [Shows a regulatory/ethical constraint that forced a change in user research method (could not use real video), impacting designers' planned evaluation approach]"", ""\""First, the user research components had small sample sizes that limited our ability to evaluate our findings and statistically generalize the results. Second, this study was conducted at one research site and the cultures and practices at other institutions could show different trends.\"" - Section 7 Discussion - [Authors note sample size and single-site limitations that constrained the designers' ability to generalize and validate designs across contexts]""]}",,Zellner K.A. et al. - 2023 - Understanding Delay Awareness and Mitigation Mechanisms through an Iterative Design and Evaluation o.txt,"Condition A: satisfied - The paper documents active user involvement (interviews, card-sorting, survey, simulation), explicit iterative design cycles (iterative sketching and icon redesign informed by survey), and evidence of all four lifecycle phases (understanding via interviews, ideation via sketching/workshops, prototyping the alert grid and icons, and evaluation via survey and near-live simulations).; Condition B: satisfied - Multiple textual statements describe designer-facing constraints (recruitment difficulties, COVID-19 and limited resources preventing live simulations, IRB restrictions on video use, and small sample/single-site limitations) that affected how the researchers conducted design and evaluation activities.; Final rationale: Both the full HCD cycle and designer-experienced task/constraint evidence are explicitly present in the Methods, Results, Discussion, and Limitations; therefore the paper meets inclusion criteria.",Understanding Delay Awareness and Mitigation Mechanisms through an Iterative Design and Evaluation of a Prototype Alert System for Complex Teamwork
Lingling Zhang; Sabarish V Babu; Meenu Jindal; Joel E Williams; Ronald W Gimbel,High,Exclude,"{""HCD_fullcycle"": [""A1 User Involvement: \""the researchers have been working closely with the Patient Engagement Studio (an HF panel of patients and all stakeholders, including patients, family caregivers, physicians, nurses, and other health care providers) at Greenville Health System (GHS) to seek input and feedback on the design, development, and evaluation process.\"" - Methods: Study Design / Participants"", ""A2 Iteration: \""An iterative approach is used to refine iHeartU for patients with HF based on their experience of interacting with this app while aiming for continual patient satisfaction.\"" and \""Iterative usability testing with the improved iHeartU app is conducted and evaluated among patients after their use at home.\"" - Methods: Measures / Follow-Up Phase"", ""A3 Lifecycle (Understanding/Ideation/Prototyping/Evaluation): \""Real-world interactions between physicians and patients were shadowed at the GHS Heart Failure Clinic by the research team and used to enrich the conversation scenarios with the iHeartHelper.\"" (Understanding) ; \""A panel of patients, family caregivers, and health care providers was hosted in the GHS Patient Engagement Studio to provide initial thoughts and suggestions on the preliminary product of iHeartU. A meeting with a group of health care providers ... was also held during the prototype development for advice on the design.\"" (Ideation) ; \""The prototype of the mobile phone app has been produced.\"" (Prototyping) ; \""A mixed method design is used for this study, including several established usability evaluations through surveys, direct observations, interviews, think-aloud protocol, and focus groups... As of September 2018, the preliminary data collection in the intervention phase has been completed.\"" (Evaluation) - Methods / Results""], ""TASKS_elements"": []}",Condition B not satisfied - no evidence of designers' difficulties or constraints experienced during the project,Zhang et al. - 2019 - A Patient Centered Mobile Phone App iHeartU With a Virtual Human Assistant for Self Management of He.txt,"Condition A: satisfied - The manuscript documents active user/stakeholder involvement (Patient Engagement Studio and panels), explicit iterative design/testing, and evidence of all four lifecycle phases (understanding via shadowing and panels, ideation via stakeholder meetings, prototyping of the app, and planned/formative usability evaluation).; Condition B: not satisfied - The provided Methods, Results, Discussion, and Conclusion sections contain no statements describing difficulties, constraints, or barriers that the design team experienced (no resource, recruitment, technical, or process problems reported that affected designers' ability to perform design activities).; Final rationale: Although the study meets the full HCD cycle criteria (Condition A), it fails Condition B because there is no evidence in the provided text of designer-facing tasks, constraints, or problems that forced adaptation; therefore it does not meet inclusion criteria.",A Patient-Centered Mobile Phone App (iHeartU) With a Virtual Human Assistant for Self-Management of Heart Failure: Protocol for a Usability Assessment Study
Miao Zheng; Changlin Yin; Ying Cao; Yonghui Zhang; Kuoliang Zhang; Xiaoqin Zhang; Wei Bian; Lihua Wang,High,Exclude,"{""HCD_fullcycle"": [""A1 User Involvement: \""semistructured interviews with family surrogates, the target users of the DA, who have taken part in RRT decision making for their loved ones... we will observe ICU clinician–family consultations before conducting the face-to-face interviews with surrogates\"" - Methods, Phase 1 (Interviews with surrogate decision-makers)"", ""A2 Iteration: \""User testing will be conducted using mixed-methods approach to support iterative revision of the decision aid... The DA will be revised based on these tests.\"" - Abstract; and \""Based on these findings, ways to improve the DA will be identified. These points will be reviewed by steering committee, which will decide which revisions to implement.\"" - Methods, Phase 2 (alpha testing)"", ""A3 Lifecycle (Understanding/Ideation/Prototyping/Evaluation): \""Understanding users: semistructured interviews with ICU clinicians... and semistructured interviews with family surrogates... observe ICU clinician–family consultations\"" (Methods, Phase 1 - needs assessment); \""Ideation: An opportunity statement exercise is a type of design thinking activity used to gather and explore users’ needs to support digital tool development\"" (Methods, Phase 1 - interviews with surrogate decision-makers); \""Prototyping: ...a paper prototype of the DA will be drafted... the paper prototype will be redrafted and redsigned into a working prototype, which will be an interactive web-based version...\"" (Methods, Phase 1 - Draft: working prototype); \""Evaluation: Phase 2: alpha testing... simulated decision-making... think-aloud... Phase 3: beta testing... a before/after study in RRT decision-making procedures... questionnaires and interviews\"" (Methods, Phase 2 and Phase 3)""], ""TASKS_elements"": []}","Condition B not satisfied - no reported designer-facing difficulties, constraints, or barriers in Methods/Results/Discussion/Limitations that affected designers' ability to perform design activities.",Zheng et al. - 2021 - Development and evaluation of a decision aid for family surrogate decision makers for patients with.txt,"Condition A: satisfied - The protocol describes active user involvement (clinician and surrogate interviews, steering committee with patient representatives), explicit iterative testing and revision (alpha and beta testing with steering committee review), and all four lifecycle phases (user understanding, ideation/design thinking, paper and web prototyping, and simulated and live evaluations).; Condition B: not satisfied - The manuscript (protocol, Methods, Discussion, Limitations) does not report any difficulties, constraints or barriers experienced by the designers during the project (no evidence of resource limits, recruitment or access problems that impeded design activities, cognitive/skill strain on designers, or process/technical integration issues).; Final rationale: Although the study protocol meets the HCD full-cycle criteria, it lacks any reported designer-facing task/constraint evidence required by Condition B; therefore it must be excluded.",Development and evaluation of a decision aid for family surrogate decision-makers for patients with acute kidney injury requiring renal replacement therapy (RRT) in ICUs: a study protocol
"Yushan Zou, Fanke Peng",High,Include,"{""HCD_fullcycle"": [""A1 User Involvement: [In this research, infant babies, parents and caregivers are the key stakeholders interacted with. - Methods and Methodology (2); After designing novel solutions, the stakeholders were asked to select their favorite one from three design solutions and explain their choice. - Results and Discussion, Prototyping (3.3)]"", ""A2 Iteration: [Based on these considerations, the research design phase of this project contains five steps, beginning with the experimental research... The fourth step is feedback and testing... The final step involves rethinking the designs and evaluating the entire process. - Project description (1.2) and Methods (2)]"", ""A3 Lifecycle (Understanding/Ideation/Prototyping/Evaluation): [Understanding: 20 interviews were conducted either face-to-face or virtually via the social media (WeChat). The participants were infant sitters, nurses, parents, and grandparents of infants. - Methods, Semi-structured Interviews (2.1); Ideation: the third step is to develop design performance outcomes called design prototypes. - Project description (1.2); Prototyping: Experimental prototyping in this project involved three types of thermochromic sampling: printing, stitching, and knitting. - Methods, Experimental Prototyping (2.3); Evaluation: The core design team attempted user testing after prototyping, mainly focusing on feedback related to different novel solutions. Stakeholders selected preferences and gave feedback. - Results and Discussion, Prototyping (3.3)]""], ""TASKS_elements"": [""Due to the difficulties communicating with infants, this research mainly conducted interview with parents, grandparents, caregivers and nurses. - Methods and Methodology (2) - [Why it shows a designer barrier: Participant access constraint; designers could not engage infants directly and had to rely on proxy informants, which limited direct user involvement and affected design activities.]"", ""The thermochromic organic colourant mixtures cannot be used directly for coloration, as they do not have any affinity for textiles. Both require microencapsulation. - Results and Discussion, Laboratory Experiments (3.2) - [Why it shows a designer barrier: Process/technical constraint; designers had to adapt fabrication methods (microencapsulation) and conduct additional lab work to make materials usable on textiles, affecting development and prototyping.]"", ""Thermochromic materials used in the textile sector are not properly exploited and experience a responsiveness lag. - Background/Introduction (1.1) - [Why it shows a designer barrier: Technical/material limitation noted by authors that affects the responsiveness and applicability of materials, forcing design adaptations and testing to address performance limitations.]""]}",,Zou and Peng - 2022 - Simultaneously Monitoring System Design for Infants Temperature A Human Centred Design HCD in Fashio.txt,"Condition A: satisfied - The paper documents active stakeholder involvement (semi-structured interviews and post-prototype feedback), explicit iterative steps including feedback and rethinking, and evidence of all four lifecycle phases (user understanding, ideation, prototyping, evaluation).; Condition B: satisfied - The paper reports designer-facing constraints: difficulty communicating with/ accessing infants (forcing proxy interviews) and technical/material challenges (need for microencapsulation, responsiveness lag) that affected the design and fabrication process.; Final rationale: Both Condition A (full HCD cycle) and Condition B (designer-experienced task/constraints) are satisfied based on explicit statements in Methods, Results, and Discussion; therefore the study is included.",Simultaneously Monitoring System Design for Infants’ Temperature: A Human-Centred Design (HCD) in Fashion Practice
