source_json_file,source_text_file,barrier_id,actor,barrier_type,description,justification,reference_excerpt,certainty,note
Addamiano_2024_increasing-access-fertility-preservation.json,Addamiano_2024_increasing-access-fertility-preservation.txt,1,designer,knowledge,"Existing informational brochures had not been previously evaluated and lacked prior feedback from patients and healthcare professionals, leaving gaps in designers' evidence about acceptability and usability.","This knowledge gap limits the designers' ability to manage user understanding, specify user requirements, and to plan effective evaluation and iteration of the materials before wider implementation.","The effectiveness of the brochures created so far has not been tested, and there is no hindsight or feedback from patients or healthcare professionals regarding their acceptability, usability and usefulness.",certain,
Addamiano_2024_increasing-access-fertility-preservation.json,Addamiano_2024_increasing-access-fertility-preservation.txt,2,designer,resource,"Regional variation in the number of cancer centers creates the need for specific regional coordination for data collection, adding logistical complexity for the research team.","This operational constraint hampers designers' ability to understand context of use and to facilitate consistent participant recruitment and data collection across sites, which can impede evaluation and iteration workloads.","The number of cancers centers varies by region, requiring specific regional coordination for data collection.",certain,
Amirabdollahian_2014_development-deployment-hand-wrist-exoske.json,Amirabdollahian_2014_development-deployment-hand-wrist-exoske.txt,1,designer,resource,"The bending (flex) sensors used on the leaf springs could not provide accurate absolute angle measurements and could only resolve large angle deviations (~20°), limiting precise motion sensing.",Limited sensor fidelity constrained the team's ability to accurately measure fine finger joint rotations and therefore impeded understanding of real movement context and reliable evaluation of gesture-based interactions during design iterations.,"The integrated bending sensors in the leaf springs at the ﬁngers are good enough to differentiate between different grasps,36 and can detect small changes of motion, but are only able to resolve between large absolute angle deviations of roughly 20 degrees.37 These limitation are caused not by the mechanism itself, but by the type of bending sensor used: the ﬂexible resistance-based sensors suffer from natural decay in step response that makes it hard to get accurate absolute values from the sensors.",certain,
Amirabdollahian_2014_development-deployment-hand-wrist-exoske.json,Amirabdollahian_2014_development-deployment-hand-wrist-exoske.txt,2,designer,resource,"The passive-actuated orthosis design could not automatically regulate physical assistance, so the system could not implement true 'assist-as-needed' adaptive support.","This hardware constraint forced designers to adopt a software workaround (modulating game speed) rather than implement automatic assistance, limiting their ability to realize therapeutic interaction requirements and to prototype the intended adaptive assistance functionality.","However, the passive device does not allow any automatic regulation of the physical support provided, which is set by the therapist. Hence, the THRI further modulates the task difﬁculty using the speed of the game to prolong interaction time.",certain,
Amirabdollahian_2014_development-deployment-hand-wrist-exoske.json,Amirabdollahian_2014_development-deployment-hand-wrist-exoske.txt,3,interaction,resource,High inter-individual variability in motor symptoms among stroke survivors made gesture recognition and calibration challenging.,"User heterogeneity constrained the researchers' ability to generalise gesture recognition models and complicated calibration and evaluation workflows, hindering management of user understanding and reliable evaluation across diverse users.","One of the major challenges in performing gesture recognition with stroke survivors is the inter-individual variability in motor symptoms. For instance, while normative data about range of motion (ROM) for the upper limb joints is available for healthy subjects,39,40 each patient constitutes a per se case.",certain,
Amirabdollahian_2014_development-deployment-hand-wrist-exoske.json,Amirabdollahian_2014_development-deployment-hand-wrist-exoske.txt,4,interaction,resource,"The calibration procedure did not succeed in all attempts (only ~85–88% success), and calibration durations varied substantially across movements.",Incomplete and time-varying calibration reduced the reliability of gesture detection and therefore limited formative and summative evaluation activities as well as iterative refinement of the THRI and UI based on consistent measurement.,"In a preliminary analysis of the data from seven subjects, we showed that such a procedure was effective in 85% of the attempts (1044 out of 1229 tests) with durations differing across movements of up to 30 s for hand opening.42 ... In total, the calibration procedure has been successful in 88% of the attempts (3791 out of 4298).",certain,
Amirabdollahian_2014_development-deployment-hand-wrist-exoske.json,Amirabdollahian_2014_development-deployment-hand-wrist-exoske.txt,5,interaction,resource,Participant dropouts occurred because users were unable to work with the system due to technical problems or loss of desire to continue.,"These dropouts directly impeded the researchers' ability to conduct summative evaluation and gather sufficient user data, constraining evaluation workloads and user involvement activities.","Among the ﬁrst 12 patients were two dropouts, because of their inability to work with the SCRIPT system due to technical problems, or no desire to work with the SCRIPT system anymore.",certain,
Amos-Lawson_2017_portable-fire-extinguisher.json,Amos-Lawson_2017_portable-fire-extinguisher.txt,1,designer,resource,"Ethical and safety constraints prevented direct testing in real emergency conditions, forcing reliance on theoretical, expert-advice, and controlled simulations.","These constraints limited the team's ability to study real user behaviour under stress, conduct realistic evaluations, and thus manage evolving user understanding and evaluate designs in true contexts of use.","However, when considering the design process for a fire extinguisher, the ethical tenet of safety of research participants had to be at the forefront of the chosen methodology. Therefore, the adopted research methods listed next emphasize theoretical research, advice from professionals, and controlled environments during practical research. In conclusion, this project highlights the importance of a user-centered design process when designing equipment to be used in emergency situations, even though the ethics surrounding fire and fire studies make it difficult to do direct testing and research activities.",certain,
Amos-Lawson_2017_portable-fire-extinguisher.json,Amos-Lawson_2017_portable-fire-extinguisher.txt,2,designer,resource,"The work remained at concept stage without a functioning prototype, preventing rigorous testing, usability trials, and empirical validation of performance parameters.","Lack of a physical prototype constrained the designers' ability to evaluate designs with users, iterate based on observed usability issues, and specify validated requirements (e.g., weight and activation force) for the target demographics.","The next stage in the design process would be to produce a functioning prototype, which would enable further testing and evaluation to confirm that the design is a viable improvement. As the proposed design reached only the concept stage, weight was not calculated, but the initial product evaluation conducted for the redesign indicated a total weight of 2 kg (when full).",certain,
Amos-Lawson_2017_portable-fire-extinguisher.json,Amos-Lawson_2017_portable-fire-extinguisher.txt,3,designer,resource,"Observed maintenance processes and records existed for public buildings but not for private residential dwellings, limiting empirical insight into home-maintenance behaviours.","This contextual/data gap hindered the designers' ability to fully understand the private use and maintenance context of extinguishers, affecting the 'understand context of use' workload and the specification of realistic maintenance-related requirements.","The maintenance checks were thorough, and the records for extinguishers in public environments were extensive. No comparable process exists in private residential dwellings.",certain,
Andersson_2021_human-adapt-supply-chains-digital-soluti.json,Andersson_2021_human-adapt-supply-chains-digital-soluti.txt,1,designer,resource,"The project lacked budget to procure devices, forcing the team to rely only on existing user devices during design and testing.","This financial constraint limited the team's ability to specify device requirements, produce and evaluate prototypes across consistent hardware, and plan realistic deployment scenarios.",It should be noted this project did not include funds for pro- curement of devices so only existing devices could be used.,certain,
Andersson_2021_human-adapt-supply-chains-digital-soluti.json,Andersson_2021_human-adapt-supply-chains-digital-soluti.txt,2,designer,resource,Poor network connectivity and sporadic electricity in the field constrained what digital functionality could be designed and tested.,"Unreliable connectivity and power impeded the team's ability to evaluate digital designs in realistic conditions and required them to change design requirements (e.g., include paper-based tools), limiting iterative digital testing.","Network connectivity was poor, and electricity to charge phones was sporadic.",certain,
Andersson_2021_human-adapt-supply-chains-digital-soluti.json,Andersson_2021_human-adapt-supply-chains-digital-soluti.txt,3,stakeholder,resource,"County governments lacked budgetary capacity to maintain separate software, forcing designers to constrain solutions to be sustainable without county-funded maintenance.","This external funding and capacity limitation constrained specification of system requirements and design options (e.g., must work on personal phones, include paper backups), thus narrowing feasible prototypes and evaluation scenarios.","For the system to be sustainable, it had to be applicable for all CHVs across Kenya; these counties alone do not have the capacity or budget to maintain the software. CHVs would need to use personal phones as procuring devices was not possible; county budgets are limited and maintaining broken or lost devices over the long term was not feasible.",certain,
Andersson_2021_human-adapt-supply-chains-digital-soluti.json,Andersson_2021_human-adapt-supply-chains-digital-soluti.txt,4,stakeholder,knowledge,"HCD requires specialized expertise that individuals working in government settings may not possess, making internal adoption and local leadership of the process difficult.","Limited HCD knowledge among government stakeholders hindered the designers' ability to transfer methods, build local capacity, and coordinate multidisciplinary teams for sustained HCD activities and iterative implementation.","It should be noted that HCD requires specialized expertise to lead the process, and individuals working in governments of low- and middle-income coun- tries may not have these skills. At this time, HCD is a specialized methodology that requires external as- sistance.",certain,
Andersson_2021_human-adapt-supply-chains-digital-soluti.json,Andersson_2021_human-adapt-supply-chains-digital-soluti.txt,5,designer,resource,"The HCD process required substantial up-front time and resources (7 months), which exceeded typical timelines for program design.","The long lead time constrained rapid iteration and increased resource demands on the design team, affecting their ability to integrate feedback quickly and potentially delaying evaluation and implementation activities.","Compared to other pro- gram design approaches, HCD and systems analysis can take a greater time investment up front (in this case it took 7 months). The approach requires significant time before implementation to conduct the research (2 to 3 months), thoroughly under- stand the end users (and establish trust with them), and develop and repeatedly test the design and high-fidelity prototypes of the solutions (2 to 3 months).",certain,
Ankolekar_2019_development-validation-patient-decision.json,Ankolekar_2019_development-validation-patient-decision.txt,1,designer,resource,"The development generated a large volume of qualitative data over a long timeline, imposing heavy analytic and incorporation work on developers.","Processing, analyzing and incorporating >100 hours of interview material over two years directly increased workload and slowed the team's ability to integrate feedback and iterate prototypes, hindering manage user understanding and integrate feedback & iteration workloads.","The development process spanned over two years and involved 58 participants, resulting in > 100 h of interview material and feedback that needed to be processed, analyzed and incorporated in successive rounds.",certain,
Ankolekar_2019_development-validation-patient-decision.json,Ankolekar_2019_development-validation-patient-decision.txt,2,interaction,knowledge,Diverse and conflicting preferences among stakeholders and users made it difficult to reconcile views and reach consensus on design decisions.,"Conflicting feedback (e.g., some users preferring closed navigation while others found it restrictive) impeded the team's ability to specify user requirements and integrate feedback across rounds, limiting iteration and evaluation decisions.","Additionally, engaging many different users provides a variety of perspectives, but can pose a larger challenge to integrate these diverse views and find a consensus, particularly in the area of usability testing. For instance, some participants found the PDA’s closed navigation essential to guide the user through the process while others felt it was too restrictive.",certain,
Ankolekar_2019_development-validation-patient-decision.json,Ankolekar_2019_development-validation-patient-decision.txt,3,designer,knowledge,"There was limited guidance on how to adapt decision aids for elderly users, leaving designers without clear evidence-based methods for this target group.",A lack of established guidance on designing for older audiences constrained the team's ability to fully understand the context of use and specify appropriate requirements for usability and accessibility for elderly patients.,"Moreover, there is little guidance on how to adapt PDAs for an older audience, leading the reviewers to emphasize the importance of proper design and testing. Visual support in the form of diagrams and animations is considered particularly beneficial.",certain,
Ankolekar_2019_development-validation-patient-decision.json,Ankolekar_2019_development-validation-patient-decision.txt,4,stakeholder,resource,"No established governance or maintenance structure existed to keep the PDA technologically and scientifically up-to-date, requiring ongoing collaboration that was not yet organized.","The absence of a governance structure and agreed maintenance responsibilities limits the designers' ability to sustain iterative updates, coordinate multidisciplinary actors, and manage evolving user understanding over time.","It is important to ensure that a PDA stays up-to-date on current developments and new therapies, which requires developers and clinicians to collaborate continuously. Therefore, it may be valuable to establish a governance structure within the hospital for maintaining the PDA and collecting and analyzing data about its effectiveness to be shared with clinicians and the wider medical community to create awareness.",certain,
Anraad_2024_promoting-informed-decision-making-about.json,Anraad_2024_promoting-informed-decision-making-about.txt,1,designer,resource,"The COVID-19 pandemic and social-distancing measures prevented Centering Pregnancy (CP) group-care from taking place, blocking inclusion of CP in the large-scale trial.","This external constraint directly hindered the designers' ability to evaluate the CP intervention in a planned large-scale trial, impeding the 'evaluate designs' workload and limiting real-world testing and iteration.","However, due to the COVID-19 pandemic and the associated social-distancing measured in place at the time of the data collection, CP group-care could not safely take place and could therefore not be included in the large-scale trial.",certain,
Anraad_2024_promoting-informed-decision-making-about.json,Anraad_2024_promoting-informed-decision-making-about.txt,2,designer,resource,"CP care was only offered in a limited number of clinics, preventing random assignment of midwifery clinics to CP or control conditions.","This operational constraint limited the designers' ability to use the intended semi-randomized design for evaluation, constraining the 'evaluate designs' workload and robust testing of the CP intervention.","We planned to use a semi-randomized design because participating midwifery clinics could not be randomly assigned to the CP or control condition, as CP care is only offered in a limited number of clinics.",certain,
Anraad_2024_promoting-informed-decision-making-about.json,Anraad_2024_promoting-informed-decision-making-about.txt,3,designer,resource,The development pre-tests used small sample sizes that were insufficient to evaluate effectiveness or support broad generalizability of findings.,"Small sample sizes constrained the designers' ability to generalize user insights and to robustly assess intervention outcomes, limiting the 'manage user understanding' and 'evaluate designs' workloads.",The small sample sizes in this study do not serve to evaluate the effectiveness of the intervention. They merely served to improve the intervention during the development process.,certain,
Anraad_2024_promoting-informed-decision-making-about.json,Anraad_2024_promoting-informed-decision-making-about.txt,4,stakeholder,emotional,Midwives' personal attitudes toward vaccination vary and some who are critical may be less inclined to follow the training.,"Because midwives are key facilitators of CP, their attitudes and potential reluctance to adopt training can undermine implementation fidelity and the designers' ability to facilitate user involvement and coordinate multidisciplinary delivery.",Midwives play an important role as facilitators in the CP intervention. ... midwives who are critical of vaccination may be less inclined to follow the training.,certain,
Anraad_2024_promoting-informed-decision-making-about.json,Anraad_2024_promoting-informed-decision-making-about.txt,5,designer,resource,Reaching at-risk populations (low health literacy and low SES) with online interventions is more challenging.,"This limitation impeded the designers' ability to ensure inclusive user involvement and manage understanding for all target subgroups, affecting 'manage user understanding' and 'facilitate user involvement' workloads and motivating the parallel development of a non-online CP intervention.","However, even though online interventions can be effective, the reach of at-risk populations (i.e., those with low (health) literacy and socio-economic status) is more challenging (23, 24).",certain,
Ansari-Martin_2024_integrating-human-public-health-data-das.json,Ansari-Martin_2024_integrating-human-public-health-data-das.txt,1,stakeholder,resource,"Public health staff were extremely busy during the COVID-19 pandemic, forcing the team to abandon traditional, resource-intensive HCD methods and adopt pragmatic alternatives (e.g., reviewing existing dashboards, virtual meetings).","Limited availability of stakeholder staff constrained the designers' ability to conduct contextual inquiry and extended domain workshops, hindering the workloads of managing user understanding, facilitating user involvement, and understanding context of use.","First, traditional human-centered design methods were modified to be more pragmatic, which was critical during the COVID-19 pandemic ... when public health staff were incredibly busy. The pragmatic modifications included learning from existing data dashboards instead of starting from scratch and conducting virtual meetings instead of observing user behavior in their workplace.",certain,
Ansari-Martin_2024_integrating-human-public-health-data-das.json,Ansari-Martin_2024_integrating-human-public-health-data-das.txt,2,stakeholder,resource,Sensitive data and confidential workspaces prevented the research team from gaining security clearances to observe users in their workplace.,"Restricted access to users' workplace interactions directly prevented contextual inquiry, reducing designers' ability to understand the real context of use and gather rich, in-situ user insights needed for specifying requirements and producing solutions.","Both were impractical in our context, between staff being diverted to the COVID-19 response (thereby severely constraining their time) and staff working in confidential spaces due to the sensitive data (thereby making it difficult for a researcher team to gain security clearances to observe workflows directly).",certain,
Ansari-Martin_2024_integrating-human-public-health-data-das.json,Ansari-Martin_2024_integrating-human-public-health-data-das.txt,3,designer,resource,"Conducting virtual meetings limited the types of observational data the team could collect (for example, eye movements and facial expressions).","The loss of rich observational cues hindered the designers' ability to fully evaluate user interactions and read nonverbal signals during usability testing, constraining the evaluation and manage user understanding workloads and limiting fidelity of feedback for iteration.","Our virtual meetings in Steps 3 and 4 may have been limited compared to the traditional methods because the data collection was not in the users’ work environment, and we could not collect some potentially useful data such as eye movements or facial expressions.",certain,
Ansari-Martin_2024_integrating-human-public-health-data-das.json,Ansari-Martin_2024_integrating-human-public-health-data-das.txt,4,interaction,knowledge,"Participant recruitment relied on practitioners already closely connected to the AIDS Institute who were knowledgeable about STIs but had limited prior experience with data dashboards, and evaluators/participants may not reflect all stakeholder opinions.","This sampling approach limited the diversity and representativeness of user perspectives available to designers, constraining their ability to manage user understanding, specify requirements for different user types, and ensure designs meet needs of all stakeholder groups.","we recruited participants from practitioners who already had close relationships with the AIDS Institute as community-based public health champions... these participants were knowledgeable about STIs but most of them had little previous experience with data dashboards... although the evaluators and participants comprised diverse groups, their opinions may not reflect all stakeholders’ opinions.",certain,
Ansari-Martin_2024_integrating-human-public-health-data-das.json,Ansari-Martin_2024_integrating-human-public-health-data-das.txt,5,stakeholder,resource,State government 'executive clearance' requirements mandated that the final dashboard be hosted on an external organization's website and that each website update be reviewed before public release.,"This external governance and approval constraint limited designers' deployment options and could slow or complicate iterative releases and rapid integration of feedback, thereby hindering integrate feedback & iteration and coordination with stakeholders.",Another finding was that the final data dashboard would need to be hosted on an external organization’s website due to state government agency “executive clearance” requirements that each website update be reviewed and approved before release to the public.,certain,
Arigo_2022_development-initial-testing-personalized.json,Arigo_2022_development-initial-testing-personalized.txt,1,team,knowledge,"Behavioral and computer science team members had gaps in shared domain knowledge and assumptions, leaving important navigation rules and edge cases unspecified.","This lack of shared technical and domain knowledge hindered coordination of the multidisciplinary team and prevented complete specification of user requirements, forcing later rework and limiting efficient iteration and integration of feedback.","potentially important navigation rules were left unspecified (ie, use of the web browser’s back button, entry of spaces, or nonlanguage text as open-ended responses). These and similar oversights may be owing to behavioral scientists’ implicit assumptions and lack of familiarity with the problems that such errors can cause, and thus, failing to specify all desired rules ahead of time.",certain,
Arigo_2022_development-initial-testing-personalized.json,Arigo_2022_development-initial-testing-personalized.txt,2,team,knowledge,"Key technical specification steps were skipped during the build (eg, tagging peer profiles with age indicators and preventing nonlanguage responses), and were postponed as substantial revisions.","Omitting these specification details directly impeded the team's ability to produce correct design solutions and to fully evaluate the prototype with intended data structures, delaying iteration and subsequent user testing.","The application specifications did not include procedures for preventing nonlanguage text responses to the open-ended questions. In contrast, the peer profiles were intended to be tagged with age indicators (similar to peer images), but this step was skipped in the build process... As the latter two issues were deemed substantial revisions, they were noted and postponed until a future round of substantive updates.",certain,
Arigo_2022_development-initial-testing-personalized.json,Arigo_2022_development-initial-testing-personalized.txt,3,stakeholder,resource,Lengthy and complex IRB and institutional permission processes (including server-hosting permissions) delayed development and testing.,"Regulatory and institutional constraints consumed time and required additional communication, which hindered the team's ability to iterate quickly, schedule testing, and maintain momentum for user-centered activities.",we encountered difficulties regarding questions about permissions for server housing and IRB questions about the collection of protected health information via the new web application. The process of effectively communicating this to the IRB and securing permission to house the web application on a commercial server was lengthy and involved. This was one of the several delays in the large process of web application development and testing that contributed to the extension of the project time line.,certain,
Arigo_2022_development-initial-testing-personalized.json,Arigo_2022_development-initial-testing-personalized.txt,4,designer,resource,"Limited financial and personnel resources for formative-stage work constrained activities such as recording interviews, multiple raters, and more robust evaluation procedures.","Resource scarcity prevented the team from implementing stronger evaluation practices and from protecting team members' time, thereby limiting the rigor of data collection, the ability to triangulate findings, and the quality of user understanding.","In future studies, it would be ideal to record interviews and have multiple raters use a standard set of guidelines. However, it is important to note that these procedures may not be possible at formative study stages owing to limited financial support to protect team members’ time for such activities. Relative to the resources available for later stages of the process... research funding for the formative stages of tool development is often much more modest.",certain,
Arigo_2022_development-initial-testing-personalized.json,Arigo_2022_development-initial-testing-personalized.txt,5,designer,resource,"All participant interviews and feedback sessions were conducted by the principal investigator, raising risks of social desirability and confirmation bias.",Centralizing data collection in one investigator—driven by available resources and staffing choices—limited the team's ability to manage user understanding objectively and reduced methodological rigor during evaluation.,"All data collection processes and feedback sessions with women in midlife were conducted by the first author (DA), who is the principal investigator of the project. Knowing that they were speaking to the project director may have heightened the participants’ social desirability or self-presentation behaviors. The first author’s direct involvement can also enable confirmation bias regarding the conclusions drawn.",certain,
Arigo_2022_development-initial-testing-personalized.json,Arigo_2022_development-initial-testing-personalized.txt,6,designer,resource,"The COVID-19 pandemic redirected investigator time and priorities, causing additional delays in development and testing.","This external disruption reduced available staff time and slowed iteration and coordination, constraining the team's ability to conduct planned user-centered activities and maintain the development timeline.","The onset of the COVID-19 pandemic was the cause of another delay, as part of the investigators’ research time was redirected to other professional and personal responsibilities.",certain,
Arrivillaga_2020_innovative-prototypes-cervical-cancer-pr.json,Arrivillaga_2020_innovative-prototypes-cervical-cancer-pr.txt,1,designer,resource,"Designers faced resource constraints (funding, space, coordination) that limit the feasibility of implementing prototypes at scale.","Lack of funding, physical spaces and coordination capacity prevents designers from refining, scaling and evaluating prototypes in real service settings, hindering production of design solutions and iterative testing.","Issues like manicure funding, the provision of physical spaces in waiting rooms, and the coordination of waiting times with medical care should be reviewed.",certain,
Arrivillaga_2020_innovative-prototypes-cervical-cancer-pr.json,Arrivillaga_2020_innovative-prototypes-cervical-cancer-pr.txt,2,stakeholder,resource,"Healthcare centers lacked capacity to absorb demand induced by the 'Encanto' prototype, constraining designers' ability to test real-world uptake.","If health centers cannot schedule Pap test appointments in a timely manner, designers cannot validly evaluate uptake or iteratively improve the experience based on real attendance data, hindering evaluation and facilitation of user involvement.","Finally, due to the appeal of the service, the healthcare center must attend to the demand induced by ‘Encanto’ and schedule Pap test appointments in a timely manner.",certain,
Arrivillaga_2020_innovative-prototypes-cervical-cancer-pr.json,Arrivillaga_2020_innovative-prototypes-cervical-cancer-pr.txt,3,interaction,knowledge,"Older women had difficulty handling touchscreen tablets, reducing designers' ability to include them in usability testing and interactional evaluation.","Low digital literacy among some participants prevented effective interaction with the app prototype, hindering designers' ability to evaluate designs, understand context of use, and facilitate inclusive user involvement.","The tablet was not an adequate tool for women over 60 years old, who had difficulty handling a touchscreen.",certain,
Arrivillaga_2020_innovative-prototypes-cervical-cancer-pr.json,Arrivillaga_2020_innovative-prototypes-cervical-cancer-pr.txt,4,interaction,resource,"Beacon-delivered messages produced notifications but resulted in few users effectively accessing the linked video, limiting outreach effectiveness.","Low effective access to the video via Beacons prevented designers from reaching and testing with target users in their contexts, constraining evaluation of the media-based prototype and its iterations.","After analyzing the data, it was determined that, although there were 297 message notifications in the targeted cellphones, few people had effective access to the video.",certain,
Arrivillaga_2020_innovative-prototypes-cervical-cancer-pr.json,Arrivillaga_2020_innovative-prototypes-cervical-cancer-pr.txt,5,stakeholder,resource,"The project lacked a follow-up mechanism and interoperable information systems to link outreach messages to clinic visits, limiting outcome evaluation.","Without systems to identify which women were reached and whether they subsequently attended clinics, designers cannot measure effectiveness or integrate feedback for the media strategy, hindering evaluation and management of user understanding.","in order to value the effectiveness of the media-based strategy, a follow-up mechanism must be included that can identify the women outreached with this technology and, subsequently those who visited primary healthcare centers to take a Pap test.",certain,
Arrivillaga_2020_innovative-prototypes-cervical-cancer-pr.json,Arrivillaga_2020_innovative-prototypes-cervical-cancer-pr.txt,6,designer,resource,The Citobot required further hardware modifications and additional clinical and AI development before it could match existing devices and be validated.,"Technical limitations (narrower viewing angle) and the need for AI algorithm development and clinical validation prevented designers from finalizing the device and fully evaluating its performance in context, hindering production of robust design solutions and evaluation.","However, the speculum’s viewing angle was greater than that of the Citobot, so this device requires further modifications in hardware development. ... In subsequent studies, we will advance clinical research to determine the acceptability, reproducibility, sensitivity, and specificity, concordance with cytology, and predictive capacity of the Citobot. At the same time, we will develop the machine learning algorithms of the AI incorporated into this medical device.",certain,
Asadipour_2020_technology-aided-multi-modal-training-ap.json,Asadipour_2020_technology-aided-multi-modal-training-ap.txt,1,designer,resource,"There were no suitable off-the-shelf measurement interfaces, and budget and time constraints forced the team to develop an early prototype in-house.","Lack of available hardware and limited funding/time constrained the team's ability to procure existing tools, increasing workload for producing design solutions and slowing iteration and evaluation activities.","Design of an early prototype for palpation training was planned due to a lack of available oﬀ-the-shelf measurement interfaces with the ﬂexibility required for this study. Moreover, additional factors such as budget restrictions and time commitments were inﬂuential in making this decision.",certain,
Asadipour_2020_technology-aided-multi-modal-training-ap.json,Asadipour_2020_technology-aided-multi-modal-training-ap.txt,2,interaction,resource,"End users were not available for early evaluation, so proxies (colleagues) were used instead to run Cognitive Walkthroughs.","Unavailability of real end-users limited authentic user involvement and evaluation, reducing the team's ability to manage evolving user understanding and to integrate user feedback effectively in early iterations.","Cognitive Walkthrough was used to evaluate the early prototype, when an end-user is not available with the help of proxies (e.g. fellow colleagues) to ensure it complies with the domain principles which were extracted via literature reviews and process observations.",certain,
Asadipour_2020_technology-aided-multi-modal-training-ap.json,Asadipour_2020_technology-aided-multi-modal-training-ap.txt,3,designer,resource,"Ethnographic field methods were considered infeasible because they are costly and time-consuming, preventing long-term embedded observations.",The inability to perform extended ethnographic studies limited the team's capacity to deeply understand real training contexts and constrained the 'understand context of use' and 'manage user understanding' workloads.,"ethnography (or ﬁeld study) is one of the most eﬀective methods in ergonomics studies to determine challenges and collect information about conventional practice. However, it is a costly and time consuming method in which the investigator is physically involved/embedded in the whole training programme (in medical school) for long-term investigations.",certain,
Asadipour_2020_technology-aided-multi-modal-training-ap.json,Asadipour_2020_technology-aided-multi-modal-training-ap.txt,4,interaction,resource,"Only four senior clinical tutors were involved in developing the ground-truth model, and the authors state more expert collaboration was required.","Limited expert participation constrained the team's ability to produce a robust, generalisable best-practice model and hindered specifying reliable user requirements and validating assessment criteria.",Four senior clinical tutors were involved in order to develop a ground theory in a limited timeframe and more collaboration from experts are required to improve eﬃciency and reliability of the proposed approach.,certain,
Asadipour_2020_technology-aided-multi-modal-training-ap.json,Asadipour_2020_technology-aided-multi-modal-training-ap.txt,5,interaction,resource,"Recruitment difficulties and participant withdrawals reduced representation across body types and genders (e.g., no large female volunteers; a male withdrew prior to data collection).","Restricted access to diverse actor patients limited the team's ability to understand context-of-use variability and to create an averaged anatomy model, hindering evaluation and generalisability of findings.","It was diﬃcult to ﬁnd a female participant in the Large category as no one within that category volunteered and it was deemed unethical to ask individuals directly. Just prior to the start of the data collection, the male participant in the medium body category withdrew.",certain,
Asadipour_2020_technology-aided-multi-modal-training-ap.json,Asadipour_2020_technology-aided-multi-modal-training-ap.txt,6,stakeholder,resource,"Institutional permissions limited changes to room layout, restricting where the TFT display could be placed during experiments.","Restricted room/setting permissions prevented designing ideal real-world evaluation setups and constrained evaluation and user involvement practices (e.g., positioning feedback displays close to patients), reducing ecological validity of tests.",The investigator had limited permissions to change the room settings to position the TFT display next to the patient’s face.,certain,
Asadipour_2020_technology-aided-multi-modal-training-ap.json,Asadipour_2020_technology-aided-multi-modal-training-ap.txt,7,designer,resource,"Current sensing and multimodal visualisation technologies are not yet sufficiently advanced or robust, requiring further research to achieve reliable quantification.","Technical limitations of sensors and displays constrained the fidelity of prototypes and the team's ability to produce high‑fidelity solutions and fully evaluate them, impacting iteration and implementation planning.","Measuring the human ergonomics demands advancement in sensory technologies and multimodal visualisation displays. Thus, more research is needed in this domain to guide future researchers and developers towards robust and reliable quantiﬁcation techniques.",certain,
Asadipour_2020_technology-aided-multi-modal-training-ap.json,Asadipour_2020_technology-aided-multi-modal-training-ap.txt,8,interaction,resource,"Physical design issues were reported by participants (glove size for small hands, left‑handedness, and exposure of electronics to patient skin), indicating the prototype did not fully meet diverse user requirements.","These usability and safety concerns limited the team's ability to satisfy user requirements and produce an unintrusive, inclusive design, thereby constraining further iteration and wider user testing.","In particular, the following concerns raised among the answers; Paying attention to the patient’s face during familiarisation stage, glove size for small hands and left handedness, exposure of the electronics to patient’s skin.",certain,
Azad_2024_developing-multimedia-patient-reported-o.json,Azad_2024_developing-multimedia-patient-reported-o.txt,1,designer,knowledge,"The research team did not record reasons for non-participation or characteristics of non-participants, leaving gaps in understanding who was excluded from study phases.",Lack of data on non-participants limited the designers' ability to manage user understanding and to ensure representative recruitment for HCD activities (understand context of use and facilitate user involvement).,Reasons for non-participation and characteristics of the non-participant cohort were not recorded.,certain,
Azad_2024_developing-multimedia-patient-reported-o.json,Azad_2024_developing-multimedia-patient-reported-o.txt,2,stakeholder,resource,"The community advisory board (CAB) comprised only eight members, so community input beyond those directly associated with the study came from a relatively small number of individuals.",Limited stakeholder representation constrained the designers' ability to manage evolving community understanding and to facilitate broader user involvement during planning and feedback phases.,"Additionally, our community advisory board included only eight members, so our community input beyond those directly associated with the study came from a relatively small number of individuals.",certain,
Azad_2024_developing-multimedia-patient-reported-o.json,Azad_2024_developing-multimedia-patient-reported-o.txt,3,designer,knowledge,"The study focused recruitment on variation in print literacy and excluded patients with cognitive disabilities or poor English proficiency, potentially missing important perspectives.","Excluding these groups reduced the designers' ability to fully understand the range of user needs and contexts of use, limiting requirement specification and inclusive design decisions.","For example, patients with cognitive disabilities or with poor English proficiency may have perspectives that differ from the broader low print literacy population.  ...  we chose to focus our recruitment strategy on ensuring variation in print literacy levels.",certain,
Azad_2024_developing-multimedia-patient-reported-o.json,Azad_2024_developing-multimedia-patient-reported-o.txt,4,interaction,resource,Patients did not participate directly in the ideation workshop; designers relied on patient quotes and suggestions instead of real-time co-creation.,"Absence of direct patient participation limited facilitation of user involvement and constrained real-time integration of user feedback during ideation, affecting iteration and solution generation.","Although patients did not participate in the ideation workshop, we engaged co-creation and participatory processes [58, 59] by incorporating direct patient quotes and patient suggestions into the discussion.",certain,
Baca_2007_ezhpc-adopting-program-wide-approach-ezh.json,Baca_2007_ezhpc-adopting-program-wide-approach-ezh.txt,1,designer,knowledge,"The original interface was created by an experienced programming team that lacked usability training, producing design decisions not grounded in usability practice.","Designers' lack of usability knowledge hindered their ability to produce user-centered design solutions and required the HCD team to expend effort correcting foundational interface choices, affecting specification of requirements and iterative design work.","This interface was designed by a skilled, experienced programming team, though untrained in usability.",certain,
Baca_2007_ezhpc-adopting-program-wide-approach-ezh.json,Baca_2007_ezhpc-adopting-program-wide-approach-ezh.txt,2,interaction,resource,Heterogeneous user perspectives and split questionnaire ratings produced ambiguous feedback that demanded additional analysis to interpret.,"Ambiguous and split user feedback increased the analytic burden on designers, impeding timely integration of feedback and iteration and complicating the specification of clear user requirements and priorities.","each from different agencies with somewhat differing user cultures; e.g., some involved the use of more students than others. Split ratings often indicate problem areas, but require more analysis of user comments than more consistent ratings.",certain,
Ballester_2021_mobile-electronic-health-record-connecte.json,Ballester_2021_mobile-electronic-health-record-connecte.txt,1,stakeholder,resource,"Limitations of the incumbent and planned EHRs prevented building the mobile, paperless workflow inside the EHR and forced the team to develop an external, interoperable application.","EHR platform constraints limited the designers' ability to produce and iterate design solutions within the primary clinical system, hindering rapid development, integration, and evaluation workflows.","Our decision to build the application alongside (rather than within) the main EHR was largely motivated by our requirement of supporting a mobile, paperless handoff and rounding workflow. This was not possible within our EHR at the time (Allscripts) nor within the EHR our health system planned to implement shortly thereafter (Epic). Moreover, our team needed a platform that enabled rapid development with frequent iterations, which is often not feasible in a large, foundational application such as the EHR of a large health system.",certain,
Ballester_2021_mobile-electronic-health-record-connecte.json,Ballester_2021_mobile-electronic-health-record-connecte.txt,2,interaction,resource,An external electronic survey used during pilot phases was poorly utilized and created challenges for the development team to respond in a timely manner.,"Poor uptake of the initial feedback channel hindered the designers' ability to manage user understanding and integrate feedback and iteration rapidly, prompting a change in feedback mechanisms.","During pilot phases, application feedback was provided via an external electronic survey. This was poorly utilized and posed challenges to timely responses for our development team.",certain,
Ballester_2021_mobile-electronic-health-record-connecte.json,Ballester_2021_mobile-electronic-health-record-connecte.txt,3,stakeholder,resource,"Limited availability of mobile devices, battery depletion, and uneven Wi‑Fi/cellular coverage in nonclinical areas constrained real-world mobile use.",Infrastructure and device resource limitations restricted designers' ability to study and support the intended mobile context of use and to evaluate designs under realistic conditions.,"We did encounter challenges to implementing our application, including availability of mobile devices for users and mobile device battery depletion. While Wi-Fi and cellular network coverage within clinical areas was adequate, the use of Carelign on mobile devices while en route to see patients revealed uneven coverage in nonclinical areas (e.g., hallways, staircases, and elevators).",certain,
Ballester_2021_mobile-electronic-health-record-connecte.json,Ballester_2021_mobile-electronic-health-record-connecte.txt,4,interaction,resource,"Replacing paper lists with a mobile tool led to workflow mismatches when clinicians needed to reference lists during concurrent phone calls, forcing workarounds and continued reliance on printouts for some services.","This interactional/workflow constraint prevented designers from fully addressing the holistic experience and from achieving a complete transition to mobile workflows, limiting iterative refinement and adoption testing of pure mobile scenarios.","Replacing paper lists with a mobile tool in some cases led to a workflow mismatch when users needed to reference their lists on their mobile device during a simultaneous phone call. However, when relying only on a mobile device, this occasionally required a workaround such as using a landline or headphones for the phone call, or alternatively keeping a list printout as a backup reference.",certain,
Ballester_2021_mobile-electronic-health-record-connecte.json,Ballester_2021_mobile-electronic-health-record-connecte.txt,5,designer,resource,"The implementation team had only two to three part-time clinical members and two to four part-time developers, limiting staffing capacity for training, support, and ongoing development.","Limited personnel resources constrained the designers' ability to facilitate user involvement, provide continuous support, and rapidly implement iterative improvements and evaluations.","The implementation team consisted of two to three part-time clinical members for training and support and two to four part-time developers for building new features, addressing bugs and issues, and technical support.",certain,
Ballester_2021_mobile-electronic-health-record-connecte.json,Ballester_2021_mobile-electronic-health-record-connecte.txt,6,designer,resource,"Errors and omissions in data collection led to missing usage metrics for specific date ranges, undermining complete measurement of adoption and usage.","Data collection errors impeded the designers' and researchers' ability to evaluate designs and measure usage reliably, limiting evidence for iterative decision-making and assessment.","Note: Due to an error in data collection, login sessions for the following date range were omitted from panel (B): 11/19/2017–1/20/2018.",certain,
Bangash_2020_implementation-science-framework-develop.json,Bangash_2020_implementation-science-framework-develop.txt,1,stakeholder,resource,"Inherent limitations of the EHR prevented some physician feedback from being implemented in the final CDS tools, constraining designers' ability to realize proposed changes.",This technical/organizational constraint impeded the designers' ability to integrate feedback and iterate the prototypes and limited their capacity to produce final design solutions that matched user recommendations.,"Additionally, inherent EHR limitations prevented some physician feedback from being implemented in the final CDS tools that were deployed in the EHR.",certain,
Bangash_2020_implementation-science-framework-develop.json,Bangash_2020_implementation-science-framework-develop.txt,2,designer,knowledge,"Interviews were limited to physicians, so designers lacked input from other clinician roles (nurse practitioners, physician assistants, residents) that may have differing workflows and needs.",This sampling limitation reduced the designers' ability to manage user understanding and to specify user requirements across all relevant user groups and contexts of use.,"A limitation of our study is that interviews were limited to physicians; the input of nurse practitioners, physician assistants, and residents in training may have relevance for clinical implementation of CDS tools in differing clinical workﬂows.",certain,
Bangash_2022_web-tool-fh-family-share-increase-uptake.json,Bangash_2022_web-tool-fh-family-share-increase-uptake.txt,1,interaction,resource,"Usability testing with patients was conducted virtually due to COVID-19, which prevented observation of nonverbal cues during sessions.","The inability to observe nonverbal behavior limited researchers' ability to fully manage user understanding and to evaluate users' interactions and emotional responses during testing, hindering evaluation and context-of-use studies.","Due to the COVID-19 pandemic, usability testing sessions were conducted using videoconferencing software (Zoom Video Communications Inc). Due to the COVID-19 pandemic, usability testing sessions conducted with patients were virtual and nonverbal cues could not be observed; however, screen sharing along with open-ended questions allowed us to obtain sufficient feedback which was often consistent across participants.",certain,
Bangash_2022_web-tool-fh-family-share-increase-uptake.json,Bangash_2022_web-tool-fh-family-share-increase-uptake.txt,2,stakeholder,resource,"FH Family Share was not integrated with the electronic health record, limiting ease of access across remote or underserved communities with diverse EHR systems.","Lack of EHR integration constrained designers' ability to study and support real-world contexts of use and to facilitate involvement of users in certain settings, thereby hindering understanding context of use and facilitating user involvement for deployment.","Additionally, FH Family Share was not integrated with the electronic health record to enable ease of access in remote or underserved communities which may have different electronic health record systems in place.",certain,
Bangash_2022_web-tool-fh-family-share-increase-uptake.json,Bangash_2022_web-tool-fh-family-share-increase-uptake.txt,3,designer,resource,Usability testing was limited to genetic counselors and patients and did not include family members of patients.,"Excluding family members prevented designers from obtaining input from an important user group, limiting their ability to manage user understanding and to plan for implementation in nonclinical settings where family members are key actors.",Usability testing sessions were limited to genetic counselors and patients with familial hypercholesterolemia—input from family members of patients with familial hypercholesterolemia would be useful in ensuring effective implementation of the tool in nonclinical settings.,certain,
Bangerter_2022_hybrid-method-healthcare-delivery-resear.json,Bangerter_2022_hybrid-method-healthcare-delivery-resear.txt,1,designer,resource,"The study sample was small and not representative of the larger HSCT caregiver population, limiting the breadth of user data available to designers.","Limited and non-representative sampling constrained designers' ability to manage user understanding and to specify user requirements that generalize across diverse caregiver contexts, reducing confidence in evaluation and iteration decisions.","First, although we collected data from three different transplant centers, our sample sizes are not representative of the larger HSCT caregiver population. Future work should include large, diverse samples of caregivers with varying levels of health literacy.",certain,
Bangerter_2022_hybrid-method-healthcare-delivery-resear.json,Bangerter_2022_hybrid-method-healthcare-delivery-resear.txt,2,designer,knowledge,"The study omitted HSCT recipients, so designers lacked the recipient perspective needed to understand dyadic interactions and dual needs.",Not including recipients prevented designers from addressing the holistic caregiver–recipient experience and hindered their ability to fully understand context of use and to specify requirements that consider both parties.,"Second, our study did not include HSCT recipients. A future direction of our work is to build knowledge of how HIT-enabled tools can dually benefit caregivers and HSCT recipients.",certain,
Bangerter_2022_hybrid-method-healthcare-delivery-resear.json,Bangerter_2022_hybrid-method-healthcare-delivery-resear.txt,3,stakeholder,resource,"Transplant providers reported they have little insight into caregiver burden after discharge, limiting the observational and clinical data available to the design team.","Providers' limited post-discharge contact constrained designers' ability to understand the real-world context of use and to manage evolving user understanding over the full care trajectory, impeding requirements specification and evaluation for post-discharge support.","All three transplant centers admit they have little insight about burden on caregivers after discharge, as much of the interaction with caregivers is pre- and during the HSCT.",certain,
Bangerter_2022_hybrid-method-healthcare-delivery-resear.json,Bangerter_2022_hybrid-method-healthcare-delivery-resear.txt,4,designer,knowledge,"There is a sparse evidence base of prior HIT interventions for HSCT caregivers, with nearly all existing interventions delivered in-person.","A limited precedent of technology-enabled interventions reduced designers' available domain knowledge and examples to draw on when specifying user requirements, producing design solutions, and planning evaluations tailored to this population.",We found that few interventions for HSCT caregivers leverage HIT [10]. Our review indicated that nearly all caregiver interventions were delivered in-person. Only one study used a technology-enabled intervention.,certain,
Barr_2021_audio-personal-health-library-clinic-vis.json,Barr_2021_audio-personal-health-library-clinic-vis.txt,1,designer,resource,"Later-round testing required participants to have internet access at home to review the system, which constrained who could participate.",Requiring home internet access limited participant recruitment and thus hindered designers' ability to facilitate user involvement and to understand the real-world context of use for the system.,"As we moved to later rounds of user testing, it was also necessary for participants to have internet access at home to review the recording system before the usability session.",certain,
Barr_2021_audio-personal-health-library-clinic-vis.json,Barr_2021_audio-personal-health-library-clinic-vis.txt,2,designer,knowledge,"The participant sample was predominantly White and college educated, limiting designers' knowledge about diverse user needs.","A non-diverse sample constrained the team's ability to manage user understanding and to specify user requirements for underrepresented groups, reducing confidence that design decisions met broader user needs.","Our sample was predominately White and college educated, reflecting the demographics of the region where our study took place. Further work is needed with individuals from more diverse ethnic and racial groups and from those with lower educational attainment levels.",certain,
Barr_2021_audio-personal-health-library-clinic-vis.json,Barr_2021_audio-personal-health-library-clinic-vis.txt,3,designer,resource,Usability testing was conducted in controlled lab settings rather than in naturalistic environments.,Testing in controlled settings prevented designers from fully understanding the real-world context of use and limited their ability to evaluate how the system would perform and be used in everyday settings.,"Our project was conducted in controlled settings, where participants were asked to think aloud and received assistance, if needed, with tasks. Although this is important at this stage of user design, it does not reflect the user experience in naturalistic settings.",certain,
Barr_2021_audio-personal-health-library-clinic-vis.json,Barr_2021_audio-personal-health-library-clinic-vis.txt,4,team,skill,"Task instructions were sometimes unclear (eg, participants opened external tabs), which inflated critical incidents and confounded usability measurement.","Unclear task design and facilitation reduced the team's ability to reliably evaluate designs and to integrate valid feedback for iteration, hindering accurate assessment of usability.","Some participants may have been unclear on the task instructions related to finding additional information (opening tabs outside of the UI), which may have resulted in the higher reported critical incidents in round 5 relative to our other usability metrics, that is, high SUS scores and task completion rate.",certain,
Barr_2021_audio-personal-health-library-clinic-vis.json,Barr_2021_audio-personal-health-library-clinic-vis.txt,5,interaction,knowledge,"Introduction of hyperlinks, filters, and advanced search caused user confusion—particularly among older adults unfamiliar with modern UI affordances—leading to critical incidents.",Users' unfamiliarity with these UI elements hindered designers' ability to evaluate and iterate the features (integrate feedback & iteration and evaluate designs) because observed problems reflected user interpretation issues rather than clear design faults.,"The greatest number of challenges was observed in round 4, where hyperlinks were added. This resulted in confusion in finding sections of audio recordings to play using tags and using associated hyperlinks to find further information. Although participants became comfortable with most features, some features such as hyperlinks, filters, and the advanced search caused some confusion in the final round of testing. These challenges may be explained by a lack of familiarity with the modern UI design...",certain,
Barr_2021_audio-personal-health-library-clinic-vis.json,Barr_2021_audio-personal-health-library-clinic-vis.txt,6,designer,resource,"All usability testing used a laptop-only interface, leaving mobile contexts untested.","Limiting testing to laptops prevented designers from understanding mobile contexts of use and evaluating mobile-specific interactions, constraining the specification of user requirements and future iteration for mobile devices.","Finally, we used a laptop computer for all usability testing sessions, but we hope to create a mobile adaptive UI, which will require further testing.",certain,
Barwick_2023_implementation-playbook-study-protocol-d.json,Barwick_2023_implementation-playbook-study-protocol-d.txt,1,designer,resource,"Usability testing is conducted by the external vendor (Pivot Design Group) and data are shared with the research team only in aggregate, limiting researchers' direct access to raw user data. This restricts designers' ability to inspect detailed think-aloud outputs and participant-level findings.","Aggregated reporting and external conduction of usability sessions hinder designers' ability to manage user understanding, evaluate designs deeply, and integrate granular feedback for iteration because they cannot access or analyze individual-level interaction data.","We will recruit usability participants from our network via email, and their participation will be consented by Pivot Design Group, who will conduct the testing. Data will be collected for development purposes only and shared with the research team in aggregate.",certain,
Barwick_2023_implementation-playbook-study-protocol-d.json,Barwick_2023_implementation-playbook-study-protocol-d.txt,2,designer,knowledge,"The study intentionally provides minimal direction about the nature of target EBIs because it is unknown for which types of innovations the tool will be useful, creating uncertainty about target use cases. This vagueness limits the specificity of user requirements and contextual constraints for design.","Lack of clarity about the kinds of EBIs to support hinders designers' ability to understand context of use and to specify concrete user requirements, which in turn constrains the production of tailored design solutions and focused evaluation criteria.",We will intentionally provide minimal direction regarding the nature of the target EBIs since it is not yet known for what types of innovations it will be useful.,certain,
Beeman_2023_human-co-dedicated-menstrual-health-spac.json,Beeman_2023_human-co-dedicated-menstrual-health-spac.txt,1,interaction,resource,COVID-19 restrictions on gatherings prevented the team from running planned community events that would have facilitated participatory co-design and education activities.,"This limitation directly hindered the designers' ability to facilitate user involvement and iterate on interventions that relied on group engagement (e.g., the monthly storytelling event), reducing opportunities for feedback and co-creation.","Ultimately, we were not able to take this idea forward due to emerging COVID-19 restrictions limiting community gatherings at that time.",certain,
Beeman_2023_human-co-dedicated-menstrual-health-spac.json,Beeman_2023_human-co-dedicated-menstrual-health-spac.txt,2,stakeholder,resource,Withdrawal of humanitarian organizations and disrupted NGO pad distribution created an unstable supply chain for sanitary products within the settlement.,"This external supply disruption constrained designers' ability to evaluate and specify feasible, sustainable product solutions (e.g., LaunchPad business model) and to understand the context of use for menstrual products.",The supply chain of sanitary pads into the settlement has been severely disrupted with the withdrawal of humanitarian organizations due to the COVID-19 pandemic.,certain,
Beeman_2023_human-co-dedicated-menstrual-health-spac.json,Beeman_2023_human-co-dedicated-menstrual-health-spac.txt,3,stakeholder,resource,"Securing construction materials and formal approval for land from government and humanitarian actors could take six months or longer, delaying larger-scale construction ideas.","Lengthy approval and procurement processes by external stakeholders impeded designers' ability to produce and pilot larger infrastructure solutions (the Cocoon Maxi), affecting feasibility assessments and iteration timelines.","However, in speaking with community stakeholders, we learned that securing construction materials and approval for the land from the government and humanitarian actors could take six months or longer.",certain,
Beeman_2023_human-co-dedicated-menstrual-health-spac.json,Beeman_2023_human-co-dedicated-menstrual-health-spac.txt,4,designer,resource,Heavy rains and poor road quality delayed material delivery and construction work during the pilot.,"Environmental and logistical constraints slowed implementation and prototyping timelines, directly impeding designers' ability to produce design solutions and iterate within the planned schedule.","Heavy rains in the settlement delayed work, as the settlement’s roads are of poor quality, and vehicles run the risk of getting stuck when they flood. This led to a delay in material delivery.",certain,
Beeman_2023_human-co-dedicated-menstrual-health-spac.json,Beeman_2023_human-co-dedicated-menstrual-health-spac.txt,5,designer,resource,Logistical and financial challenges prevented installing an incinerator at every Mini site despite user preference for on-site disposal.,"Resource and cost constraints limited designers' ability to address a critical user requirement (at-source disposal), thereby constraining the holistic experience and preventing full alignment of the solution with user needs.","Many participants requested an incinerator be attached to each Mini, though this posed logistical and financial challenges. Two incinerators were therefore constructed alongside one Mini structure in either village to reduce travel time to existing incinerators.",certain,
Beeman_2023_human-co-dedicated-menstrual-health-spac.json,Beeman_2023_human-co-dedicated-menstrual-health-spac.txt,6,designer,resource,Limited time and resources produced a short three-month pilot and constrained sample size and sampling methods.,"Time and resource shortages hindered designers' ability to conduct longer-term evaluation and to gather representative data, restricting the evaluation workload and the capacity to assess sustained use and long-term outcomes.","The Mini users recruited for this study were chosen from a convenience sample, and the sample size was limited by available resources and time constraints. ...pilot data collection was conducted only over a short three-month period...",certain,
Beeman_2023_human-co-dedicated-menstrual-health-spac.json,Beeman_2023_human-co-dedicated-menstrual-health-spac.txt,7,interaction,emotional,Familiarity between Kuja Kuja interviewers (community members) and participants may have introduced social desirability bias into data collection.,This interactional trust/familiarity risked biasing responses and thus hindered the designers' ability to reliably manage user understanding and synthesize accurate insights for design decisions.,"Kuja Kuja staff, who are members of the Bidi Bidi community, recruited participants, conducted interviews, and transcribed answers into English. Though the familiarity between interviewers and participants likely provided a more comfortable atmosphere for interviews, we recognize that it may have also introduced social desirability bias into the study.",certain,
Beeman_2023_human-co-dedicated-menstrual-health-spac.json,Beeman_2023_human-co-dedicated-menstrual-health-spac.txt,8,designer,resource,"Many Mini users lacked basic menstrual health supplies, but providing these supplies was out of the financial scope of the study, limiting full functionality of the intervention.","Financial constraints prevented designers from supplying soap, buckets, and pads that users requested, limiting the designers' ability to deliver a holistic solution and to evaluate real-world usability and uptake under fully supported conditions.","While providing MH supplies was out of the financial scope of this study, future projects may benefit from including these commodities.",certain,
Beeman_2023_human-co-dedicated-menstrual-health-spac.json,Beeman_2023_human-co-dedicated-menstrual-health-spac.txt,9,designer,knowledge,"The settlement's existing infrastructure means findings may not generalize to more emergent humanitarian settings, limiting external applicability.","This contextual limitation constrained designers' ability to specify user requirements and plan scalable adaptations for different contexts, affecting future design and implementation work.","Finally, the Bidi Bidi Settlement is well-established and has some pre-existing infrastructure; therefore, our study findings and implementation strategy may not be generalizable to other humanitarian settings that are more emergent.",certain,
Beeman_2023_human-co-dedicated-menstrual-health-spac.json,Beeman_2023_human-co-dedicated-menstrual-health-spac.txt,10,interaction,resource,"Some co-design ideas required ongoing compensation and sensitization (e.g., for parents and husbands) to secure community participation, representing recurring resource needs.","The team's recognition that events would need continuous investment limited their ability to implement certain participatory activities, constraining facilitation of user involvement and long-term engagement.","Furthermore, such an event would require an ongoing investment in both compensation for attendance and sensitization efforts with parents and husbands of participants to garner full community support.",certain,
Beeman_2023_human-co-dedicated-menstrual-health-spac.json,Beeman_2023_human-co-dedicated-menstrual-health-spac.txt,11,designer,resource,Insufficient water access and drying spaces in the settlement undermined the viability of reusable-pad interventions.,"Operational context limitations (lack of water/drying) prevented designers from advancing the LaunchPad prototype to pilot, constraining production of a sustainable solution and evaluation of that concept.","Girls were concerned about maintaining their reusable pads without regular access to water and spaces for drying. Furthermore, because of fluctuations in pad distribution by NGOs, the supply and demand of pads remain inconsistent in the settlement, which could compromise the business model of uninterrupted sales.",certain,
Belden_2019_designing-medication-timeline-patients-p.json,Belden_2019_designing-medication-timeline-patients-p.txt,1,designer,resource,Budget and time constraints forced the team to prioritize a minimal set of interactive features and leave additional features as static backlog illustrations.,This resource constraint limited the designers' ability to produce full interactive design solutions and to iterate on and integrate additional feature concepts into the working prototype.,"Given our budget and time constraints, we prioritized a set of minimal features for our interactive timeline prototype and rendered the backlog content as supplemental static illustrations of additional feature designs.",certain,
Belden_2019_designing-medication-timeline-patients-p.json,Belden_2019_designing-medication-timeline-patients-p.txt,2,designer,resource,"The evaluation was limited by remote, unsupervised testing with a small number of participants and weak statistical power.","These limitations constrained the team's ability to robustly evaluate the prototype with users, reducing confidence in testing results and hindering effective integration of feedback and iteration based on representative user data.","There are limitations to this design project. Evaluation of this timeline was completed using expert reviews from a group of clinicians (physicians, nurses, pharmacists), human factors researchers, usability practitioners, and volunteers from the EHR vendor community. Our pilot study was performed unsupervised, remotely, and had a small number of participants with weak statistical power.",certain,
Belden_2019_designing-medication-timeline-patients-p.json,Belden_2019_designing-medication-timeline-patients-p.txt,3,stakeholder,resource,"Inconsistent and limited prescription, dispense, and adherence data exchange across EHR and pharmacy systems, plus transformations into unstructured text, impeded creation of a precise timeline display.",These external data and interoperability problems prevented designers from reliably understanding the real data context of use and from specifying and producing accurate timeline representations and evaluating them with authentic data.,"We learned from implementation efforts at 1 EHR vendor and 1 client organization that there is inconsistent and limited prescription dispense and adherence data being exchanged or available currently. The transmission of e-prescription details is inconsistent across commercial EHR and pharmacy software products, thus limiting the consistent display of prescription instruction detail. When the data are exchanged from EHR to e-prescribing hub to pharmacy software, or make the return trip for a renewal request, the data may undergo transformation that introduces new ambiguity.",certain,
Bernard_2015_visinfo-digital-library-system-time-seri.json,Bernard_2015_visinfo-digital-library-system-time-seri.txt,1,interaction,knowledge,"Target users were unfamiliar with the novel concept of content-based visual search, making it hard for designers to introduce and validate the approach with users.",Users' inability to readily adopt the content-based search concept hindered the designers' work to manage user understanding and to facilitate meaningful user involvement and feedback during early requirement elicitation.,"We learned that for all users the general idea was inspiring. Still, it was difficult for them to adapt the concept of searching in the data content, since this possibility was not given before.",certain,
Bernard_2015_visinfo-digital-library-system-time-seri.json,Bernard_2015_visinfo-digital-library-system-time-seri.txt,2,interaction,knowledge,"A 'chicken-and-egg' dilemma existed: developers needed well-defined user requirements to build prototypes, while users needed prototypes or visual inspiration to articulate requirements.","This mutual dependency explicitly impeded the designers' ability to specify user requirements and plan effective iterative prototyping cycles, constraining the process of producing and validating design solutions.","Be aware of this classical “chicken-and-egg” dilemma originating from knowledge gaps between different stakeholders [52]: on one hand, it is difficult for the computer scientist to provide a prototype without well-defined user requirements derived from domain knowledge. On the other hand, users will have difficulties in defining requirements without any visual inspiration derived from expertise in visualization designs.",certain,
Bernard_2015_visinfo-digital-library-system-time-seri.json,Bernard_2015_visinfo-digital-library-system-time-seri.txt,3,interaction,emotional,"Scientists expressed limited trust in third-party data and questioned the precision of overview visualizations, preferring data from trusted colleagues.","This trust and precision concern limited designers' ability to facilitate user involvement and to address the holistic user experience, forcing them to invest additional effort into data curation and tightly integrated detail-on-demand to gain users' acceptance.","Many scientists prefer to analyze primarily their own data, or data they receive from colleague scientists they trust. Moreover, using advanced visualization capability was seen in a bipolar way by some scientists. On the one hand, it was recognized that visual overviews can greatly enhance screening and comparison tasks. On the other hand, scientists were questioning the precision of the visual representations of the data.",certain,
Bernard_2015_visinfo-digital-library-system-time-seri.json,Bernard_2015_visinfo-digital-library-system-time-seri.txt,4,interaction,knowledge,"Users had varied and uncertain notions of time-series similarity, wanting many alternative similarity definitions, while designers feared overloading the system with too many parameters.","This tension constrained the designers' ability to specify stable user requirements and to produce design solutions that balance flexibility and usability, complicating the definition of actionable similarity options and iteration strategies.","Still, we learned that scientists are often not entirely sure about how to formally define the perspective similarity for their search. As scientists pointed out, they ideally want to have many different similarity definitions at hand, and compare the search results they obtain, to decide upon the most appropriate similarity function. Yet our assumption is that overloading the search system with too many parameters (e.g., similarity search parameters) would detriment the usability and make the learning process more complicated.",certain,
Bernard_2015_visinfo-digital-library-system-time-seri.json,Bernard_2015_visinfo-digital-library-system-time-seri.txt,5,designer,knowledge,"Early stages of the project lacked a sufficiently integrative focus on usability, and the team recognized that earlier usability assessment would have been desirable.","The absence of early, embedded usability attention hindered the designers' ability to manage user familiarization, to integrate feedback early, and to iteratively evaluate prototypes efficiently, increasing learning costs for users and rework for designers.","One of the lessons learned is that the usability of the system needs to be well grounded. Looking back, an even more integrative approach, especially in the early design stages, would have been desirable. A lesson learned for future projects is to make early assessment of usability aspects mandatory.",certain,
Bernard_2015_visinfo-digital-library-system-time-seri.json,Bernard_2015_visinfo-digital-library-system-time-seri.txt,6,interaction,skill,"Early prototype interaction and interface design features (e.g., Visual Catalog colormap, loading cell patterns into the Sketch Editor, sketching interaction, and facet design) were confusing to users and impeded task completion.","These concrete usability failings constrained designers' ability to evaluate and iterate effectively because participants struggled to perform core tasks, reducing the quality of feedback and necessitating substantial redesign work to support evaluation and iteration workloads.","Task 1 uncovered problems regarding the interface of the Visual Catalog. The applied colormap concept caused confusion since it was an unknown term for 10 participants (53%). Therefore, the colormap was removed in the following implementation phase. In task 2, most severities dealt with the problem that users were unsure how to use a cell pattern of the Visual Catalog as an example query and how it could be loaded into the Sketch Editor. With this version of the Sketch Editor, the users were unsure how to draw a curve pattern. Task 4 revealed that the concept of faceting was new to many users. It became clear that the facet design was not intuitive.",certain,
Beutter_2023_development-mobile-app-assess-quality-li.json,Beutter_2023_development-mobile-app-assess-quality-li.txt,1,interaction,resource,"Legal COVID-19 restrictions forced focus groups to be conducted online, constraining in-person user engagement.","Holding focus groups online limited designers' ability to facilitate user involvement and to study user context in person, hindering management of user understanding and requirement specification.","At that time, legal restrictions due to the COVID-19 pandemic prohibited on-site meetings. Thus, all focus groups were performed online.",certain,
Beutter_2023_development-mobile-app-assess-quality-li.json,Beutter_2023_development-mobile-app-assess-quality-li.txt,2,interaction,resource,"A target user group (lung cancer support group) could not attend on-site usability sessions, reducing the number of participating groups.",The absence of this group reduced participant diversity and limited the designers' ability to facilitate user involvement and collect representative usability data across contexts of use.,"Since the app was provided on a test device for the second stage of usability testing, on-site meetings were necessary. As the lung cancer support group could not participate in meetings on-site, the number of participating groups reduced.",certain,
Beutter_2023_development-mobile-app-assess-quality-li.json,Beutter_2023_development-mobile-app-assess-quality-li.txt,3,interaction,resource,Participants without a private mobile device could not take part because the study could not provide smartphones.,Excluding those without devices constrained recruitment and limited designers' ability to evaluate the app across the full user population and contexts of use.,"As the app needed to be installed on a private mobile device, participants without a mobile device could not take part, as no one in the study could be provided with a smartphone.",certain,
Beutter_2023_development-mobile-app-assess-quality-li.json,Beutter_2023_development-mobile-app-assess-quality-li.txt,4,designer,resource,"The study failed to reach the planned ≥15 users for usability test 2, despite exceeding smaller critical thresholds.","Insufficient participant numbers reduced statistical power and limited designers' ability to robustly evaluate and iterate on designs, hindering evaluation and integration of feedback.","Although the critical number of 5 persons was exceeded, the overall target of ≥15 users per usability test was not reached.",certain,
Beutter_2023_development-mobile-app-assess-quality-li.json,Beutter_2023_development-mobile-app-assess-quality-li.txt,5,designer,skill,"A coding error in the randomization prevented balanced assignment to app versions, producing uneven group sizes.","This implementation error directly prevented planned group comparisons and therefore constrained the designers' ability to evaluate the effect of add-on features, hindering evaluation and iteration workloads.","Due to an error in the code, the randomized assignment of participants into the 3 versions (A, B, and C) did not lead to the same group size. Due to the uneven distribution of participants in the 3 app versions, group comparisons could not be performed.",certain,
Beutter_2023_development-mobile-app-assess-quality-li.json,Beutter_2023_development-mobile-app-assess-quality-li.txt,6,interaction,resource,A low number of male participants prevented sex-stratified analyses in some tests.,"Imbalanced gender participation limited designers' ability to analyze subgroup differences and to understand varied user experiences, hindering evaluation and requirement specification for different user groups.","Since the number of male participants was below the critical sum of 5 users, no further analysis stratified by sex was performed.",certain,
Beutter_2023_development-mobile-app-assess-quality-li.json,Beutter_2023_development-mobile-app-assess-quality-li.txt,7,interaction,resource,"Older participants submitted fewer questionnaire responses, reducing data completeness for that subgroup.","Age-related lower response rates constrained designers' ability to evaluate engagement and to understand usage patterns across ages, hindering management of user understanding and evaluation workloads.","Thus, the higher the age of the participant, the fewer the questionnaire responses submitted.",certain,
Bilardi_2023_miscarriage-australia-human-approach-dev.json,Bilardi_2023_miscarriage-australia-human-approach-dev.txt,1,stakeholder,resource,"The choice of an online website platform was decided before the study began, constraining exploration of alternative platforms or delivery modes.","Pre-specifying the platform limited designers' ability to investigate different formats or channels with users, hindering their work to manage user understanding, specify user requirements, and produce potentially more appropriate design solutions.",Another potential limitation of the study from a human centered or user centered design perspective is the type of online platform to meet users’ needs (a website) was already specified prior to the study commencing.,certain,
Bilardi_2023_miscarriage-australia-human-approach-dev.json,Bilardi_2023_miscarriage-australia-human-approach-dev.txt,2,interaction,resource,"User research and usability testing lacked representation from key groups (LGBTIQA+, culturally and linguistically diverse people, and male partners).","Insufficient representation constrained the designers' ability to develop a comprehensive, evolving understanding of diverse user needs and to facilitate involvement and iteration for those groups, limiting specification of inclusive requirements and evaluation validity.",One of the major limitations of the study was the lack of user research around the needs of those with limited representation including LGBTIQA+ people and those with broader culturally and linguistically diverse backgrounds.,certain,
Bilardi_2023_miscarriage-australia-human-approach-dev.json,Bilardi_2023_miscarriage-australia-human-approach-dev.txt,3,interaction,resource,"Eligibility criteria required good English and access to a computer with Zoom, excluding those without such access or literacy.","These recruitment constraints prevented designers from involving and understanding users without English proficiency or internet/computer access, limiting the scope of user research and the applicability of design and evaluation for those populations.","To be eligible to participate in the usability testing, participants had to reside in Australia, have been affected by miscarriage (women, partners or family members), have a good understanding of English, have access to a computer with Zoom conferencing capabilities and be willing for the interview to be recorded for the purpose of transcribing the audio component at a later time.",certain,
Bilardi_2023_miscarriage-australia-human-approach-dev.json,Bilardi_2023_miscarriage-australia-human-approach-dev.txt,4,interaction,resource,Low turnout for usability testing reduced the number of participants from 27 interested individuals to only eight who completed testing.,"High nonresponse and inability to schedule interested participants constrained designers' capacity to evaluate designs with a broader sample, limiting iterative testing, discovery of usability issues, and confidence in saturation across user groups.","In total, 27 people completed an expression of interest form online. Of the 27 women, eight participated across the two rounds of testing... The remaining 19 women either did not respond to further communication about the testing session or were unable to attend the scheduled session times.",certain,
Bilodeau_2019_reducing-complexity-patient-decision-aid.json,Bilodeau_2019_reducing-complexity-patient-decision-aid.txt,1,designer,resource,A revised layout was added late in the process and the team could not test that new layout with users.,"This prevented designers from evaluating whether the layout changes improved comprehension or navigation, hindering the 'evaluate designs' and 'integrate feedback & iteration' workloads.","In the last version (Supplementary file #2), these features were emphasised even more by isolating them on a separate cover page, but we could not test this new layout as it was added in the last version.",certain,
Bilodeau_2019_reducing-complexity-patient-decision-aid.json,Bilodeau_2019_reducing-complexity-patient-decision-aid.txt,2,designer,resource,Pictograms were added only partially and inconsistently and the final pictogram set had not been evaluated with users.,This limited the team's ability to iteratively refine visual design elements and assess whether pictograms supported navigation and comprehension (evaluate designs; integrate feedback).,"These generated positive comments, but we did not use them systematically, nor consistently, and some participants found them unclear. In the last DBox template that has not yet been evaluated (Supplementary file #2), we systematically added pictograms specially designed by a graphic designer to illustrate ...",certain,
Bilodeau_2019_reducing-complexity-patient-decision-aid.json,Bilodeau_2019_reducing-complexity-patient-decision-aid.txt,3,designer,resource,The need for the DBox to remain usable in black-and-white prevented implementing a more intuitive color-coded GRADE representation.,"This format constraint blocked a straightforward visual solution to improve clarity of evidence quality, hindering the team's ability to address comprehension issues (produce design solutions; evaluate designs).","One participant suggested using green, yellow and red instead of the ‘+’ for a more intuitive representation of the quality of the evidence. This idea was not implemented because the DBox needed to be usable in a black and white version.",certain,
Bilodeau_2019_reducing-complexity-patient-decision-aid.json,Bilodeau_2019_reducing-complexity-patient-decision-aid.txt,4,designer,resource,Researchers did not have access to participants' medical records and had to rely on the moderator's qualitative classification of dementia severity.,"Lack of clinical records limited the team's objective understanding of users' clinical context, constraining the 'understand context of use' and 'manage user understanding' workloads.","We did not have access to their medical records, but the moderator—a registered nurse—qualitatively classified the severity of their dementia as moderate (n=9), severe (n=9) or very severe (n=5).",certain,
Bilodeau_2019_reducing-complexity-patient-decision-aid.json,Bilodeau_2019_reducing-complexity-patient-decision-aid.txt,5,designer,resource,Navigation to access the glossary was challenging in the printable DBox format.,"Difficulty accessing definitions impeded designers' ability to ensure clarity of content for users, limiting the 'address holistic experience' and 'understand context of use' workloads and preventing effective iteration on glossary presentation.","The glossary proved essential for patient decision aids targeting older adults with dementia and their caregivers, but navigation to access it was a challenge.",certain,
Bilodeau_2019_reducing-complexity-patient-decision-aid.json,Bilodeau_2019_reducing-complexity-patient-decision-aid.txt,6,designer,resource,Designers avoided using icon arrays because the DBox was designed as a printable PDF and icon arrays would lengthen the document.,"The printable format constraint prevented adoption of a risk-communication format that might have improved comprehension, hindering 'produce design solutions' and 'evaluate designs' workloads.","However, we did not use icon arrays, to avoid lengthening the DBox, which we designed as a printable pdf.",certain,
Bilodeau_2019_reducing-complexity-patient-decision-aid.json,Bilodeau_2019_reducing-complexity-patient-decision-aid.txt,7,designer,emotional,Some topics elicited strong emotional responses that were impossible to foresee and that lengthened the design process.,"Unpredictable emotional reactions required additional iterations and tailoring, constraining the team's ability to plan and execute timely iterative testing (integrate feedback & iteration; manage user understanding).","Some topics may also elicit a very strong emotional response, which might be impossible to foresee and may lengthen the design process.",certain,
Bilodeau_2019_reducing-complexity-patient-decision-aid.json,Bilodeau_2019_reducing-complexity-patient-decision-aid.txt,8,interaction,emotional,"Presence of caregivers during sessions reduced spontaneity of both caregivers and patients, potentially biasing feedback.","Dyad dynamics and caregiver dominance limited the research team's ability to facilitate authentic user involvement and collect unfiltered user input, hindering 'facilitate user involvement' and 'manage user understanding'.","However, caregivers may have been less spontaneous in some of their opinions because of the presence of the person in their care, and this could have influenced our conclusions. The presence of caregivers may also have caused some of the seniors with dementia to be less spontaneous, particularly if their caregivers played a dominant role in the dyad.",certain,
Bilodeau_2019_reducing-complexity-patient-decision-aid.json,Bilodeau_2019_reducing-complexity-patient-decision-aid.txt,9,interaction,knowledge,"Some participants considered evidence, GRADE ratings and benefit/harm probabilities to be irrelevant and designers found no strategy in the template to address this belief.","Users' misunderstanding or dismissal of evidence undermined designers' ability to manage user understanding and to specify content requirements that would both inform and engage users, limiting iteration effectiveness.","On the other hand, participants found some parts to be of little relevance, use or interest. A number of caregivers mentioned that the DBox was of no use to patients who could not participate in the decision-making process because of cognitive decline. ... Anyway, I mean this page, to be practical—page 4—the harms, I would take it out altogether. I would leave it up to the clinicians to read that. We have no use for the studies that’ve been done. (Caregiver #9, DBox #1) No strategy was found to address this in the DBox template.",certain,
Bilodeau_2019_reducing-complexity-patient-decision-aid.json,Bilodeau_2019_reducing-complexity-patient-decision-aid.txt,10,designer,resource,Wording used to express priorities required several rounds of revision before arriving at acceptable phrasing.,"Repeated rewording increased the number of evaluation cycles and consumed design resources, hindering 'specify user requirements' and 'integrate feedback & iteration' workloads.","The wording used to express priorities required several rounds before we were able to arrive at the best expression, which suggests that the list of priorities would benefit from the input from a patient/caregiver expert panel.",certain,
Bilodeau_2019_reducing-complexity-patient-decision-aid.json,Bilodeau_2019_reducing-complexity-patient-decision-aid.txt,11,designer,resource,"One DBox (power of attorney) required major content additions between rounds, which temporarily lowered user satisfaction until further redesign in a subsequent round.","Topic-specific complexity forced substantial late-stage revisions and extra testing rounds, limiting efficiency of iteration and delaying stabilization of the template (integrate feedback & iteration; evaluate designs).","In the current study, the DBox on the power of attorney required adding much information on the various legal options in the second round, generating lower scores before the table comparing the various options and their features were incorporated in the third round.",certain,
Bjorling-Rose_2019_participatory-research-principles-human.json,Bjorling-Rose_2019_participatory-research-principles-human.txt,1,interaction,emotional,"Pre-prepared stress scripts were perceived by teens as inauthentic and even 'insulting', forcing researchers to abandon them and ask teens to craft their own stories.","This negative reaction undermined trust and authenticity, hindering the researchers' ability to manage user understanding and to facilitate authentic participation and iteration in role-play interaction studies.","However, the first time we presented this script, a few teens immediately commented in writing on the script that they found this script was “insulting” and “fake.” Although based in teen data, our script did not meet the teens’ need for an authentic story during role play and interaction.",certain,
Bjorling-Rose_2019_participatory-research-principles-human.json,Bjorling-Rose_2019_participatory-research-principles-human.txt,2,designer,resource,"Creating relationships with stakeholders and users in participatory research was time consuming, limiting how quickly researchers could engage and iterate.",The time-intensive nature of relationship-building constrained the team's capacity to facilitate user involvement at scale and to sustain ongoing user-centred iteration and evaluation activities.,"First, as is often true in participatory research, the process of creating relationships with stakeholders and users can be time consuming.",certain,
Bjorling-Rose_2019_participatory-research-principles-human.json,Bjorling-Rose_2019_participatory-research-principles-human.txt,3,designer,resource,Conducting studies 'in the wild' introduced many uncontrollable situations that could cause studies to fail despite researcher flexibility.,"Unpredictable field conditions impeded the team's ability to reliably plan and execute user research, which hindered understanding context of use, conducting evaluations, and performing iterative design cycles.","Second, conducting studies in the wild provides huge benefits for contextual validity, but also allows for an unlimited number of uncontrollable situations. Maintaining flexibility within design can be helpful, but even then there is still potential for studies to fail in the wild.",certain,
Bjorling-Rose_2019_participatory-research-principles-human.json,Bjorling-Rose_2019_participatory-research-principles-human.txt,4,stakeholder,resource,Communicating and disseminating novel participatory methods to the engineering community was difficult and time intensive.,"This external communication burden limited the team's ability to coordinate multidisciplinary collaboration and to integrate participatory-method feedback into broader engineering practices, slowing adoption and iterative refinement across stakeholders.","Finally, although often much appreciated, communicating and disseminating new, participatory iterations of commonly used methods to an engineering community can be difﬁcult and time intensive.",certain,
Bjorling_2019_thought-disposal-co-designing-virtual-in.json,Bjorling_2019_thought-disposal-co-designing-virtual-in.txt,1,designer,resource,"Direct input (writing) in VR proved technically difficult, forcing the team to redesign the interaction to avoid in-VR text entry. This constraint required changing prototype mechanics and interaction metaphors.","The difficulty with writing in VR impeded the team's ability to produce and iterate on design solutions and prototypes, affecting 'produce design solutions' and 'integrate feedback & iteration' workloads.","Immediately we learned that writing in VR was a complicated task, leading us to the design of a tree of negative thoughts from which teens could collect leaves and burn them in a nearby fire.",certain,
Bjorling_2019_thought-disposal-co-designing-virtual-in.json,Bjorling_2019_thought-disposal-co-designing-virtual-in.txt,2,designer,resource,The study had a small sample of teen participants and the team was unable to test for effectiveness. This limited sample constrained their capacity to evaluate intervention outcomes.,"A small participant sample and inability to test effectiveness directly limited the designers' ability to evaluate designs and manage evolving user understanding through longitudinal testing, hindering 'evaluate designs' and 'manage user understanding' workloads.",Our current work was limited due to our small sample of teens and our inability to test for effectiveness.,certain,
Bjorling_2019_thought-disposal-co-designing-virtual-in.json,Bjorling_2019_thought-disposal-co-designing-virtual-in.txt,3,designer,resource,"No prior immersive implementations of a visual analog scale existed, requiring the team to develop a new in-VR measurement tool. The novelty increased design and development burden for assessment.","Lack of existing immersive VAS tools constrained the designers' ability to evaluate and measure user states reliably within VR, hindering the 'evaluate designs' and 'specify user requirements' workloads.","While some recent work [19] has explored multiple-choice style questionnaires in VR, no immersive tools has been developed using visual analog scale.",certain,
Block_2024_closed-loop-falls-monitoring-prevention.json,Block_2024_closed-loop-falls-monitoring-prevention.txt,1,interaction,resource,"COVID-19 restrictions forced all interviews to be conducted remotely via Zoom, biasing participation toward technologically literate stakeholders and limiting in-person engagement.","Remote-only interviews constrained the designers' ability to facilitate broad user involvement and to understand context of use through in-person observation, reducing the representativeness of user understanding and potentially limiting requirements specification and iteration.","Because of ongoing COVID-19 restrictions on in-person engagements, interviews were conducted via the UCSF Zoom video platform (Zoom Video Communications, Inc) ... All interviews were conducted remotely, using the UCSF Zoom video platform, which may have biased the patient stakeholders to people who are technologically literate and have access to the internet.",certain,
Block_2024_closed-loop-falls-monitoring-prevention.json,Block_2024_closed-loop-falls-monitoring-prevention.txt,2,team,knowledge,"Qualitative analysis was conducted with the interviewer serving as the sole coder, introducing risk of analytic bias in interpreting stakeholder feedback.","Relying on a single coder impeded the team's ability to robustly synthesize and triangulate user insights, which hinders managing user understanding, integrating feedback and iteration, and specifying reliable user requirements.","Although the interviewer was the sole coder, the stakeholder advisory team provided ongoing consultation on the coding scheme and how to code less frequently occurring responses. Finally, having the interviewer serve as the primary coder could have introduced bias into the qualitative analysis process.",certain,
Block_2024_closed-loop-falls-monitoring-prevention.json,Block_2024_closed-loop-falls-monitoring-prevention.txt,3,interaction,resource,"Participant sampling was limited to clinicians at UCSF and patients seen by that group, which may have omitted important feedback from a wider cohort of users.","This recruitment scope constrained designers' ability to manage user understanding and validate generalizability, limiting their capacity to specify requirements and ensure the tool fits diverse contexts of use.","Only clinicians at UCSF and patients seen by this (broad) group of clinicians were interviewed; therefore, we may have missed important feedback from a wider cohort of users.",certain,
Block_2024_closed-loop-falls-monitoring-prevention.json,Block_2024_closed-loop-falls-monitoring-prevention.txt,4,stakeholder,resource,"Integration and scalability of the tool to other health systems depended on each system's internal governance and motivation, posing an external organizational constraint.","This external dependence limited the designers' ability to plan and execute scalable implementations and to coordinate multidisciplinary adoption across health systems, hindering the operational workload of producing deployable solutions and integrating them into varied clinical workflows.","However, successful integration into other health systems depends on the internal governance and motivation within each system.",certain,
Block_2024_closed-loop-falls-monitoring-prevention.json,Block_2024_closed-loop-falls-monitoring-prevention.txt,5,stakeholder,resource,"Collected wearable data are largely inaccessible for visualization or integration within clinic EHRs, limiting availability of patient-generated data streams.","Inaccessible wearable data prevented designers from integrating important data sources into the tool, constraining their ability to specify requirements, produce design solutions that incorporate multimodal PGD, and evaluate designs with realistic data inputs.","However, most of the collected wearable data remain inaccessible for visualization or integration within a clinic’s EHR. This limitation can impede the effective use of PGD by clinicians and compromise patient-physician collaboration related to PGD [52].",certain,
Blynn_2021_integrating-human-advance-global-health.json,Blynn_2021_integrating-human-advance-global-health.txt,1,stakeholder,resource,"Research ethics board (IRB) requirements and timelines constrained the iterative, discovery-driven research methods designers rely on.","Requiring pre-specified methods, larger sample sizes, and submission many months in advance prevented designers from adapting inquiry during fieldwork, hindering managing user understanding, iterative learning, and studying context of use.",Initial IRB feedback stated that A360 did not have an adequate sample size and had to change the wording of questions and limit their methods to a specific set of 9 approaches. The requirement to submit the design research plan 6 to 9 months in advance of project launch also limited the design team’s ability to adapt their methods as needed throughout the process.,certain,
Blynn_2021_integrating-human-advance-global-health.json,Blynn_2021_integrating-human-advance-global-health.txt,2,stakeholder,resource,Funder-imposed short timelines and fixed budget allocations limited the time and flexibility needed for HCD’s iterative prototyping and co-creation.,"Donor preferences for short-term results and initial allocation of short timelines prevented adequate iteration and pivoting, impeding integration of feedback & iteration, coordination with stakeholders, and implementation of refined solutions.","While the donor originally allocated funding for an 8-month timeline, the project ultimately took 24 months for several reasons... once the timeline began to get delayed, amendments to the pre-defined project plan and budget took additional time. ... funders preferred shorter-term TA projects and near-term results, while governments wanted several years of TA.",certain,
Blynn_2021_integrating-human-advance-global-health.json,Blynn_2021_integrating-human-advance-global-health.txt,3,interaction,knowledge,Lack of mutual understanding and experience with HCD between the design team and implementing partners created confusion about roles and ways of working.,"The need to orient partners unfamiliar with HCD disrupted collaboration, undermining the designers’ ability to coordinate multidisciplinary teams, facilitate stakeholder involvement, and sustain aligned processes during implementation.","In Reimagining TA, no such start-up phase was built in for Sonder and JSI to align on process and approach. The design team had to orient the JSI team to the HCD methodology and approach while simultaneously kicking off activities in-country... This created confusion, mutual questioning of the project approach, and a lack of clarity around roles and responsibilities.",certain,
Blynn_2021_integrating-human-advance-global-health.json,Blynn_2021_integrating-human-advance-global-health.txt,4,stakeholder,resource,Insufficient or superficial government buy-in and inconsistent stakeholder attendance limited true co-creation and local ownership.,"Governments accepting initiatives without deep engagement or competing priorities reduced stakeholder participation and commitment, hindering designers’ ability to facilitate user involvement, integrate feedback, and ensure sustainable implementation.","Given the limited timeline for securing government buy-in, the government accepted the initiative without full awareness of and commitment to the level of engagement needed for a true co-creation process... In Nigeria, inconsistent stakeholder engagement in the workshops resulted in fragmented insights and low commitment to the process and the solutions.",certain,
Blynn_2021_integrating-human-advance-global-health.json,Blynn_2021_integrating-human-advance-global-health.txt,5,stakeholder,resource,Procurement realities of government/U.S. government supply chains constrained the ability to translate prototypes into scalable program materials.,"Requirements for competitive contracting and specific procurement mechanisms impeded transitioning prototypes to implementation, limiting the designers’ ability to produce and deploy design solutions at scale.","The prototypes of the V starter kits and distribution plans developed in South Africa were not automatically transferable to a new context given the procurement realities of supplying large, U.S. government-funded programs. Ultimately, implementing V in Zimbabwe required procurement through an existing U.S. government supply chain mechanism... which required a competitive contracting process.",certain,
Blynn_2021_integrating-human-advance-global-health.json,Blynn_2021_integrating-human-advance-global-health.txt,6,designer,resource,Project timelines and budgets did not allow time or resources to build HCD capacity among in-country partners.,"Without dedicated time and funding for capacity building, designers could not embed design skills in partners, which hindered sustaining adaptive management, continuing iteration, and implementing solutions after core design support ended.","For Reimagining TA, given timeline and budget constraints, there was no time to build the HCD skills of in-country co-creation team members. Therefore, the solutions identified have not been implemented systematically.",certain,
Blynn_2021_integrating-human-advance-global-health.json,Blynn_2021_integrating-human-advance-global-health.txt,7,designer,resource,"Practical and cost constraints prevented launching an independent impact evaluation for V, limiting rigorous assessment of design-led outcomes.","Challenges in identifying a sufficiently rigorous methodology at feasible cost blocked designers from conducting an impact evaluation, hindering their ability to evaluate designs and generate evidence to persuade stakeholders to adopt HCD approaches.","For V, an independent impact evaluation failed to launch due to challenges in identifying a sufficiently rigorous methodology at a feasible cost. The evaluation of V in Zimbabwe was therefore designed to leverage existing, routine program monitoring systems.",certain,
Blynn_2021_integrating-human-advance-global-health.json,Blynn_2021_integrating-human-advance-global-health.txt,8,designer,resource,"The COVID-19 pandemic paused implementation activities, interrupting planned testing and scaling of HCD solutions.","Pandemic-related pauses prevented timely prototyping, testing, and iteration, directly constraining designers’ ability to integrate feedback, evaluate solutions, and sustain momentum toward implementation.","In 2019, USAID engaged the Engage Design consortium... to adapt V for program implementation. Due to COVID-19, implementation was paused but has recently resumed, with results expected in late 2021.",certain,
Boehmer_2016_meaningful-conversations-living-treating.json,Boehmer_2016_meaningful-conversations-living-treating.txt,1,interaction,resource,"Clinical encounter routines and opening questions caused information about patients' life context to emerge haphazardly, limiting researchers' ability to observe natural disclosures in clinic visits.",This organizational/human-environment constraint hindered designers' ability to manage user understanding and to study the context of use because relevant life information did not surface reliably during observations.,"First, information about patients’ capacity and context sometimes arose naturally, but haphazardly throughout the visit. Patients who spoke freely and enjoyed talking about their life upon meeting them, changed completely during the encounter. There, they spoke only of their medical conditions and immediate concerns, and none of the life issues they had mentioned to us previously.",certain,
Boehmer_2016_meaningful-conversations-living-treating.json,Boehmer_2016_meaningful-conversations-living-treating.txt,2,interaction,resource,"Existing assessment data (questionnaires) completed by patients were not reviewed or discussed in encounters, preventing designers from using those data to inform understanding.","Because completed assessments were ignored in practice, researchers could not rely on them to specify user requirements or understand context of use, limiting their ability to integrate feedback into design decisions.","Assessments that offered insights about the patient’s capacity were not used for this purpose. For example, in one encounter, the patient had filled out multiple questionnaires, one regarding depression, one regarding anxiety, and one regarding alcohol consumption. Despite being available during the encounter, these were never reviewed or discussed.",certain,
Boehmer_2016_meaningful-conversations-living-treating.json,Boehmer_2016_meaningful-conversations-living-treating.txt,3,interaction,knowledge,"Patient advisory group members initially found the concept of clinicians asking about coping unfamiliar, which limited their immediate engagement with the design idea.","This lack of familiarity among users hindered designers' ability to facilitate user involvement and to manage user understanding during co-design activities, requiring additional effort to introduce and explain the concept.","At first, participants struggled with this concept; it was clearly foreign to them, even after years of living with chronic conditions.",certain,
Boehmer_2016_meaningful-conversations-living-treating.json,Boehmer_2016_meaningful-conversations-living-treating.txt,4,interaction,knowledge,"The terminology researchers initially used to describe patient capacity was more suitable to researchers and clinicians than to patients, necessitating rewording to enable patient participation.",This communication/terminology mismatch impeded designers' ability to facilitate user involvement and to specify user requirements until language was made patient-friendly.,"The words that we used to describe patient capacity (Physical, Emotional, Personal, Financial, Social, and Environmental) were friendlier to researchers and physicians than to patients. To fully allow patients to participate, these needed to be reconsidered.",certain,
Boehmer_2016_meaningful-conversations-living-treating.json,Boehmer_2016_meaningful-conversations-living-treating.txt,5,interaction,resource,"Older patients struggled with the prototypes' color contrast, forcing designers to change the visual design to a high-contrast black-and-white version.","This usability/accessibility issue required designers to revise design solutions and iterate further, directly affecting the produce design solutions and integrate feedback & iteration workloads.","We learned from stakeholder feedback, that older patients struggled with the color contrast and preferred a highly contrasted, black-and-white version.",certain,
Bogza_2020_evaluation-web-decision-aid-older-adults.json,Bogza_2020_evaluation-web-decision-aid-older-adults.txt,1,designer,resource,"Using a mock-up instead of a fully functional prototype limited functionality and required extra interviewer support, preventing observation of natural user interactions and impairing evaluation of the values clarification exercise.",This methodological/resource constraint hindered the designers' ability to evaluate designs and integrate feedback because it stopped them observing real user behavior and produced glitches that distorted usability and comprehension testing.,"First, asking users to review a mock-up instead of a finished product requires much more involvement from the interviewer, which prevented us from observing real user interaction with the web-based decision aid. ... However, the mock-up functionality was limited and caused some unintended glitches. ... the mock-up clearly impaired understanding of the values clarification exercise.",certain,
Bogza_2020_evaluation-web-decision-aid-older-adults.json,Bogza_2020_evaluation-web-decision-aid-older-adults.txt,2,stakeholder,resource,"Difficulty recruiting participants due to reliance on health care providers and the vulnerability of the target population resulted in small, non-diverse samples and constrained quantitative evaluation.","External stakeholder gatekeeping and population vulnerability limited the designers' ability to facilitate user involvement, manage evolving user understanding across diverse subgroups, and evaluate designs quantitatively (e.g., preventing statistical testing and broader sampling).","As we experienced challenges recruiting participants with this strategy, we also invited people with MCI who were registered in a Quebec database managed by one of us (CH). ... The vulnerability of the population made it hard to recruit subjects with the help of HCPs, as they wanted to protect them from the hassles of a research project. Consequently, we had to rely on alternative strategies to recruit older adults with MCI. We could not, therefore, diversify the participants who helped at each evaluation round, for example, for levels of MCI, educational background, and technology skills.",certain,
Bogza_2020_evaluation-web-decision-aid-older-adults.json,Bogza_2020_evaluation-web-decision-aid-older-adults.txt,3,interaction,emotional,"Participants often reported that they understood the content even when interviewers observed misunderstandings, making it difficult for researchers to elicit genuine difficulties through self-report alone.",This interactional/emotional issue impeded managing user understanding and evaluating designs because designers could not rely on direct participant comments and had to depend on more involved observational and teach-back methods to surface true usability problems.,"Second, having the users communicate their difficulties was not always easy because they generally felt that they understood the content even when it was clear to the interviewer that they had not.",certain,
Bonet-Olivencia_2023_diabetes-self-management-tool-underserve.json,Bonet-Olivencia_2023_diabetes-self-management-tool-underserve.txt,1,designer,resource,Only a single round of usability testing with a relatively small sample limited the team's ability to iteratively evaluate and refine the design.,This resource constraint prevented adequate integration of feedback and iteration and limited the designers' capacity to evaluate designs with a sufficiently diverse user sample.,"One of the limitations of this work is that the design requirements and evaluations were conducted with intended users from various representative underserved communities in South Texas and the result may not generalize to all underserved populations. In addition, only one round of usability testing was conducted with a relatively small sample of representative users and nurse educators.",certain,
Bonet-Olivencia_2023_diabetes-self-management-tool-underserve.json,Bonet-Olivencia_2023_diabetes-self-management-tool-underserve.txt,2,stakeholder,knowledge,"The design process excluded physicians from stakeholder feedback, leaving provider perspectives incomplete.",Omission of this external stakeholder group reduced access to provider domain knowledge and constrained the designers' ability to manage user/stakeholder understanding and to specify requirements affecting clinical workflows.,"The focus group was only made up of diabetes educators; however, in the future, feedback from physicians will be requested.",certain,
Bonet-Olivencia_2023_diabetes-self-management-tool-underserve.json,Bonet-Olivencia_2023_diabetes-self-management-tool-underserve.txt,3,designer,resource,"Participant recruitment was geographically limited to underserved communities in South Texas, restricting the representativeness of findings.","This contextual limitation impeded the designers' ability to manage evolving, generalizable user understanding and to specify user requirements applicable to broader underserved populations.",One of the limitations of this work is that the design requirements and evaluations were conducted with intended users from various representative underserved communities in South Texas and the result may not generalize to all underserved populations.,certain,
Bonet-Olivencia_2023_diabetes-self-management-tool-underserve.json,Bonet-Olivencia_2023_diabetes-self-management-tool-underserve.txt,4,designer,resource,"Existing biases toward certain platforms, functionality, or systems posed challenges for deriving platform-independent requirements.","This environmental bias hindered the designers' ability to specify unbiased, platform-agnostic user requirements and threatened the fidelity of initial design specifications.","One of the notable challenges in digital health design is the bias in requirements toward certain platforms, functionality, and/or existing systems.",certain,
Borosund_2018_stress-management-app-intervention-cance.json,Borosund_2018_stress-management-app-intervention-cance.txt,1,stakeholder,resource,"Hospital privacy and security requirements forced removal of cancer-specific content and prevented in-app note storage, constraining designers' ability to provide tailored features.","This organizational constraint limited designers' ability to specify user requirements and address the holistic user experience by preventing features that required higher privacy (eg, diagnosis-specific content or personal notes), thereby constraining design decisions and potential iterations.","For example, one security concern was that if the intervention mentioned diagnoses (eg, cancer), this could compromise user privacy. Another option was to completely avoid the word cancer and any cancer-specific information in the app. Based on user input and security recommendations, it was decided to choose the second option and not include diagnosis-specific information.",certain,
Borosund_2018_stress-management-app-intervention-cance.json,Borosund_2018_stress-management-app-intervention-cance.txt,2,designer,resource,"Usability testing included a limited number of participants, restricting the designers' ability to robustly evaluate the prototype with diverse users.",The small sample size constrained the evaluation workload and the team's capacity to manage evolving user understanding and to reliably integrate feedback across varied user groups.,"Second, the usability testing included a limited number of participants, which is, however, not uncommon for iterative design processes [49].",certain,
Borosund_2018_stress-management-app-intervention-cance.json,Borosund_2018_stress-management-app-intervention-cance.txt,3,designer,resource,"Usability testing covered all functionalities but did not test all content sentences, leaving portions of content unvalidated with users.","By not evaluating all content, designers were limited in their ability to fully evaluate designs and integrate feedback for content-level refinement, potentially missing issues affecting comprehension and engagement.","First, usability testing involved all functionalities but not all content sentences.",certain,
Borosund_2018_stress-management-app-intervention-cance.json,Borosund_2018_stress-management-app-intervention-cance.txt,4,designer,resource,"Participant recruitment relied on a convenience sample from hospital and social-media invitations, introducing selection bias among interviewed users.","This recruitment approach limited the designers' ability to manage comprehensive user understanding and to ensure requirements represented the broader target population, constraining specification of user requirements and iteration priorities.","Cancer survivors participating in the user interviews responded to hospital or social media-related invitations and represented a sample of convenience, which can introduce selection bias.",certain,
Borosund_2023_digital-cognitive-behavioral-mindfulness.json,Borosund_2023_digital-cognitive-behavioral-mindfulness.txt,1,interaction,resource,"User testing was limited to a very small sample of survivors (n=4), restricting the breadth of end-user input available to the design team.","This constrained designers' ability to facilitate user involvement and evaluate designs with a representative set of users, limiting management of user understanding and iterative refinement based on diverse feedback.","First, user testing was performed by only 4 survivors of breast cancer. However, the original StressProffen intervention was developed with user input, enabling user testing of primarily new exercises in the 2 new versions.",certain,
Borosund_2023_digital-cognitive-behavioral-mindfulness.json,Borosund_2023_digital-cognitive-behavioral-mindfulness.txt,2,interaction,resource,Only newly developed content was user-tested; previously tested original content was not re-evaluated within the adapted versions.,"By restricting testing to only new exercises, designers were limited in their ability to evaluate the full adapted interventions and to manage comprehensive user understanding of the complete program and context of use.","As the original StressProffen content has already been user tested by survivors of cancer as well as health care providers [22], only new, developed content was user tested in the 2 new versions.",certain,
Borosund_2023_digital-cognitive-behavioral-mindfulness.json,Borosund_2023_digital-cognitive-behavioral-mindfulness.txt,3,team,resource,"Pandemic restrictions forced several workshops to be conducted digitally, which may have affected the development process and team interactions.","Remote workshops could impede coordination of the multidisciplinary team and the ease of iterative content development and feedback integration, hindering collaboration and shared decision-making workloads.","Third, some of the adaption and development of program content were conducted during the COVID-19 pandemic, meaning that several workshops had to be conducted digitally due to pandemic restrictions. This could potentially have impacted the development process.",uncertain,
Borosund_2023_digital-cognitive-behavioral-mindfulness.json,Borosund_2023_digital-cognitive-behavioral-mindfulness.txt,4,designer,resource,"The mindfulness-based (MBI) version ended up with more text, more steps, and longer audio than the CBT (CBI) version, making exact equivalence between versions difficult to achieve.","This methodological/content constraint limited designers' ability to specify identical user requirements and to fully control non-theoretical confounds, affecting workloads for specifying requirements and addressing the holistic experience across versions.","Findings show how this goal was primarily achieved, despite the final MBI-version being slightly longer, with more steps and total words and auditory length compared to the final CBI-version, and the CBI-version having more exercises compared to the MBI-version.",certain,
Breeman_2021_multi-stakeholder-approach-ehealth-devel.json,Breeman_2021_multi-stakeholder-approach-ehealth-devel.txt,1,designer,resource,"The number of participants in some studies was relatively small, limiting the breadth of empirical input available to the design team.",Small sample sizes constrain designers' ability to manage user understanding and understand the context of use because fewer participant perspectives reduce the diversity and confidence of user insights used to specify requirements and inform iteration.,"First, the number of participants of some studies was relatively small.",certain,
Breeman_2021_multi-stakeholder-approach-ehealth-devel.json,Breeman_2021_multi-stakeholder-approach-ehealth-devel.txt,2,designer,resource,"More healthcare professionals than patients were interviewed, producing an imbalance in stakeholder input.","This sampling imbalance limits designers' capacity to accurately manage user understanding and specify user requirements for patients, because patient perspectives were underrepresented relative to professional viewpoints during synthesis and value specification.","Second, it may be noted that more healthcare professionals were interviewed than patients, but this is mostly because we included a wide range of healthcare professionals such as nurses, general practitioners, cardiologists, lifestyle coaches, etc.",certain,
Breeman_2021_multi-stakeholder-approach-ehealth-devel.json,Breeman_2021_multi-stakeholder-approach-ehealth-devel.txt,3,stakeholder,resource,"Healthcare professionals reported they neither have time nor receive reimbursements to keep track of current eHealth developments, making engagement burdensome.","Limited time and lack of reimbursement among external stakeholders hinder designers' ability to facilitate user involvement and coordinate with clinical stakeholders, reducing opportunities for iterative feedback and validation within routine care settings.","healthcare professionals expressed the wish to receive an overview of eHealth applications to promote healthy living, they neither have time nor receive reimbursements to keep track of current developments.",certain,
Breeman_2021_multi-stakeholder-approach-ehealth-devel.json,Breeman_2021_multi-stakeholder-approach-ehealth-devel.txt,4,designer,knowledge,Personas used to derive requirements were not yet validated and remain to be confirmed in practice.,"Unvalidated personas represent a lack of validated user knowledge, constraining designers' ability to specify user requirements and confidently produce design solutions and evaluate whether prototypes match real user archetypes.","Finally, the developed personas that were needed to work out the eHealth requirements and customer journey were mostly based on stakeholder interviews. Now that the PHA is ready for use in cardiac rehabilitation, persona validation will be the next step.",certain,
Buck_2023_development-bolster-mhealth-intervention.json,Buck_2023_development-bolster-mhealth-intervention.txt,1,stakeholder,resource,"Predefined project goals constrained design scope by requiring Bolster to be a self-guided mobile intervention, limiting the incorporation of features that required clinical or synchronous social support.","These a priori constraints imposed by the project limited the team's ability to translate user feedback into certain design solutions (eg, expert Q&A or peer forums), hindering the workloads of specifying user requirements and producing design solutions that users requested.","Design objectives for Bolster were constrained to some extent by predefined project goals. Bolster was a priori proposed as a self-guided mobile intervention. Thus, caregiver feedback related to intervention features that could require clinical support (eg, an expert question-and-answer feature) or social features (eg, peer forums) was incorporated into Bolster in a manner consistent with these a priori constraints (eg, providing clinician videos rather than synchronous communication and links to support websites rather than the development of new tools).",certain,
Buck_2023_development-bolster-mhealth-intervention.json,Buck_2023_development-bolster-mhealth-intervention.txt,2,designer,resource,"Recruitment primarily via internet channels produced a sample likely predisposed to digital tools and drawn from small groups, limiting representativeness.","This recruitment strategy constrained the team's ability to manage user understanding and to study the full context of use across diverse caregiver populations, reducing confidence in requirements and generalizability of findings.","First, our user-centered development process was meant to solicit detailed guidance from caregivers with lived experience; study conclusions are drawn from small samples and may not generalize to all members of this population. Furthermore, given the fact that recruitment occurred primarily on the internet, participants may be drawn from a population that is already predisposed to digital tools.",certain,
Buck_2023_development-bolster-mhealth-intervention.json,Buck_2023_development-bolster-mhealth-intervention.txt,3,designer,resource,"The field trial was brief (1 week) and included study-team outreach to encourage use, which likely altered natural usage patterns.","These trial conditions limited the team's ability to evaluate the intervention under real-world deployment, hindering the workload of evaluating designs and integrating realistic user feedback for iteration and longer-term use planning.","Third, field trial results may speak primarily to caregiver experiences during a test period rather than the real-world deployment of Bolster. Participants were likely motivated to provide helpful feedback, and this likely affected their frequency of use of the intervention, particularly given the fact that the field trial lasted just 1 week. Interactions with the study team also likely encouraged use. This is particularly the case given the fact that participants received outreach to ensure that the app was functioning.",certain,
Buck_2023_development-bolster-mhealth-intervention.json,Buck_2023_development-bolster-mhealth-intervention.txt,4,designer,resource,There were no additional contacts with participants for repeat interviews or feedback on findings after initial sessions.,"Lack of follow-up contact prevented iterative engagement with participants, constraining the team's ability to integrate feedback and perform iterative cycles of refinement based on longitudinal user input.",Participants were compensated with US $75 gift cards for their time. There were no additional contacts with participants for repeat interviews or feedback on findings.,certain,
Buck_2023_development-bolster-mhealth-intervention.json,Buck_2023_development-bolster-mhealth-intervention.txt,5,designer,knowledge,Baseline ceiling effects on the illness-knowledge measure (KAST) limited sensitivity to detect changes in knowledge.,"This measurement limitation constrained the designers' and researchers' ability to evaluate intervention effects on illness knowledge, hindering the evaluation workload and interpretation of whether design changes achieved knowledge-related targets.","Notably, illness knowledge scores seemed to be affected by ceiling effects because many participants received a high score on the KAST at baseline (mean 16.72 correct out of 20 compared with psychometric work on the initial development of the KAST [49] suggesting typical average scores among family members of 10.9 out of 20 or among lay community members of 9.3 out of 20).",certain,
Burchert_2019_app-adaptation-low-intensity-e-mental-he.json,Burchert_2019_app-adaptation-low-intensity-e-mental-he.txt,1,designer,resource,"Data collection was conducted without audio recordings, which reduced data quality and depth available to researchers.","The absence of audio recordings limited designers' ability to manage user understanding and to evaluate and verify user feedback post-hoc, hindering in-depth qualitative insight and rigorous assessment of participant responses.",Especially working without audio recordings likely has affected data quality and data depth.,certain,
Burchert_2019_app-adaptation-low-intensity-e-mental-he.json,Burchert_2019_app-adaptation-low-intensity-e-mental-he.txt,2,designer,resource,"The team had difficulty recruiting participants with lower education backgrounds, limiting sample diversity.",This recruitment constraint hindered designers' ability to gain a representative understanding of the target population and impaired requirements specification and contextual understanding for less-educated user segments.,"While a heterogeneous age distribution was achieved, it was especially challenging to recruit participants with a lower education background.",certain,
Burchert_2019_app-adaptation-low-intensity-e-mental-he.json,Burchert_2019_app-adaptation-low-intensity-e-mental-he.txt,3,designer,resource,"Refugees were not pre-screened for symptoms of distress, so participants may not have matched the app's intended clinical target group.",Not sampling the intended clinical population constrained the designers' ability to specify accurate user requirements and to evaluate the prototype's suitability and potential health impact for the actual target users.,"In addition, the interviewed refugees were not pre-screened for symptoms of distress. Consequently, the feedback does not necessarily originate from the exact target group of the app (i.e., Syrian refugees with increased distress and impaired functioning).",certain,
Burchert_2019_app-adaptation-low-intensity-e-mental-he.json,Burchert_2019_app-adaptation-low-intensity-e-mental-he.txt,4,designer,resource,"The team used prototyping software rather than a fully functioning app, so interactive exercises and real use could only be simulated.","Relying on non-functional prototypes limited designers' ability to evaluate interactive features, observe real user behaviour over time, and integrate realistic usability feedback into iteration cycles.","Since the prototyping software was used instead of providing a functioning version of an actual app, certain elements such as the interactive exercises could only be simulated at this stage. In order to receive actual feedback on a working prototype it will be necessary to provide access to a fully functioning version.",certain,
Burchert_2019_app-adaptation-low-intensity-e-mental-he.json,Burchert_2019_app-adaptation-low-intensity-e-mental-he.txt,5,interaction,resource,"Free-list interviews asked respondents to answer for the community, causing some responses to be given as representatives rather than from personal experience.","This interactional method choice produced secondary/hearsay data that weakened designers' ability to manage deep, personal user understanding and to accurately characterise contexts of use.","In the free list interviews, respondents still answered as representatives of the larger group instead of from a personal standpoint. Consequently, this approach may have introduced themes that were rather based on hearsay than on personal experience.",certain,
Burchert_2019_app-adaptation-low-intensity-e-mental-he.json,Burchert_2019_app-adaptation-low-intensity-e-mental-he.txt,6,stakeholder,resource,The planned contact-on-demand e-helper model included a 48-hour response latency that was judged too long and required more efficient e-helper management.,"Operational constraints around e-helper availability and response time limited designers' ability to define acceptable guidance features and specify feasible system requirements, impeding production of an acceptable support model.","the suggested response latency of up to 48 h was universally considered as too long and needs to be reduced, e.g., through more efficient systems for e-helper management.",certain,
Cafazzo_2012_mhealth-app-self-management-adolescent-t.json,Cafazzo_2012_mhealth-app-self-management-adolescent-t.txt,1,designer,resource,"Qualitative analysis was performed by a single reviewer, limiting analytic redundancy and rigor in deriving themes from interviews.","Having only a solitary coder reduced the designers' capacity to robustly manage user understanding and to confidently translate insights into user requirements, hindering analysis and specification workloads.","A solitary reviewer analyzed the coding, which was validated through member checking of adolescent health and endocrinology specialists at SickKids Hospital.",certain,
Cafazzo_2012_mhealth-app-self-management-adolescent-t.json,Cafazzo_2012_mhealth-app-self-management-adolescent-t.txt,2,designer,resource,"The pilot used a single-site, small convenience sample with no control group, limiting the study's generalizability and the designers' ability to evaluate outcomes robustly.",The limited sample and site constrained the designers' ability to evaluate the intervention and to generate generalizable evidence needed for iterative refinement and specifying broader user requirements.,"The pilot was limited to a single-site, small convenience sample with no control group, which limited our ability to generalize the findings and determine the efficacy of the intervention fully.",certain,
Cafazzo_2012_mhealth-app-self-management-adolescent-t.json,Cafazzo_2012_mhealth-app-self-management-adolescent-t.txt,3,designer,resource,"Participant dropout and missing baseline meter data reduced the analyzable sample, undermining planned outcome analyses.",Incomplete data and attrition directly hindered the designers' and researchers' ability to evaluate the design's effectiveness and to integrate evaluation findings into subsequent iterations.,"Of these, 2 did not complete the full 12-week pilot study and 6 did not have sufficient baseline data from the meters for us to perform the analysis for the primary outcome measure.",certain,
Cafazzo_2012_mhealth-app-self-management-adolescent-t.json,Cafazzo_2012_mhealth-app-self-management-adolescent-t.txt,4,interaction,resource,Limited deployment and low/uneven engagement with the in-app community made it difficult to assess the social networking component's value.,"Insufficient scale and skewed participation constrained the designers' ability to evaluate the community feature with users, hindering evaluation and decisions about integrating social features into the product.","We also have few findings on the effect of the community aspect of the intervention, and its direct value is difficult to ascertain. Only through wider deployment can the use of these social networking aspects be properly evaluated.",certain,
Cafazzo_2012_mhealth-app-self-management-adolescent-t.json,Cafazzo_2012_mhealth-app-self-management-adolescent-t.txt,5,designer,resource,"The reward mechanism relied on iTunes redemption codes, raising concerns about the long-term sustainability of the incentive model.","Sustainability constraints on the reward system limit the designers' ability to plan long-term deployment and iterative refinement of gamification features, affecting both design solution production and future evaluation.",The long-term sustainability of using iTunes redemption codes as a reward is an issue that requires attention.,certain,
Cai_2017_developing-evaluating-jiapp-acceptabilit.json,Cai_2017_developing-evaluating-jiapp-acceptabilit.txt,1,interaction,resource,"Participant sampling was biased toward computer-literate young people who already had easy access to smartphones, limiting the designers' exposure to less tech-savvy or non-smartphone users.","This participation bias constrained designers' ability to manage evolving user understanding and to study the full context of use and requirements for users without smartphone access, reducing the validity of requirements and potential design adaptations for those groups.","Our user groups were diverse, even though relatively small, with participating patients having different JIA subtypes at various stages of their treatment and from different ethnical backgrounds. The app’s design and evaluation were not affected by the characteristics of YP, but participation bias may have influenced the themes that emerged from our FGDs and interviews. For example, all study participants were computer literate and had easy access to smartphones; whether further refinements of the app are necessary for patients who are less familiar with this technology needs to be established.",certain,
Cai_2017_developing-evaluating-jiapp-acceptabilit.json,Cai_2017_developing-evaluating-jiapp-acceptabilit.txt,2,stakeholder,resource,Health care professionals (HCPs) raised concerns about accessibility for all patients and the additional resources and time required to monitor and interpret patient-generated app data.,"These stakeholder constraints imposed limits on designers' ability to integrate the system into clinical workflows and specified requirements (eg, desktop version, data presentation), and they created resource-based barriers that affected specification of user requirements and coordination with clinical teams.","The HCPs also identified possible barriers to integration such as accessibility to all patients and demands for additional resources. For example, HCPs proposed that a desktop version of the app will be beneficial to allow access to YP without a mobile phone. In addition, HCPs were concerned about the additional time needed to monitor remote symptom deteriorations and interpret additional information collected from the app.",certain,
Cai_2017_developing-evaluating-jiapp-acceptabilit.json,Cai_2017_developing-evaluating-jiapp-acceptabilit.txt,3,stakeholder,resource,"A project-level decision (driven by clinical workflow concerns) limited the study to non–real-time data monitoring, preventing designers from evaluating real-time monitoring functionality during this stage.","The explicit choice not to monitor data in real time restricted the designers' ability to evaluate and iterate on features that depend on real-time monitoring, thereby hindering design evaluation and integration testing in realistic clinical use contexts.","Therefore, before downloading the app, participants will be informed that data will not be monitored in real time for this stage of the project but will be reviewed during clinic consultations. This is also explicitly explained on the app with a disclosure statement.",certain,
Calvillo-Arbizu_2019_developing-e-health-system-renal-patient.json,Calvillo-Arbizu_2019_developing-e-health-system-renal-patient.txt,1,team,resource,Working with a multidisciplinary team increased process complexity and slowed system development because the team needed to reach a common understanding.,This organizational/time constraint hindered the designers' ability to coordinate a multidisciplinary team and slowed integration of feedback and iterative development cycles.,"As drawback, user involvement in all the development stages of an e-health system increases the complexity of the process. Working with a multidisciplinary team inevitably slows down system development due to the necessity of reaching a common understanding.",certain,
Calvillo-Arbizu_2019_developing-e-health-system-renal-patient.json,Calvillo-Arbizu_2019_developing-e-health-system-renal-patient.txt,2,stakeholder,emotional,"User contributions were often dismissed during the implementation process by stakeholders, causing misalignment between the system and healthcare delivery.","This attitudinal barrier from implementers prevented designers from ensuring that user input was integrated into implementation, undermining the ability to integrate feedback and address the holistic user experience.","User involvement in design and evaluation stages is common in the health domain, but user contributions are often dismissed in the implementation process what results in systems facing user refusal since they are not aligned enough to the healthcare delivery or present a limited usability.",certain,
Calvillo-Arbizu_2019_developing-e-health-system-renal-patient.json,Calvillo-Arbizu_2019_developing-e-health-system-renal-patient.txt,3,interaction,knowledge,Participants' low confidence and hesitancy to use the app without help limited independent user testing and required hands-on demonstrations by the research team.,"This interactional issue impeded facilitation of user involvement and evaluation activities because designers had to modify testing procedures (practical showing) rather than observe unaided use, reducing the validity and ease of iterative evaluation.","Would you know use AppNephro without prior help? Yes: 25% No: 0% I don’t know: 75% Since the previous survey concluded that the participants showed hesitant to test AppNephro without help, this stage began by performing a practical showing.",certain,
Calvillo-Arbizu_2019_developing-e-health-system-renal-patient.json,Calvillo-Arbizu_2019_developing-e-health-system-renal-patient.txt,4,stakeholder,resource,"Reconciling diverse user desires with technological possibilities imposed limits on the cost-efficiency of the product, constraining design choices.","These cost and technology constraints limited designers' ability to iterate freely, specify and implement extensive user requirements, and produce solutions that satisfy all stakeholder groups.","A further issue is the continuous reconciliation between desires, preferences and needs of different kind of users and technology that imposes limits on the cost-efficiency of the product. Involving users requires to agree on every decision on system development by establishing balances among user needs and desires, technology possibilities and costs.",certain,
Carayon_2022_human-team-health-it-pediatric-trauma-ca.json,Carayon_2022_human-team-health-it-pediatric-trauma-ca.txt,1,interaction,resource,Clinicians' limited availability and short meeting times prevented full participation in design sessions.,"This constrained facilitation of user involvement and coordination of the multidisciplinary team, limiting designers' ability to manage user understanding and integrate feedback across iterations.",Challenges included time constraints as meetings were scheduled for only 1 hour and not all clinicians could fully participate in all design sessions.,certain,
Carayon_2022_human-team-health-it-pediatric-trauma-ca.json,Carayon_2022_human-team-health-it-pediatric-trauma-ca.txt,2,interaction,resource,"Not all user groups were directly involved in the design process, creating gaps in representation.","Incomplete user representation hindered designers' ability to fully understand the context of use and specify comprehensive user requirements, risking missed inputs that affect design decisions and iteration.","Because not all groups of users were directly involved in the design of T3, it is possible that important input may have been missed.",certain,
Carayon_2022_human-team-health-it-pediatric-trauma-ca.json,Carayon_2022_human-team-health-it-pediatric-trauma-ca.txt,3,designer,skill,The design team struggled to decide which information elements to include due to diverse user roles and information needs.,"This cognitive/decision-making difficulty impeded the specification of clear user requirements and the production of stable design solutions, prolonging iterative design activities.","A challenge of the HCD process was deciding which information elements to include on T3, especially given the various users and roles with different information needs.",certain,
Carayon_2022_human-team-health-it-pediatric-trauma-ca.json,Carayon_2022_human-team-health-it-pediatric-trauma-ca.txt,4,stakeholder,resource,Nursing leadership concerns about the accuracy and safety of displayed information forced the team to add a proactive risk analysis step and raised issues about EHR data reliability and timely access.,Stakeholder-driven requirements and data-source reliability constraints disrupted the planned HCD workflow and limited designers' ability to finalize requirements and iterate toward an implementable solution without resolving data/infrastructure dependencies.,We also discussed the impact of T3 on patient safety as nursing leaders expressed concern about the accuracy of the displayed information on T3. This led us to add a step in the HCD process and conduct a patient safety analysis (step 6).,certain,
Carayon_2022_human-team-health-it-pediatric-trauma-ca.json,Carayon_2022_human-team-health-it-pediatric-trauma-ca.txt,5,stakeholder,resource,Information-source reliability and timely access in the EHR were identified as important vulnerabilities for T3's data.,"Concerns about where data come from and EHR reliability constrained designers' ability to produce and evaluate an implementation-ready design, affecting specification of requirements and future integration/implementation work.","In a separate analysis, we found that about 90% of the information elements on T3 could be found in the EHR; the proactive risk analysis brought up the important issue of reliability of and timely access to information in the EHR.",certain,
Carayon_2022_human-team-health-it-pediatric-trauma-ca.json,Carayon_2022_human-team-health-it-pediatric-trauma-ca.txt,6,designer,resource,"The project produced and evaluated only a mock-up, so designers lacked information about real-world use of the technology.","Absence of implementation prevented designers from conducting evaluation in actual workflow contexts, hindering the evaluate designs workload and the ability to refine designs based on real use.","Finally, because we developed and evaluated a technology mock-up, we do not have information on the actual use of the technology.",certain,
Catalani_2014_clinical-decision-support-system-integra.json,Catalani_2014_clinical-decision-support-system-integra.txt,1,stakeholder,resource,"Fragmented and incomplete clinical information systems (EMR, lab, pharmacy, radiology, TB records) produced missing patient data that produced incorrect reminders.","Poor system integration and missing data prevented the design team from producing accurate, actionable decision-support messages and hindered evaluation and iteration during usability testing and lab simulation.","Clinicians perceived the information systems, however helpful, to frequently suffer from missing patient data. Information system managers understood that this problem derived, in part, from the lack of integration between patient’s EMR, laboratory management information systems, pharmacy information systems, radiology information systems, and TB patient records.",certain,
Catalani_2014_clinical-decision-support-system-integra.json,Catalani_2014_clinical-decision-support-system-integra.txt,2,stakeholder,resource,"Basic infrastructure and supply-chain limitations (lack of functional printers, unreliable electricity, limited radiology access, and IPT stock-outs) were identified as major implementation stumbling blocks.","These external resource constraints directly impeded the team's ability to deliver, test, and scale the paper‑based decision support (production, deployment, and evaluation workloads) and forced the team to spend months addressing feasibility rather than design refinement.","These included technology systems requirements such as functional printers, reliable electricity, and improvements to EMR data quality and they also included clinical requirements such as adequate IPT stocks and supply-chain management, improved access to radiology, and provider knowledge of TB and IPT standards of care.",certain,
Catalani_2014_clinical-decision-support-system-integra.json,Catalani_2014_clinical-decision-support-system-integra.txt,3,interaction,knowledge,Most clinicians had insufficient knowledge about IPT eligibility and uncertainty about interpreting or ordering chest x-rays.,"Clinician knowledge gaps limited the team's ability to specify user requirements and design actionable reminders, because providers could not reliably act on or validate the system's recommendations during usability evaluation.","Clinician knowledge of IPT. Interview transcripts and observation sessions alike revealed that, although some clinicians were quite knowledgeable about global and institutional standards for determining IPT eligibility, most had insufficient knowledge to determine eligibility for their patients. In particular, they often described being unsure about the role of chest x-ray, when and if it should be ordered and how to read radiographs.",certain,
Catalani_2014_clinical-decision-support-system-integra.json,Catalani_2014_clinical-decision-support-system-integra.txt,4,interaction,emotional,Clinicians were hesitant to initiate IPT for eligible patients due to prior experiences with drug 'stock-outs' and fear of contributing to drug resistance.,"This clinician reluctance reduced the actionability of reminders and hampered the team's ability to observe and iterate on real-world behavior change, affecting evaluation and integration of feedback.","Providers remained hesitant to start a patient on IPT due to pharmacy shortages. Previous experiences with periodic and long-term ‘‘stock-outs,’’ as participants described them, made clinicians wary of contributing toward drug resistance by exposing patients to IPT and not completing the regimen.",certain,
Catalani_2014_clinical-decision-support-system-integra.json,Catalani_2014_clinical-decision-support-system-integra.txt,5,stakeholder,resource,Operational data‑entry and record‑update processes were ineffective: providers' updates to patient records were not reliably entered into the EMR by the data team.,"Failure of the data workflow meant corrections from clinicians did not propagate into the system, producing persistent inaccurate reminders and preventing designers from validating fixes during iterative testing and evaluation.","""If I see the chest x-ray missing, first I ask the patient if they did it recently. If they say yes, then I ask what the result was. ... I make a note of it to update the information. And sometimes I repeat this note to the data team several times and nothing changes in the system. I keep getting the reminder.""",certain,
Chacon-Cifuentes_2020_interdisciplinary-approach-process-appli.json,Chacon-Cifuentes_2020_interdisciplinary-approach-process-appli.txt,1,designer,resource,Designers were unable to produce an initial functional prototype in the target magnesium alloy because the first prototype had to be manufactured in aluminum due to local access constraints. This limited their ability to test the design in the intended material early in the process.,"Requiring an aluminum prototype prevented designers from producing and evaluating solutions in the final material, hindering the 'produce design solutions' and 'evaluate designs' workloads (material-specific testing and iteration were deferred).","The first functional prototype is being manufactured in aluminum alloy, due to its ease of access in the local context. This prototype will be used to develop technical and usability tests. The resultant design will be prototyped in AZ31 magnesium alloy and the same tests mentioned will be applied.",certain,
Chacon-Cifuentes_2020_interdisciplinary-approach-process-appli.json,Chacon-Cifuentes_2020_interdisciplinary-approach-process-appli.txt,2,team,resource,"Key manufacturing processes (surface treatments and powder metallurgy) were developed in parallel subprojects and had not been scaled for application, delaying their integration into the main design work. This separation constrained the team's ability to incorporate manufacturing solutions into the design on schedule.","Because those processes were not yet scaled and integrated, the team could not finalize or test the magnesium prototype, hindering 'produce design solutions', 'integrate feedback & iteration', and coordination of the multidisciplinary team.","On the other hand, the processes for the treatment of the surfaces and the formation of pieces by powder metallurgy, were developed by materials engineers in parallel subprojects. The results of these subprojects will be integrated into the design process when said manufacturing processes are scaled for their application in the magnesium prototype.",certain,
Chartomatsidis-Goumopoulos_2020_development-evaluation-motion-exercise-g.json,Chartomatsidis-Goumopoulos_2020_development-evaluation-motion-exercise-g.txt,1,designer,resource,Variation in how seniors execute gestures and differences in body types forced designers to collect more training samples than initially planned.,"This increased data-collection burden and constrained the designers' ability to train reliable activity-recognition models, hindering the operational workloads of understanding context of use and producing/evaluating design solutions.","During the training process one issue that required attention was the fact that users cannot execute the movements the same way. Moreover, the body type of each user was an issue that had to be resolved. For instance, some users are taller than others thus, the system would not have been able to identify the gestures and motions if it would have been trained based on a single person.",certain,
Chartomatsidis-Goumopoulos_2020_development-evaluation-motion-exercise-g.json,Chartomatsidis-Goumopoulos_2020_development-evaluation-motion-exercise-g.txt,2,designer,knowledge,"Existing literature guidance (three training users) proved insufficient for elderly participants, requiring empirical reassessment of sample-size needs.",Relying on literature thresholds that did not transfer to this elderly population limited planners' ability to specify adequate training requirements and manage user-understanding and training procedures for the sensor algorithm.,"Literature research indicated that the accepted number of people required in situations like this was three in order to cover all body types regarding weight and height. However, after testing that threshold using the live testing option provided by sensor’s SDK, it was noticed that system’s confidence level was below average.",certain,
Chartomatsidis-Goumopoulos_2020_development-evaluation-motion-exercise-g.json,Chartomatsidis-Goumopoulos_2020_development-evaluation-motion-exercise-g.txt,3,designer,skill,"Modeling the walking motion as a continuous gesture produced ambiguous stage transitions that the system misrecognized, forcing the team to abandon the initial approach and reclassify the motion as discrete.","This technical and modeling difficulty impeded the designers' ability to evaluate and iterate on interaction mechanics, constraining the integration of feedback and the production of robust gesture-detection solutions.","After testing the above scenario, cases were noticed where the system could not recognize the gesture correctly. Specifically, after the end of stage 2 and just before the start of stage 3, the user has both legs on the ground the same as at the end of the gesture which resulted some times in a conflict state, where the system would falsely consider that the motion was completed after stage 2 and right before stage 3. The result of this was for the player to stop moving from time to time which had a negative effect on the overall game experience. Thus, it was decided to reject this approach and classify this motion as discrete and use the same training technique as for the leaning gesture.",certain,
Chartomatsidis-Goumopoulos_2020_development-evaluation-motion-exercise-g.json,Chartomatsidis-Goumopoulos_2020_development-evaluation-motion-exercise-g.txt,4,interaction,resource,Seniors required expert instruction and domain support (physiotherapist/researcher presence) to use the system effectively during evaluation.,"Needing expert facilitation increased the resource and coordination burden on designers and limited independent user participation, hindering the workload of facilitating user involvement and conducting evaluations.","The evaluation of the game tool took place at the Elderly Protection Center in the city of Ptolemaida, Greece. ... during the whole process a physiotherapist was present for domain-specific support and a researcher for administration and technical support. As for the data from the effort expectancy category show that seniors didn’t find the system hard to use but only after they got the appropriate instructions from an expert since they didn’t have the knowledge to use the system from the beginning.",certain,
Chartomatsidis-Goumopoulos_2020_development-evaluation-motion-exercise-g.json,Chartomatsidis-Goumopoulos_2020_development-evaluation-motion-exercise-g.txt,5,designer,resource,"The study had a limited number of participants and a short evaluation timeframe, constraining the strength and generalizability of results.","Small sample size and short duration limited the designers' ability to perform robust evaluations and iterative refinements based on longer-term user data, hindering evaluation and managing evolving user understanding.",Limitations of the current study are acknowledged. The limited number of participants and the short evaluation timeframe prevent the justification of more sound results.,certain,
Chatterjee_2022_prohealth-ecoach-development-ecoach-app.json,Chatterjee_2022_prohealth-ecoach-development-ecoach-app.txt,1,designer,resource,"The team did not perform usability testing of the prototype, preventing completion of formal evaluation activities.",Not having conducted usability (heuristic) testing directly prevents designers from performing the 'evaluate designs' workload and from integrating empirical feedback into further iterations.,"First, we have presented the design and development of an eCoach prototype (i.e., ProHealth eCoach) for activity coaching. However, we have not performed its usability testing for the heuristic evaluation of the eCoach prototype.",certain,
Chatterjee_2022_prohealth-ecoach-development-ecoach-app.json,Chatterjee_2022_prohealth-ecoach-development-ecoach-app.txt,2,designer,resource,"Technical and logistical constraints (poor internet connectivity, BLE battery life, budget and time limitations) limited the study's ability to conduct and scale HCD activities.","These resource constraints hinder facilitating user involvement (remote workshops and data uploads), understanding context of use (reliable continuous monitoring), and evaluating prototypes in realistic settings.","Fourth, constraints, such as poor internet connectivity, battery lifetime due to BLE and background processing, budget, time plan, technological limitations should be overcome.",certain,
Chatterjee_2022_prohealth-ecoach-development-ecoach-app.json,Chatterjee_2022_prohealth-ecoach-development-ecoach-app.txt,3,designer,resource,"The chosen medical-grade activity sensor (MOX2–5) cannot classify certain activities (cycling, swimming, rowing, skiing), forcing manual questionnaire reporting.","This technological limitation increased reliance on self-report questionnaires and limited designers' ability to fully understand context of use and collect objective activity data, complicating specification of requirements and evaluation.","The current version of the MOX2–5 activity sensor is not suitable for classifying activities into the following detailed activity classes: cycling, swimming, rowing, and skiing. Therefore, the participants must report them manually as questionnaire data in the latest version of the eCoach app.",certain,
Chatterjee_2022_prohealth-ecoach-development-ecoach-app.json,Chatterjee_2022_prohealth-ecoach-development-ecoach-app.txt,4,stakeholder,resource,Vendor/manufacturer variability and opaque changes in consumer device algorithms make consumer wearables unreliable for long-term clinical trials.,External stakeholder practices (device manufacturers changing algorithms/sensors) limit designers' ability to select stable sensing platforms and thus hinder specifying robust data requirements and planning longitudinal evaluations.,"Furthermore, it is never known when the manufacturer replaces the algorithms or sensors in the device, so it is tricky to do clinical trials with such devices (over longer durations).",certain,
Chatterjee_2022_prohealth-ecoach-development-ecoach-app.json,Chatterjee_2022_prohealth-ecoach-development-ecoach-app.txt,5,designer,resource,"The study did not evaluate the credibility, reliability, or effectiveness of the recommendation generation and its presentation.","Without assessing recommendation credibility and effectiveness, designers cannot complete evaluation and iteration workloads needed to refine recommendation logic, visualization, and persuasive strategies.","Third, this study has not evaluated recommendation generation’s credibility, reliability, and effectiveness and its presentation (direct and indirect) towards motivational, behavioral change.",certain,
Chatterjee_2022_prohealth-ecoach-development-ecoach-app.json,Chatterjee_2022_prohealth-ecoach-development-ecoach-app.txt,6,designer,resource,"Integration, scalability, and validation in relevant/operational environments have not been performed, leaving the prototype untested at higher readiness levels.","Lack of integration and scalability testing prevents designers from evaluating the system in realistic contexts of use, hindering evaluation, iteration, and readiness for broader deployment.","We have designed and developed an initial version of the eCoach prototype; however, integration and scalability testing must be performed in the production environment.",certain,
Chen_2021_intelligent-individualized-cardiovascula.json,Chen_2021_intelligent-individualized-cardiovascula.txt,1,designer,resource,"Health care providers (eg, nurses) were not included in the standardized usability questionnaire, preventing designers from capturing provider perspectives on the care-provider app.","Excluding providers limited the team's ability to facilitate user involvement and evaluate the care-provider app, hindering the HCD workloads of facilitating user involvement and evaluating designs.","As iCARE was in the testing stage, and the main focus of this study was to test the experience of patients and the usability of the patient app, and therefore, we did not include health care providers (such as nurses) to complete the Health-ITUES.",certain,
Chen_2021_intelligent-individualized-cardiovascula.json,Chen_2021_intelligent-individualized-cardiovascula.txt,2,designer,resource,"The team developed the apps only for Android initially and deferred iOS compatibility until the Android version was stable, limiting platform coverage during design and testing.","Limiting development to Android constrained the designers' ability to understand context of use and to involve and evaluate users on other major platforms (iOS), impeding the workloads of understanding context of use and evaluating designs across device contexts.","The patient app and care provider app were developed to be compatible with Android-based smartphones, as they are more popular and affordable in China [27]. We will also develop iCARE to be compatible on iOS-based smartphones once the app is identified as being stable in Android-based smartphones.",certain,
Chen_2021_intelligent-individualized-cardiovascula.json,Chen_2021_intelligent-individualized-cardiovascula.txt,3,designer,resource,"A blood glucose monitor was not distributed to diabetic participants in stage II, so the team could not test glucose-monitoring integration with the app.","Lack of device distribution prevented designers from evaluating the app's integration with glucose devices and from fully understanding context of use for diabetic patients, hindering the evaluation of designs and understanding of context of use.","As the blood glucose monitor was not distributed to patients with diabetes (10/61 patients) in stage II testing, it was not available for testing the differences in this regard.",certain,
Chen_2021_intelligent-individualized-cardiovascula.json,Chen_2021_intelligent-individualized-cardiovascula.txt,4,interaction,emotional,"A substantial number of eligible patients (n=40) refused to participate due to lack of time, schedule conflicts, or lack of interest, reducing available user input.","Participant refusal limited designers' ability to recruit and involve end users for task analysis and usability evaluation, hindering the HCD workloads of facilitating user involvement and evaluating designs.","There were 40 patients eligible for the study but refused to participate due to various reasons, such as lack of time, conflict of schedule, or simply being uninterested.",certain,
Chen_2024_mytrack-plus-human-mhealth-app-support-l.json,Chen_2024_mytrack-plus-human-mhealth-app-support-l.txt,1,stakeholder,resource,"Designers lacked control over the implementation of the third-party FatSecret app, constraining how the companion app could integrate and navigate across apps.","This external dependency limited the designers' ability to manage cross-app navigation and to produce seamless design solutions and integrations required for effortless logging (process-level: manage user understanding; operational-level: produce design solutions, understand context of use).","While we lack control over the implementation of the FatSecret app, users can navigate backward using the built-in back navigation feature on both iOS and Android devices.",certain,
Chen_2024_mytrack-plus-human-mhealth-app-support-l.json,Chen_2024_mytrack-plus-human-mhealth-app-support-l.txt,2,stakeholder,resource,"The FatSecret API did not provide timestamps for self-monitored data, forcing the research team to append timestamps in their backend to obtain the instrumentation needed for the adaptive intervention.",This API limitation created additional engineering work and constrained designers' ability to straightforwardly gather temporally precise data necessary for specifying user requirements and for supporting the adaptive trigger algorithm (operational-level: specify user requirements; process-level: integrate feedback & iteration).,"In addition, the FatSecret API does not include timestamps for self-monitored weight, caloric intake, or physical activity. However, the inclusion of timestamps is crucial for supporting the implementation and evaluation of our adaptive weight maintenance intervention... Thus, in our backend system, we appended timestamps to the data collected in FatSecret and BodyTrace when requesting data from those applications’ servers.",certain,
Chen_2024_mytrack-plus-human-mhealth-app-support-l.json,Chen_2024_mytrack-plus-human-mhealth-app-support-l.txt,3,stakeholder,resource,Delays in data synchronization between MyTrack+ and FatSecret disrupted expected real-time integration during pilot testing.,"Synchronization delays impeded evaluation and understanding of real-world use (operational-level: evaluate designs; process-level: manage user understanding and facilitate user involvement), requiring backend changes and limiting accurate assessment of the dual-app experience.","Notably, nearly all participants expressed concerns regarding the delay in data synchronization between MyTrack+ and FatSecret. To address this issue, we modified our Cloud Functions to request data from FatSecret’s server whenever the companion app is refreshed, effectively achieving G1.",certain,
Chen_2024_mytrack-plus-human-mhealth-app-support-l.json,Chen_2024_mytrack-plus-human-mhealth-app-support-l.txt,4,interaction,resource,"The team used convenience sampling of university students for early usability testing instead of target users, which risked producing non-representative feedback and a local optimum design.","Recruiting non-target participants limited designers' ability to manage evolving, accurate user understanding and to validate designs under realistic conditions (process-level: manage user understanding; operational-level: evaluate designs), potentially biasing iterative changes.","Although Computer Science students were not our main target users, according to Nielsen (49), involving students in the domain of interest from a local university in usability testing can still yield valuable feedback. We chose to recruit students as convenience samples (50) because (1) they are easier to reach and more readily available and (2) they could also be potential users of weight management apps.",certain,
Chen_2024_mytrack-plus-human-mhealth-app-support-l.json,Chen_2024_mytrack-plus-human-mhealth-app-support-l.txt,5,designer,resource,"The team did not perform a comprehensive analysis of semi-structured interviews and usability questionnaire responses, limiting the depth of evaluation and learning from pilot data.","This omission constrained the designers' ability to integrate feedback, perform rigorous evaluation, and derive generalizable design requirements (process-level: integrate feedback & iteration; operational-level: evaluate designs; specify user requirements).","Second, it is important to note that we did not perform a comprehensive analysis of the conversations in our semi-structured interviews and measures of usability from questionnaire responses.",certain,
Chen_2024_mytrack-plus-human-mhealth-app-support-l.json,Chen_2024_mytrack-plus-human-mhealth-app-support-l.txt,6,designer,resource,"Project priorities required trade-offs favoring trial instrumentation and speed over richer commercial-level features, constraining the scope of design improvements responsive to some user preferences.","Prioritizing the clinical trial's progress limited the team's ability to address broader user expectations and add more comprehensive functionality, reducing their capacity to address holistic experience and to produce broader design solutions (process-level: address holistic experience; operational-level: produce design solutions).","Not meeting these expectations may impact the app's usability, but trade-offs were necessary to achieve our main design goal: effectively supporting the implementation of our team’s specific adaptive weight intervention and prioritizing the progress of our clinical trial aimed at evaluating the intervention’s effectiveness.",certain,
Chu_2021_exergaming-platform-older-adults-residin.json,Chu_2021_exergaming-platform-older-adults-residin.txt,1,interaction,resource,"Participant availability and scheduling conflicts reduced attendance across iterative testing rounds, limiting consistent user involvement.","Irregular attendance and postponed/cancelled sessions prevented designers from conducting repeated evaluations with the same users, hindering facilitate user involvement and integrate feedback & iteration workloads.","Not all individuals participated in all rounds of testing for reasons related to doctor or dentist appointments, day trips, and availability of the residents. Consistent with other studies [62], we also experienced user testing sessions being postponed or canceled if the resident was ill or had a medical appointment and scheduled for other activities, and residents often felt too lethargic to engage in PA after lunch;",certain,
Chu_2021_exergaming-platform-older-adults-residin.json,Chu_2021_exergaming-platform-older-adults-residin.txt,2,interaction,resource,"Residents' multiple physical, sensory, and cognitive impairments complicated recruitment, retention, and data collection activities.","Health, sensory, and cognitive limitations among participants constrained the team's ability to manage user understanding, evaluate designs, and retain participants for iterative testing sessions.","Residents had multiple physical, sensory, and cognitive impairments. ... symptoms, including fatigue and hearing or visual impairments, which can severely impact all aspects of the research, especially recruitment, retention, and data collection [58].",certain,
Chu_2021_exergaming-platform-older-adults-residin.json,Chu_2021_exergaming-platform-older-adults-residin.txt,3,designer,resource,A relatively small sample drawn from only two nursing homes limited the study's breadth and the designers' ability to generalize findings.,Limited sample size and sites constrained the designers' ability to manage user understanding across diverse contexts and to confidently specify user requirements for broader deployments.,"First, the study sample included a relatively small number of participants and included 2 mid- to large-sized nursing homes in Canada, which may impact the generalizability of the results to other contexts.",certain,
Chu_2021_exergaming-platform-older-adults-residin.json,Chu_2021_exergaming-platform-older-adults-residin.txt,4,designer,resource,"Technical development was time-consuming and relied on fragile hardware (single Arduino), slowing iteration and upgrades.",Long programming times and fragile hardware limited the team's capacity to rapidly produce and refine design solutions and to iterate prototypes efficiently.,"From a development perspective, the programming of the games was time consuming, and we found the single Arduino was fragile and hard to upgrade.",certain,
Chu_2021_exergaming-platform-older-adults-residin.json,Chu_2021_exergaming-platform-older-adults-residin.txt,5,interaction,emotional,Having a member of the research team conduct some interviews may have inhibited participants from voicing negative feedback.,"Social desirability and reluctance to criticize the team reduced the accuracy of user feedback, hindering manage user understanding and integrate feedback & iteration activities.","Second, the interviewer for some of the interviews was a member of the research team, which may have prevented participants from sharing negative opinions that criticized the exergame.",certain,
Chu_2021_exergaming-platform-older-adults-residin.json,Chu_2021_exergaming-platform-older-adults-residin.txt,6,stakeholder,resource,Operational and acquisition costs in LTC settings limited the feasibility of technology adoption and broader deployments.,"Financial constraints and funding models restricted the designers' ability to plan for real-world implementation, scale testing, and to make design trade-offs informed by acquisition realities, affecting produce design solutions and evaluate designs in practice.","The primary barrier to the acquisition of new technology in LTC home adoption is cost. All the staff stakeholders identified cost as a barrier and explained how available funds were influenced by different variables, including home fundraising efforts, the annual funding envelope to support activities, and whether the payment model for the technology was an outright cost or a subscription-based service requiring ongoing payments.",certain,
Chu_2021_exergaming-platform-older-adults-residin.json,Chu_2021_exergaming-platform-older-adults-residin.txt,7,stakeholder,resource,"Limited physical space in LTC homes and staff heavy workloads required designs to be lightweight, compact, and quick to set up.","Spatial constraints and staff time pressures forced design trade-offs and constrained prototype form factors, hindering the designers' ability to explore alternative solutions and address holistic experience and produce design solutions workloads.","In addition, the lack of physical space was identified as an issue, so new interventions need to be adaptable to fit different-sized common areas and activity rooms. Staff also emphasized the need for the exergame design to be lightweight, compact, and quick to set up because of the heavy workloads.",certain,
Clack_2019_participatory-visual-cues-isolation-prec.json,Clack_2019_participatory-visual-cues-isolation-prec.txt,1,stakeholder,resource,"A change in institutional isolation guidelines disrupted the study and evaluation activities, preventing planned quantitative analyses and complicating user testing.","This organizational change hindered the designers' ability to evaluate prototypes and integrate feedback because frontline staff focused on guideline discrepancies rather than signage design, limiting the evaluation and iteration workload.","During this study, we were faced with the challenge of changing institutional guidelines for isolation precautions. This prevented a quantitative analysis of change in practice and presented a challenge during the evaluation with frontline staff, who were not yet familiar with the new guidelines and thus had a tendency to focus on the discrepancies between the ""new"" vs. the current guidelines, rather than signage design.",certain,
Clack_2019_participatory-visual-cues-isolation-prec.json,Clack_2019_participatory-visual-cues-isolation-prec.txt,2,stakeholder,resource,Safety and feasibility concerns (institutional/regulatory constraints) prevented implementation of some participant-ideated forcing-function solutions and forced designers to adopt less integrated prototypes.,"These external safety/feasibility constraints limited the team's ability to produce and test certain design solutions, constraining prototyping choices and iteration on potentially high-impact concepts.","During one workshop, participants working on the problem statement, ""how might we ensure that required isolation measures are respected 100% of the time,"" ideated around forcing function solutions to detect if appropriate personal protective equipment had been donned prior to opening the patient door (Fig. 5). Due to safety and feasibility concerns with this idea, during the prototyping phase these participants instead employed masks suspended in the doorway through which healthcare providers must walk, thereby automatically donning a mask upon room entry.",certain,
Coffen-Burke_2023_designing-software-genomics-medicine-ser.json,Coffen-Burke_2023_designing-software-genomics-medicine-ser.txt,1,designer,resource,"The study used a very small sample (seven GM service leaders), limiting the breadth of user data available to the design team.","Limited participant availability constrained the team's ability to evaluate designs and to manage a deep, generalizable understanding of end users, hindering evaluation and user-understanding workloads.","First, we performed our analysis with a sample size of seven GM service leaders. While this is a small number, this is within ai sample size that is common for qualitative, user experience, and participatory design research [26].",certain,
Coffen-Burke_2023_designing-software-genomics-medicine-ser.json,Coffen-Burke_2023_designing-software-genomics-medicine-ser.txt,2,designer,knowledge,"The team was unable to study the relationship between stakeholder engagement and organizational readiness for adopting GM services, creating an empirical knowledge gap.","This lack of evidence prevented designers from fully understanding the context of use and from specifying user requirements that link stakeholder engagement to successful implementation, limiting requirements formation and contextual understanding.","Third, we were unable to study the relationship between stakeholder engagement and organizational readiness for a GM service or genetic test offering. The relationship between stakeholder engagement and quality improvement projects is supported by empirical findings of others [27], but more work remains to empirically study this relationship with GM services specifically.",certain,
Coffen-Burke_2023_designing-software-genomics-medicine-ser.json,Coffen-Burke_2023_designing-software-genomics-medicine-ser.txt,3,stakeholder,resource,"Unclear or constrained access to local data (e.g., electronic health record summaries and PRECISE-Value model inputs) limited the ability to include institution-specific evidence in the prototype.","Data access requirements outside the design team prevented designers from integrating local evidence and analytic tools into the user flow, hindering the ability to specify requirements, produce more complete prototypes, and meaningfully evaluate designs with realistic data.","Feedback also indicated a need to improve our initial design so that the submissions made by stakeholders are more clearly summarized, and so that local evidence can be included in a report along with the stakeholder review summary. More work is needed to understand data access requirements to incorporate such a tool into the user process.",certain,
Coffen-Burke_2023_designing-software-genomics-medicine-ser.json,Coffen-Burke_2023_designing-software-genomics-medicine-ser.txt,4,stakeholder,resource,"Maintaining accurate, up-to-date directory information about potential stakeholders (credentials, roles, prior engagement) is challenging because individuals change roles and affiliations.","This external data-maintenance constraint limits the designers' ability to implement and validate the prototype's stakeholder search and selection functionality, hindering understanding of users and the ability to facilitate stakeholder involvement reliably.","Feasibility to provide the most accurate and up-to-date information in requested areas, however, requires further investigation. Individuals, for example, may change career roles, employment, expertise, and location which can create challenges to maintaining such up-to-date information.",certain,
Coffen-Burke_2023_designing-software-genomics-medicine-ser.json,Coffen-Burke_2023_designing-software-genomics-medicine-ser.txt,5,designer,resource,"A substantial portion of collected synthesized comments (39%, N=54) were not relevant to the study's focal design considerations, producing noisy or low-priority feedback.","Irrelevant or off-target user feedback reduced the efficiency and focus of the team's analysis and slowed integration of actionable user input, hindering the integrate-feedback & iteration and evaluation workloads.","Second, many of the synthesized comments were not relevant to the design considerations of focus in this work (39%, N=54). Other synthesized comments will be used to identify lower-priority design improvements.",certain,
Connelly_2012_offline-mobile-nutrition-monitoring-inte.json,Connelly_2012_offline-mobile-nutrition-monitoring-inte.txt,1,interaction,emotional,"Many low-literacy patients refused to participate in tasks that required reading (including literacy tests), preventing direct measurement of literacy and forcing researchers to rely on a proxy measure.",This interactional reluctance limited the team's ability to manage user understanding and to specify accurate user requirements based on measured literacy levels.,"Many low-literacy patients refuse to participate in any study that requires reading (including taking a literacy test), because they lose standing with their peers. Thus, we used education levels as a proxy for literacy.",certain,
Connelly_2012_offline-mobile-nutrition-monitoring-inte.json,Connelly_2012_offline-mobile-nutrition-monitoring-inte.txt,2,designer,resource,Difficulty obtaining actual consumption levels and incomplete recording by subjects meant researchers lacked reliable ground-truth data on what subjects actually consumed.,"Lack of accurate consumption measurements prevented the team from fully evaluating compliance and the effectiveness of the design, hindering the 'evaluate designs' and 'manage user understanding' workloads.","One limitation of the study was that given the difficulty in obtaining actual consumption levels, we do not know how compliant subjects were in monitoring. Interdialytic weight gain values do tell us subjects only recorded 56% of the fluid they consumed.",certain,
Connelly_2012_offline-mobile-nutrition-monitoring-inte.json,Connelly_2012_offline-mobile-nutrition-monitoring-inte.txt,3,designer,resource,The barcode scanner technology (Socket SDIO In-Hand Scan Card) frequently failed: subjects could not successfully scan items the majority of attempts.,"High scanner failure rates limited the team's ability to evaluate and rely on scanning as an input mechanism, constraining user testing, iteration, and the specification of usable input methods.",Subjects could not successfully scan an item 87.9% of the time they attempted to do so. Only four subjects successfully scanned an item on their own.,certain,
Connelly_2012_offline-mobile-nutrition-monitoring-inte.json,Connelly_2012_offline-mobile-nutrition-monitoring-inte.txt,4,interaction,emotional,"Some subjects did not take the device outside the home or use it in front of strangers, indicating stigma or privacy concerns around using the PDA publicly.",This user reluctance impeded the designers' ability to study context of use and to facilitate naturalistic user involvement and evaluation of the system outside the dialysis unit.,Some subjects did not take DIMA out of the home and/or did not use DIMA in front of strangers.,certain,
Connelly_2012_offline-mobile-nutrition-monitoring-inte.json,Connelly_2012_offline-mobile-nutrition-monitoring-inte.txt,5,designer,resource,The PDA's limited screen size prevented displaying feedback for all monitored nutrients on every screen.,This hardware constraint forced trade-offs in information presentation and hindered the designers' ability to address the holistic experience and fully specify feedback requirements.,"DIMA could not include feedback for all six items on every screen because of the limited screen size. Instead, DIMA has a feedback bar at the bottom of the build-a-meal screen that provides the user with the ability to see their consumption levels for the most critical nutrients at a glance—fluid, sodium, and potassium.",certain,
Connelly_2012_offline-mobile-nutrition-monitoring-inte.json,Connelly_2012_offline-mobile-nutrition-monitoring-inte.txt,6,designer,resource,Loss of devices during the study caused incomplete interaction logs for at least one subject.,"Data loss reduced the completeness of usage data, hindering evaluation of the design and interpretation of user behavior during iteration and assessment activities.","Unfortunately, subject 17 lost his PDA during the study, and so we only have a partially complete interaction log for that subject.",certain,
Connelly_2012_offline-mobile-nutrition-monitoring-inte.json,Connelly_2012_offline-mobile-nutrition-monitoring-inte.txt,7,stakeholder,resource,Socioeconomic costs (data plan expense) and privacy concerns among subjects limited options for synchronizing the app with remote records or using phone-based data plans.,"External cost and privacy constraints prevented designers from adopting certain technical implementations (eg, remote synchronization) and affected planning for future platform choices, constraining specification and operationalization of system features.","the necessary data plan is currently too costly for many subjects with low-socioeconomic status, and subjects may not want to share the information with providers.",certain,
Cornet_2020_untold-stories-mobile-health-practical-c.json,Cornet_2020_untold-stories-mobile-health-practical-c.txt,1,stakeholder,resource,"Funding agency and IRB requirements constrained the number of planned design-and-test iterations, limiting flexibility to extend iterative cycles.","External regulatory and funding constraints prevented designers from performing additional iteration and integrating further feedback, hindering the workload of integrating feedback & iteration and evaluating designs over extended cycles.","We planned the number of design-and-test iterations early in the project to satisfy the requirements of the funding agency and Institutional Review Board (IRB). As the project progressed, it became apparent that those assumptions were correct and that to adhere to budget and project timeline restrictions, we would be able to complete the 3 planned iterations.",certain,
Cornet_2020_untold-stories-mobile-health-practical-c.json,Cornet_2020_untold-stories-mobile-health-practical-c.txt,2,designer,resource,"Logistical burdens (meeting recruitment goals, preparing materials, coordinating geographically dispersed members) consumed resources and complicated UCD activities.","These logistical constraints limited designers' ability to facilitate user involvement, manage user understanding (through timely data collection), and coordinate multidisciplinary team activities necessary for iterative design and evaluation.","Many of our recurring challenges were related to logistics, such as meeting recruitment goals, preparing and managing materials (ie, instructions, presentations, and design documentation), and arranging a specific time for members and advisors to meet despite being geographically dispersed.",certain,
Cornet_2020_untold-stories-mobile-health-practical-c.json,Cornet_2020_untold-stories-mobile-health-practical-c.txt,3,team,knowledge,"Disciplinary diversity produced disagreement, communication difficulties, and differences in assumptions that were not automatically reconciled within the team.",Cultural and methodological misalignment among team members hindered the workload of coordinating a multidisciplinary team and maintaining a shared understanding necessary for coherent design and iteration.,"However, with disciplinary diversity comes disagreement, communication difficulty, and differences in assumptions, and although these are all desirable elements, they require efforts to manage, for example, by frequently asking team members to state their assumptions.",certain,
Cornet_2020_untold-stories-mobile-health-practical-c.json,Cornet_2020_untold-stories-mobile-health-practical-c.txt,4,designer,resource,"The volume and depth of formative interview data exceeded the team's analytic capacity within the available time, delaying discovery of important findings.",Excess data that could not be analyzed in time prevented timely management of user understanding and integration of formative insights into design decisions and iteration.,"The number and depth of P2P interviews yielded more data than could be analyzed in the time allotted. As a result, several important findings from stakeholder interviews were not discovered until further in the design process, negating some of the benefits of early learning.",certain,
Cornet_2020_untold-stories-mobile-health-practical-c.json,Cornet_2020_untold-stories-mobile-health-practical-c.txt,5,designer,resource,"Stakeholder samples were limited in diversity and representativeness (eg, patients were all white and predominantly male; advisors were more educated and engaged).",Limited and unrepresentative stakeholder recruitment constrained designers' ability to manage user understanding and to specify requirements that reflect the broader target population.,"The patients we interviewed in our formative research were all white, and two-third were male. Patient advisors were more likely to be educated and engaged in their health than peers, consistent with the general trend that patient advisors are rarely ordinary people.",certain,
Cornet_2020_untold-stories-mobile-health-practical-c.json,Cornet_2020_untold-stories-mobile-health-practical-c.txt,6,team,resource,Staff turnover and staffing limitations meant that only one design team member had participated in most formative activities and thus acted as the primary voice of patients.,"Loss of continuity and few team members with firsthand user exposure hindered designers' ability to manage user understanding, facilitate stakeholder involvement, and coordinate across phases of UCD.","One project member personally participated in almost every interview, feedback session, design meeting, and usability test. However, she was the only design team member who had interviewed patients and was therefore expected to be the voice of patient participants on the design team. Over time, turnover greatly reduced the number of team members who had been present from the beginning of the project and had therefore participated in any formative research activities.",certain,
Cornet_2020_untold-stories-mobile-health-practical-c.json,Cornet_2020_untold-stories-mobile-health-practical-c.txt,7,designer,emotional,"Persistent designer assumptions and biases led to design choices that were not aligned with user preferences (for example, incorporating rewards that users found distracting).","Cognitive and attitudinal biases prevented designers from accurately managing user understanding and from producing solutions that aligned with user needs, undermining evaluation and iteration workloads.","Designer bias is difficult to overcome, even when UCD methods are used to collect contradictory evidence. In the P2P project, for example, we incorporated rewards based on the literature. Nothing in the formative data contradicted the potential value of rewards, so it was not until testing that we learned that most participants thought the rewards were distracting.",certain,
Cornet_2020_untold-stories-mobile-health-practical-c.json,Cornet_2020_untold-stories-mobile-health-practical-c.txt,8,designer,resource,"Scope creep and excessive feature complexity led the team to design many features in parallel, reducing time and effort available for each feature's design and testing.","Overly broad scope and complexity constrained designers' ability to specify clear requirements, produce focused design solutions, and perform sufficient evaluation and iteration on individual features.","As a result, we attempted to include in a single app a large variety of features. We also attempted to integrate these many features to produce a coherent product. Often, multiple features were being slowly designed in parallel, rather than perfecting 1 feature before moving on to the next. These conditions sometimes led to confusion about the purpose of the app. More features also meant less time and effort spent designing or testing each.",certain,
Cornet_2020_untold-stories-mobile-health-practical-c.json,Cornet_2020_untold-stories-mobile-health-practical-c.txt,9,interaction,knowledge,"Tensions between designers, clinicians, and patients over innovation versus clinical reality led to disagreements about what features or information were appropriate or feasible.","Divergent stakeholder knowledge, preferences, and clinical constraints impeded designers' ability to produce solutions that both innovated and fit clinical workflows, thus hindering specification of requirements and integration of stakeholder feedback.","In our experience, designers, clinician stakeholders, and patient stakeholders were divided on what was possible for and needed from the product being designed. Generally, clinicians were more conservative, preferring to replicate existing practices and avoid less studied or riskier options. For instance, clinicians were more conservative than designers about how much unedited information and control over its interpretation to offer patients.",certain,
Cornet_2020_untold-stories-mobile-health-practical-c.json,Cornet_2020_untold-stories-mobile-health-practical-c.txt,10,designer,resource,"Laboratory-based usability testing provided limited external validity and was easier to run, while in-the-wild testing was more valid but expensive and time-intensive, limiting field evaluation.",Resource trade-offs between lab and field testing constrained designers' ability to evaluate designs in realistic contexts and to integrate longer-term use feedback into iterations.,P2P usability testing was conducted in a laboratory setting... this setting was more challenging because it required participants to test prototypes in a time and place dissimilar from the intended context of use. In-the-wild testing is expensive and time-intensive and may not be possible in every project.,certain,
Cornet_2020_untold-stories-mobile-health-practical-c.json,Cornet_2020_untold-stories-mobile-health-practical-c.txt,11,designer,knowledge,"Standardized evaluation methods required adaptation for older adults (eg, simplified SUS, accommodating breaks, handling vision and motor impairments), indicating limited fit of standard tools to the population.","Lack of suitable, validated methods for the target population hindered designers' ability to evaluate designs reliably and to facilitate meaningful user involvement without compromising data quality.","We adapted the standard methods in several ways, including accommodating older adult participants. For example, we administered a simplified version of the System Usability Scale (SUS) self-report measure, which we developed specifically for older adults. We also discovered challenges that we had not anticipated, for example, a participant having difficulty completing computer-based surveys because of vision and motor impairment.",certain,
Cornet_2020_untold-stories-mobile-health-practical-c.json,Cornet_2020_untold-stories-mobile-health-practical-c.txt,12,designer,resource,"Using multiple concurrent evaluation methods increased session burden and data volume, sometimes causing sessions to be cut short and slowing analysis and iteration.","High measurement and data-processing workload reduced the team's capacity to rapidly analyze findings and prepare subsequent prototypes, hindering the integrate feedback & iteration and evaluate designs workloads.","At times, the multiplicity of methods in a single session resulted in testing sessions being cut short. Moreover, the amount of data collected during testing affected the speed at which the team could analyze usability test findings and prepare the next design for another round of testing.",certain,
Costa_2015_lessons-learned-developing-educational-s.json,Costa_2015_lessons-learned-developing-educational-s.txt,1,designer,resource,"Time and budget constraints caused the team to avoid resource-intensive methods (field studies and interviews), limiting deep contextual user research.",This resource limitation prevented designers from performing the 'understand context of use' and 'manage user understanding' workloads because they explicitly chose less time-consuming methods over in-depth user research.,"Thus, being associated to the time and budget allotted for the project, demotivating factors [30] and knowing restrictions, the most relevant methods, ""Field studies"" and ""Interviews with users"" require a long time for its implementation and commonly greater investment [31], we opted to choose methods to balance these two factors.",certain,
Costa_2015_lessons-learned-developing-educational-s.json,Costa_2015_lessons-learned-developing-educational-s.txt,2,team,emotional,Differences in attitudes among multidisciplinary team members and communication failures created weaknesses during development.,"Interpersonal and attitudinal issues disrupted coordination of the multidisciplinary team and hindered collaboration needed to integrate feedback, iterate, and maintain shared user understanding.","In this line, it is considered that the diversity of skills/roles of the various elements of the multidisciplinary team may also have created weaknesses throughout the development process. These difficulties have focused primarily at the level of the difference in attitudes of the team members, as well as communication failures.",certain,
Costa_2015_lessons-learned-developing-educational-s.json,Costa_2015_lessons-learned-developing-educational-s.txt,3,stakeholder,resource,Conflicting expectations between the commissioning company (seeking reduced costs) and external developers (seeking to maximize collaboration) created misaligned incentives.,"These stakeholder-driven cost and scope pressures constrained designers' ability to balance product quality, design time, and development costs, thereby limiting iteration, holistic experience work, and producing optimal design solutions.","Working in multidisciplinary teams can create different involvements. For example, the company that developed the Courseware Sere, the Ludomedia, you want it to have reduced development costs. On the other hand, an external developer might want to make the most of their collaboration.",certain,
Costa_2015_lessons-learned-developing-educational-s.json,Costa_2015_lessons-learned-developing-educational-s.txt,4,team,resource,There was no designated 'facilitator of User Centered Design' within the team to mediate between users and technical members.,"The absence of a dedicated facilitator limited the team's capacity to coordinate user involvement, ensure user perspectives were integrated across disciplines, and sustain iterative evaluation and feedback loops.","In an upcoming project, an important factor would be to ensure that as one of the team members, were given the responsibility/role of ""facilitator of User Centered Design"" in the development process. The facilitator of User Centered Design mediates the relationship between users and the elements of the multidisciplinary team and should have a multidisciplinary background (for example, see how users interact with educational software and understand the context of use) [20].",certain,
Coulter_2021_generating-intervention-concepts-reducin.json,Coulter_2021_generating-intervention-concepts-reducin.txt,1,designer,resource,"The COVID-19 pandemic prevented safe in-person engagement, forcing the team to shift to web-based methods that change access and participation dynamics.","This external constraint limited the team's ability to conduct in-person user research and contextual inquiry, hindering their ability to understand context of use and to facilitate certain types of user involvement and iterative design activities.","Moreover, the COVID-19 pandemic hindered our ability to engage safely with participants, and these web-based methods enable our research to continue despite current limitations on in-person research activities.",certain,
Coulter_2021_generating-intervention-concepts-reducin.json,Coulter_2021_generating-intervention-concepts-reducin.txt,2,designer,resource,"Eligibility required participants to have internet, video camera, audio, and microphone access, excluding youth without these resources.","Requiring specific technology prevented the researchers from recruiting and involving SGMY without adequate devices or connectivity, limiting participant diversity and constraining the team’s ability to manage user understanding and study contexts of use.","Eligible youth are aged 14 years to 18 years, live in the United States, identify as sexual and/or gender minorities, and have internet, video camera, audio, and microphone access to attend the virtual sessions.",certain,
Coulter_2021_generating-intervention-concepts-reducin.json,Coulter_2021_generating-intervention-concepts-reducin.txt,3,designer,resource,"All sessions were conducted in English, excluding non-English-speaking SGMY from participation.","Limiting sessions to English reduced the researchers' ability to engage a linguistically diverse sample, which constrains understanding of varied user experiences and limits facilitation of inclusive user involvement and holistic experience design.",All the sessions will be conducted in English.,certain,
Coulter_2021_generating-intervention-concepts-reducin.json,Coulter_2021_generating-intervention-concepts-reducin.txt,4,designer,resource,Recruitment fell short of the planned sample: far fewer participants consented and attended than the target 45-60.,"The lower-than-planned enrollment and attendance limited the researchers' capacity to generate the intended breadth of ideas and to sustain iterative activities and evaluation across cohorts, hindering facilitate user involvement and produce/evaluate design solutions.","A total of 50 participants were invited to participate, and 22 consented to participate. In total, 16 SGMY participated in at least one human-centered design session.",certain,
Coulter_2021_generating-intervention-concepts-reducin.json,Coulter_2021_generating-intervention-concepts-reducin.txt,5,designer,emotional,The team intentionally did not ask participants about their personal experiences with adolescent relationship abuse to avoid harm.,"This ethical decision constrained the depth of first-person experiential data the researchers could collect, limiting their ability to manage deep user understanding and specify rich user requirements for intervention design.",It is important to note that we never inquired about participants’personal experiences with ARA.,certain,
Coulter_2021_generating-intervention-concepts-reducin.json,Coulter_2021_generating-intervention-concepts-reducin.txt,6,designer,resource,"The study excluded other stakeholder groups (eg, parents and school personnel) from participation.","Omitting additional relevant stakeholders limited designers' ability to address the holistic experience and contextual determinants of interventions, reducing perspectives available to inform requirements and concept development.","In addition to youth, the inclusion of other stakeholders (eg, parents and school personnel) would likely have important insights for intervention concepts, but they are not included in this study.",certain,
Counson_2021_development-shift-smartphone-app-support.json,Counson_2021_development-shift-smartphone-app-support.txt,1,interaction,knowledge,"The 30-day challenge format (rigid, day-by-day delivery with fixed order and no skipping) failed to engage junior physicians in practice, leading to early discontinuation of use.","This interactional problem limited designers' ability to facilitate user involvement and to evaluate and iterate on content because users disengaged quickly, reducing opportunities for meaningful feedback and testing of the intended delivery model.","Inspection of app use data revealed that discontinuation of the 30-day challenge tended to appear around day 5... With the 30-day challenge format, users were unable to skip challenge topics or change the order of challenges, possibly facilitating the discontinuation of app use.",certain,
Counson_2021_development-shift-smartphone-app-support.json,Counson_2021_development-shift-smartphone-app-support.txt,2,interaction,resource,"Junior physicians were time-poor and perceived the app as 'another chore' amid long working hours, which reduced their willingness to engage with the prototype.","Users' limited time availability is an environmental/resource constraint that hindered designers' ability to facilitate user involvement, understand real-world use patterns, and obtain sufficient engagement data for iteration and evaluation.",The main app use barrier reported by the participants was that the app would feel like another chore when participants were already time-poor and working long hours.,certain,
Counson_2021_development-shift-smartphone-app-support.json,Counson_2021_development-shift-smartphone-app-support.txt,3,interaction,knowledge,"Informational sessions were underutilized, possibly because they had less-prominent positioning within the app, reducing exposure and uptake of those contents.","This design/positioning issue impeded designers' ability to address the holistic experience and to evaluate the usefulness of informational content, limiting their capacity to refine content placement and access based on user behavior.","In addition, informational sessions were underutilized in comparison to challenge content, possibly due to their less-prominent positioning within the app.",certain,
Counson_2021_development-shift-smartphone-app-support.json,Counson_2021_development-shift-smartphone-app-support.txt,4,designer,knowledge,"The team initially planned to adapt the evidence-based HeadGear 30-day challenge format for junior physicians, but modifying a delivery format from one population to another proved not always successful.","This planning-level assumption about transferability constrained designers' ability to specify appropriate user requirements and produce effective design solutions for the new population, necessitating substantial redesign after pilot data showed poor engagement.","Hence, one option available to our team was to utilize the 30-day challenge format of the evidence-based HeadGear app and to modify the clinical content to meet the needs of junior physicians... simply modifying the modes of content delivery (ie, 30-day challenge structure) from one evidence-based app to suit another working population is not always successful.",certain,
Crisan_2018_evidence-evaluation-whole-genome-sequenc.json,Crisan_2018_evidence-evaluation-whole-genome-sequenc.txt,1,designer,resource,"Participant recruitment relied on convenience and snowball sampling within the authors' networks, limiting diversity and the team's ability to generalize findings or capture varied user contexts.","This sampling constraint reduced the designers' ability to manage user understanding and to understand contexts of use broadly, constraining specification of user requirements and reducing confidence in evaluation results' generalizability.","our participants were identified through convenience and snowball sampling within the authors’ networks, and thus are likely to be more experienced with the clinical application of microbial genomics.",certain,
Crisan_2018_evidence-evaluation-whole-genome-sequenc.json,Crisan_2018_evidence-evaluation-whole-genome-sequenc.txt,2,designer,knowledge,"The team lacked a priori knowledge of effect sizes for their design-choice questions, making formal sample size calculations impractical.","This methodological uncertainty hindered the designers' capacity to plan rigorous evaluation (Evaluate designs) and to power quantitative comparisons, limiting the strength of inferences drawn from participant preference data.","we did not have a priori knowledge of the effect sizes (i.e., extent of preferential difference for each type of question) in the Design Choice Questionnaire, making sample size calculations challenging.",certain,
Crisan_2018_evidence-evaluation-whole-genome-sequenc.json,Crisan_2018_evidence-evaluation-whole-genome-sequenc.txt,3,stakeholder,resource,"Stakeholders reported that laboratory reports are delivered via diverse media (PDFs in EHRs, faxes, physical mail), requiring the redesigned report to be legible in black-and-white and ruling out interactive or color-dependent designs.","These external delivery and format constraints limited the designers' ability to produce certain design solutions (Produce design solutions) and constrained choices around interactivity and use of color, affecting how the team structured and emphasized information.","experts indicated that laboratory reports were delivered using a variety of formats, including PDFs appended to electronic health records, faxes, or physical mail. This created design constraints at the outset of the project—our redesigned report needed to be legible no matter the medium, ruling out online interactivity, and needed to be black and white.",certain,
Crisan_2018_evidence-evaluation-whole-genome-sequenc.json,Crisan_2018_evidence-evaluation-whole-genome-sequenc.txt,4,interaction,knowledge,"Many participants reported low confidence interpreting several WGS-related data types, indicating limited user familiarity with genomic outputs.","Users' limited domain knowledge constrained designers' ability to facilitate user involvement and to rely on participants for valid evaluation feedback (Manage user understanding; Evaluate designs), requiring the team to adapt designs and add educational/interpretive elements.","most participants only felt somewhat confident, or not confident at all, interpreting the other data types (Table S3).",certain,
Crisan_2018_evidence-evaluation-whole-genome-sequenc.json,Crisan_2018_evidence-evaluation-whole-genome-sequenc.txt,5,interaction,knowledge,"Clinicians and non-clinicians disagreed on the level of detail and types of genomic information to include, producing divergent preferences for report content and presentation.","Conflicting stakeholder preferences impeded integration of feedback and iteration as designers had to reconcile opposing needs (Integrate feedback & iteration; Specify user requirements), ultimately defaulting to clinician preferences in some cases.","experts had differing perceptions of data types and desired level of detail between clinicians and non-clinicians, perhaps reflecting the clinicians’ procedural need for rapid interpretation.",certain,
Crisan_2018_evidence-evaluation-whole-genome-sequenc.json,Crisan_2018_evidence-evaluation-whole-genome-sequenc.txt,6,stakeholder,resource,"Key external data resources were unavailable or difficult to obtain (e.g., prior patient test results; final mutation catalog), preventing inclusion or testing of certain design elements.","Limited access to upstream data sources constrained the designers' ability to specify requirements and to evaluate representations that depended on those data (Understand context of use; Evaluate designs), delaying or preventing testing of some elements.","prior test results from a patient were deemed important; however, the earlier expert consults indicated that such data was difficult to obtain and unlikely to be included in future reports. ... we did not test any design elements displaying the strength of the association between the mutation and the resistance phenotype; however, we will add this to a future version of the report pending receipt of the final mutation catalog from the ReSeqTB Consortium.",certain,
Crisan_2018_evidence-evaluation-whole-genome-sequenc.json,Crisan_2018_evidence-evaluation-whole-genome-sequenc.txt,7,stakeholder,resource,"Technical limitations of downstream systems (EHRs, photocopying) threatened the fidelity of emphasis features (bolding/shading), constraining how emphasis could be used in designs.","Concerns that emphasis styling might not transfer correctly limited designers' choices for information emphasis, affecting Produce design solutions and Evaluate designs across real-world media.","some reported concerns as to whether such emphasis was possible with current electronic health records, including ""[bolding or shading] may not transfer correctly"" and ""shaded [text] won’t photocopy well.""",certain,
Cristancho-Lacroix_2014_web-program-informal-caregivers-persons.json,Cristancho-Lacroix_2014_web-program-informal-caregivers-persons.txt,1,interaction,resource,"Caregivers were too overwhelmed to participate in usability testing, so the team recruited healthy older adults instead of target caregivers.","Limited access to target users constrained the designers' ability to facilitate user involvement and to develop deep, context-rich understanding of actual caregiver needs for evaluation and iteration.","As a consequence, we decided to privilege the recruitment of a group of healthy older persons rather than the (overwhelmed) caregivers for usability tests.",certain,
Cristancho-Lacroix_2014_web-program-informal-caregivers-persons.json,Cristancho-Lacroix_2014_web-program-informal-caregivers-persons.txt,2,designer,resource,Planned interactive features (contact a professional and videoconferencing) were not implemented due to lack of resources.,"Resource scarcity prevented the team from producing and integrating these design solutions, limiting the holistic experience and reducing the scope of feature iteration.","Unfortunately the option “contact a professional” and the videoconferencing options were not implemented, owing to a lack of resources.",certain,
Cristancho-Lacroix_2014_web-program-informal-caregivers-persons.json,Cristancho-Lacroix_2014_web-program-informal-caregivers-persons.txt,3,designer,resource,A private diary feature ('My journey') was removed because the system could not encrypt the data.,"A technical/security limitation stopped designers from implementing a user-requested feature, hindering the production of privacy-sensitive design solutions and the integration of user feedback.","Moreover, the section “My journey”, a private diary for caregivers, was removed because the system could not encrypt the data.",certain,
Cristancho-Lacroix_2014_web-program-informal-caregivers-persons.json,Cristancho-Lacroix_2014_web-program-informal-caregivers-persons.txt,4,designer,resource,"Several usability problems (forum/video-player font size, forum post button position, double-click conflict with light box) remained unsolved due to technical or logistical reasons.","Unresolved technical/logistical constraints limited the team's ability to iterate and fully address identified usability issues, impairing evaluation and integration of user feedback into subsequent designs.","Some other issues remained unsolved due to technical or logistical reasons: (1) the font size and symbols in the forum and video-player interfaces did not facilitate reading; (2) the post button for forum messages was at the bottom of the screen, requiring the use of the scrollbar; and (3) the least experienced participants often double clicked in the website, which was in conflict with the one-click activated “light box” effect, as the second click immediately closed the window.",certain,
Cristancho-Lacroix_2014_web-program-informal-caregivers-persons.json,Cristancho-Lacroix_2014_web-program-informal-caregivers-persons.txt,5,designer,resource,"Website rendering varied across Internet browsers and computer models, creating inconsistent displays during testing.","Environmental variability hindered accurate evaluation and understanding of the context of use, forcing designers to adapt documentation rather than resolving root compatibility issues.","The website display varied according to the Internet browser and/or the computer model, and some participants did not know how to use the hyperlinks in the website.",certain,
Cristancho-Lacroix_2014_web-program-informal-caregivers-persons.json,Cristancho-Lacroix_2014_web-program-informal-caregivers-persons.txt,6,interaction,resource,"Participants conflated the website interface with the Internet browser and operating system (eg, invisible cursor/scrollbar, closing browser instead of navigating), complicating usability interpretation.","This interactional and environmental confusion impeded designers' ability to disentangle website-specific problems from broader system issues, limiting accurate user understanding and evaluation of the site itself.","The mouse cursor and the scrollbar were not visible enough on the screen (lack of contrast or small size), and some participants did not distinguish the website settings from the Internet browser or computer interface. For instance, a participant recommended changing the order of icons of the Internet browser because he thought that the latter was part of the website. When asked to go back to the “home page” of the website, another participant closed the browser window, then could not find, unaided, the icon of the Internet browser to continue the task.",certain,
Cristancho-Lacroix_2014_web-program-informal-caregivers-persons.json,Cristancho-Lacroix_2014_web-program-informal-caregivers-persons.txt,7,designer,knowledge,"Their usability questionnaire lacked items to measure 'learnability' and 'usefulness,' and no field pilot tests were performed during development.","This methodological gap limited the team's ability to evaluate and measure important dimensions of user learning and real-world usefulness, constraining evaluation activities and the ability to plan iterative improvements.","First, even if our usability questionnaire was more adapted to our project context, it did not include items intended to measure “learnability” and “usefulness” perceptions, instead, we conducted the interviews at the end of the evaluations exploring these constructs. To improve the analysis of both dimensions, we recommend to conduct a field study during the development process, such as pilot tests in which the users have access to the program for one or two weeks.",certain,
Cristancho-Lacroix_2014_web-program-informal-caregivers-persons.json,Cristancho-Lacroix_2014_web-program-informal-caregivers-persons.txt,8,team,knowledge,The team lacked ergonomics expertise early in development and relied on open-source 'ready-to-use' programs that did not meet universal design criteria.,"Insufficient ergonomic skill and choice of unsuitable third-party components prevented the prevention of early ergonomic mistakes, hindering the ability to address holistic experience and produce accessible design solutions.","we think that some ergonomic mistakes in the first versions of our website could have been prevented earlier in the development process, with the help of an expert in ergonomics at these stages. For instance, we recommend avoiding the use of open source “ready-to-use” programs, since they do not always respond to the universal design criteria.",certain,
Curtis_2023_envisioning-visibility-discreet-wearable.json,Curtis_2023_envisioning-visibility-discreet-wearable.txt,1,designer,resource,"The study had a relatively small sample size and was conducted in a limited Western, densely populated context, restricting the breadth of user evidence available to the research team.","This resource limitation constrained the designers' ability to manage user understanding and to understand varied contexts of use, reducing confidence in requirements and limiting evaluation generalisability for iterative design work.","In terms of limitations, the work reflects a relatively small sample size and limited context – therefore results should be interpreted on the basis of a Western context and densely populated region with good public infrastructure.",certain,
Curtis_2023_envisioning-visibility-discreet-wearable.json,Curtis_2023_envisioning-visibility-discreet-wearable.txt,2,interaction,resource,Wide variation in participants' technology literacy and unequal access to personal technology complicated participant engagement and the representativeness of feedback.,Differences in technology familiarity and access hindered facilitation of user involvement and the team's ability to specify consistent user requirements and evaluate prototypes across the target population.,"Amongst the small group, there was a wide spread in terms of technology literacy – all owned a smartphone – yet some participants were more comfortable with technology than others.",certain,
Curtis_2023_envisioning-visibility-discreet-wearable.json,Curtis_2023_envisioning-visibility-discreet-wearable.txt,3,team,skill,"Qualitative coding was initially carried out by a single author before group refinement, creating a risk of individual bias in analysis.","Relying on one analyst initially could limit the designers' ability to accurately manage user understanding and integrate feedback into iterative design decisions, affecting the validity of thematic findings used to drive requirements and prototypes.","In line with Braun and Clarke’s original interpretation, the coding process was initially carried out by solely the first author13 [8, 9, 74]. Following this, all the authors met and collectively refined and discussed the themes together to mitigate individual bias.",certain,
Curtis_2023_envisioning-visibility-discreet-wearable.json,Curtis_2023_envisioning-visibility-discreet-wearable.txt,4,designer,resource,"User-testing and iterative feedback for prototypes were conducted with small, limited specialist groups (e.g., only two SLTs for one prototype and five specialists for another).","These small testing rounds constrained the team's capacity to thoroughly evaluate designs and iterate based on diverse user and stakeholder feedback, limiting confidence in design refinements and broader applicability.",a final version of the prototype underwent a small round of user-testing with the two SLTs ... the prototype was iterated on the basis of further suggestions and feedback from user-testing of the prototype with 5 specialists from the centre.,certain,
Cutting_2016_multi-gene-sequencing-panel-reports-clin.json,Cutting_2016_multi-gene-sequencing-panel-reports-clin.txt,1,designer,resource,"Designers were unable to test interactive navigation of the GMA because task walkthroughs did not involve a working prototype, limiting hands-on usability evaluation.",This resource limitation prevented designers from performing evaluation workloads (testing interactive prototypes with users) and constrained their ability to integrate feedback and iterate based on actual user interactions.,"While actual navigation of the GMA software interface could not be tested during our task walkthroughs, participants still proposed several areas to improve (Table 5).",certain,
Cutting_2016_multi-gene-sequencing-panel-reports-clin.json,Cutting_2016_multi-gene-sequencing-panel-reports-clin.txt,2,stakeholder,resource,"Broader system and organizational constraints (laboratory–EHR communication and incorrect notification of care team members) could not be solved within the project scope, limiting design solutions.",These external system and scope constraints hindered designers' ability to understand the full context of use and to specify actionable requirements or implement design changes that would address end-to-end workflows.,"Some challenges brought up in phase 1 focus groups could not be addressed directly in the design of the GMA. For example, a clear need identified by participants was to improve the communication between laboratory systems and the EHR. Focus group participants also reported that some processes for notifying clinicians of genetic test results do not notify the correct members of the care team in the TPP project. In both instances, solutions for these needs were beyond the scope of this project.",certain,
Cutting_2016_multi-gene-sequencing-panel-reports-clin.json,Cutting_2016_multi-gene-sequencing-panel-reports-clin.txt,3,stakeholder,resource,"The study focused on single-point delivery scenarios and did not explore mechanisms for updating interpretations over time, limiting consideration of longitudinal reporting needs.","This scope/resource limitation prevented designers from addressing holistic experience and requirements related to evolving genetic information, constraining their ability to design notification and update workflows and to manage user understanding over time.","The scenarios we present in this work, however, were for the delivery of results at one point in time, and do not explore potential changes to interpretations over time. Complementing that work would be research to better understand approaches to notify clinicians of updates to GS findings and interpretations.",certain,
Dahildahil_2023_time-resource-limited-settings-enhancing.json,Dahildahil_2023_time-resource-limited-settings-enhancing.txt,1,designer,resource,Resource constraints and a small sample size prevented completion of later UCD stages and limited the study's ability to move beyond medium-fidelity testing.,"The lack of budget and human resources halted the Implementation Phase and restricted further iterations and higher-fidelity evaluation, directly hindering evaluation of designs and integration of feedback/iteration workloads.","Due to resource constraints, the study's sample size is small and insufficient to illustrate the presence or absence of causal relationships on explored variables. The Implementation Phase of the UCD methodology was not done.",certain,
Dahildahil_2023_time-resource-limited-settings-enhancing.json,Dahildahil_2023_time-resource-limited-settings-enhancing.txt,2,interaction,resource,Participant attrition (three health workers resigned) reduced continuity of user involvement and altered the respondent pool during the two-month UCD process.,Loss of participants during the study constrained the team's ability to maintain ongoing user involvement and manage evolving user understanding across iterative design activities.,"(Three of these 30 health workers dropped out of the two-month long UCD process when they resigned from the RHU within the duration of this study. Hence, the change of 'respondents' data reported for subsequent questions.)",certain,
Dahildahil_2023_time-resource-limited-settings-enhancing.json,Dahildahil_2023_time-resource-limited-settings-enhancing.txt,3,interaction,resource,"On-site or regional training events were costly and staff turnover meant that training benefits left with departing HCWs, limiting sustainable user competence.","High cost of in-person training and turnover prevented reliable cascading of knowledge, constraining the designers' ability to facilitate user involvement, sustain training, and ensure long-term usability in the field.","On-site or regional training events are costly and require the HCW to leave the RHU for a certain period, which in turn slows down health care services. Moreover, when HCWs trained on the technology leave the RHU, the knowledge leaves with them.",certain,
Dahildahil_2023_time-resource-limited-settings-enhancing.json,Dahildahil_2023_time-resource-limited-settings-enhancing.txt,4,designer,resource,"A requested search function in the medium-fidelity prototype existed only as a non-functional placeholder, preventing full user testing of that feature.","Because the search button was not implemented, designers could not fully evaluate or iterate that functionality with users, limiting the evaluate designs and integrate feedback workloads.","The users greatly appreciated the search button. They specifically requested this function when the Low Fidelity Prototype was being discussed. In the medium fidelity prototype design phase, the search buttons were just placeholders and not yet functional.",certain,
Dahildahil_2023_time-resource-limited-settings-enhancing.json,Dahildahil_2023_time-resource-limited-settings-enhancing.txt,5,interaction,emotional,"Many RHU staff were described as not open to learning complicated things and were often afraid to handle a device, reflecting resistance and low confidence among users.","These attitudes and fears reduced designers' ability to engage users comfortably, complicating management of user understanding and facilitation of involvement required for iterative testing and requirement elicitation.",It was also observed that RHU staff are no longer open to learning complicated things or are often afraid to handle a device.,certain,
Danitz_2019_when-meets-implementation-science-integr.json,Danitz_2019_when-meets-implementation-science-integr.txt,1,interaction,resource,"Physicians and some provider professions were under-represented in the sample, likely because busy clinical schedules reduced engagement in voluntary research.","This recruitment bias limited the researchers' ability to manage comprehensive user understanding and to facilitate involvement from all relevant provider types, constraining the representativeness of feedback used to specify requirements and plan implementation.","Nearly 40% of the sample were psychologists, and as such other professions may be under represented in the current study, possibly due to that physicians busy schedules may reduce engagement in voluntary research studies.",certain,
Danitz_2019_when-meets-implementation-science-integr.json,Danitz_2019_when-meets-implementation-science-integr.txt,2,interaction,resource,Participants only received the draft RISE manual to review if they had time and were given up to 20 minutes during the interview to review it.,"Constrained participant preparation time impeded the researchers' ability to elicit deep, informed feedback and to evaluate the intervention thoroughly, limiting the quality of user understanding and design evaluation.","Prior to the interview, participants received the draft RISE manual to review if time permitted.",certain,
Danitz_2019_when-meets-implementation-science-integr.json,Danitz_2019_when-meets-implementation-science-integr.txt,3,interaction,emotional,Undue influences such as social desirability may have affected provider responses to study team members.,"Social desirability and related interpersonal response biases hindered researchers' ability to obtain candid user feedback, reducing the validity of insights used to integrate feedback and iterate on the design.","Additionally, it is possible that other undue influences (e.g., social desirability) may have impacted provider response to study team members about the RISE intervention.",certain,
Danitz_2019_when-meets-implementation-science-integr.json,Danitz_2019_when-meets-implementation-science-integr.txt,4,designer,knowledge,The study did not formally assess providers' level of training or experience with IPV.,Omitting measurement of provider IPV experience reduced the researchers' ability to characterize user subgroups and to translate nuanced user knowledge into precise requirements and targeted training design.,"Further, the current study did not formerly assess for provider’s level of training in or experience with IPV, which may have influenced results.",certain,
Danitz_2019_when-meets-implementation-science-integr.json,Danitz_2019_when-meets-implementation-science-integr.txt,5,designer,resource,"Data collection was limited to two VHA medical centers in the New England region, constraining regional and system diversity of informants.","Restricted geographic/site scope limited researchers' ability to understand broader contexts of use and to generalize findings across varied implementation settings, impeding context-driven design decisions.","Providers interviewed in this study work at VA Healthcare Systems in the New England region of the US, and therefore findings may be specific to these regions and healthcare systems.",certain,
Danitz_2019_when-meets-implementation-science-integr.json,Danitz_2019_when-meets-implementation-science-integr.txt,6,stakeholder,resource,"Some participants reported that IPV interventions were not perceived as a priority by clinics, the healthcare system, or leadership.","Organizational lack of prioritization by external stakeholders constrained researchers' ability to plan feasible implementation strategies, to facilitate provider involvement, and to secure support needed for iterative testing in routine care.","Some participants expressed that an IPV intervention was not perceived as a priority by the clinic, the healthcare system, and/or the leadership.",certain,
Danitz_2019_when-meets-implementation-science-integr.json,Danitz_2019_when-meets-implementation-science-integr.txt,7,interaction,resource,"Providers identified limited time, resources, and physical space in primary care and other busy clinical settings as barriers to delivering RISE.",Clinical workload and setting constraints hindered the researchers' ability to evaluate and iterate the intervention in fast-paced primary care contexts and impeded eliciting realistic implementation feasibility data from users.,"Participants identified several potential barriers to implementing RISE. Participants also identified barriers such as the limited time, resources, and space available in primary care and other busy clinical settings.",certain,
Deliv_2023_development-video-evidence-synthesis-kno.json,Deliv_2023_development-video-evidence-synthesis-kno.txt,1,designer,resource,"Severe time and budget constraints (8 weeks and €2000) limited the team's ability to run further iterations, conduct additional user-testing cycles, and outsource specialist expertise.","These resource limits constrained the team's ability to integrate feedback and iterate further, produce higher-fidelity design solutions, and evaluate alternative prototypes with broader samples.","Resource-use for the project was minimal, as this was conducted over 8 weeks as an undergraduate summer student project supported by Evidence Synthesis Ireland for €2000. ... our limited time and resources hindered our ability to outsource expertise (e.g., the hiring of a digital media company ...).",certain,
Deliv_2023_development-video-evidence-synthesis-kno.json,Deliv_2023_development-video-evidence-synthesis-kno.txt,2,designer,resource,"Time restraints led the team to have researchers, rather than members of the public, determine the initial key messages, making the approach not fully user-centred.","This decision limited the team's ability to manage user understanding from the outset and to facilitate early user involvement in specifying requirements, constraining downstream iteration and alignment with public perspectives.","However, our use of researchers to determine the initial key messages of the resource meant that our approach was not fully 'user-centred'. Given ... our time restraints, we felt it a necessary pragmatic starting point for those identifying the initial key messages to have a solid understanding of evidence synthesis.",certain,
Deliv_2023_development-video-evidence-synthesis-kno.json,Deliv_2023_development-video-evidence-synthesis-kno.txt,3,interaction,emotional,"Use of convenience sampling resulted in some public participants being known to lead authors and possibly feeling pressure not to be critical, reducing candour of feedback.","This interactional pressure impeded honest user involvement and the validity of evaluative feedback, thereby weakening designers' ability to accurately understand users and integrate authentic critiques into iteration.","A limitation of our approach is the use of convenience sampling. This meant that some of the members of the public involved were known to the lead authors (CD and ET), and therefore may have felt some degree of pressure not to be too critical of the resource for fear of offending.",certain,
Deliv_2023_development-video-evidence-synthesis-kno.json,Deliv_2023_development-video-evidence-synthesis-kno.txt,4,designer,resource,A short recruitment timeframe and difficulties recruiting minors (due to requirement for parent/guardian consent) reduced the diversity and completeness of the participant sample.,"Limited recruitment time and barriers to enrolling minors constrained the team's ability to facilitate broad user involvement and to manage a deep, representative understanding of users across age groups and contexts of use.","The timeframe of the recruitment for participants was one week. ... we were successful in recruiting one male and female participant from each age category except in the <18 years category where one male was recruited, due to the fact that minors are more difficult to recruit given the necessity of parent/guardian consent.",certain,
Deliv_2023_development-video-evidence-synthesis-kno.json,Deliv_2023_development-video-evidence-synthesis-kno.txt,5,designer,knowledge,"There is limited evidence-based guidance on optimal video duration for educational KT resources, creating uncertainty for designers when specifying length requirements.",This knowledge gap constrained the team's ability to define and justify specific user requirements (optimal duration) and to evaluate trade-offs between brevity and comprehensiveness during design decisions.,"There is limited evidence-based definitive guidance on determining the optimal duration of videos such as ours, with much variability reported in the literature. ... We aimed to keep our video as brief as possible with an absolute cut-off of 4 min, and frequently revisited the issue of length with all stakeholders involved.",certain,
Derksen_2021_mobile-health-smoking-cessation-among-di.json,Derksen_2021_mobile-health-smoking-cessation-among-di.txt,1,interaction,resource,"Many recruited clients did not attend confirmed design sessions, reducing participant numbers available for co-design and usability testing. This diminished end-user involvement constrained iterative design activities.","Participants' nonattendance directly hindered the designers' ability to facilitate user involvement, manage evolving user understanding, and run sufficient evaluation and iteration cycles (phases 2–4).","We intended to recruit 8 clients and members of their social networks in design rounds 2, 4, and 5. Approximately half of the recruited participants (n=9) did not show up at these design rounds (phases 2 and 3).",certain,
Derksen_2021_mobile-health-smoking-cessation-among-di.json,Derksen_2021_mobile-health-smoking-cessation-among-di.txt,2,interaction,resource,"Designers were unable to recruit as many members of clients' social networks as intended, resulting in limited participation from this stakeholder group. This reduced diversity of input impeded exploration of social-network–related requirements and features.","The limited involvement of social network members constrained designers' ability to understand those actors' contexts and needs, specify comprehensive user requirements, and iterate solutions addressing peer-related functionality.","Another limitation was the involvement of a limited number of members of women’s social networks in most rounds of intervention design. Identical to clients' no shows, we were not able to recruit as many members of social networks as intended.",certain,
Derksen_2021_mobile-health-smoking-cessation-among-di.json,Derksen_2021_mobile-health-smoking-cessation-among-di.txt,3,designer,resource,"The target population for recruitment was very small (fewer than 1% of births qualify for the program), limiting the available pool of end users for design activities. This made recruiting sufficient participants for iterative rounds challenging.","A small eligible population reduced designers' capacity to manage user understanding and facilitate user involvement across multiple iterative sessions, constraining the robustness and generalizability of requirements gathering and testing.","Involving disadvantaged populations in research is challenging [5,53]. Moreover, with less than 1% of the births per Dutch municipality qualifying to enroll in VoorZorg, our target population is very small.",certain,
Derksen_2021_mobile-health-smoking-cessation-among-di.json,Derksen_2021_mobile-health-smoking-cessation-among-di.txt,4,designer,resource,"The prototype used for usability testing had limited functionality, which may have prevented detection of usability problems that would appear during free use. This limited maturity constrained the depth of evaluation possible in phase 4.","Evaluating an early, functionally limited prototype restricted designers' ability to fully evaluate designs and integrate feedback from real-world use, thereby limiting iteration and refinement based on comprehensive usability insights.","Moreover, we evaluated the usability of a prototype with limited functionality. The think aloud method was based on certain real-life tasks that covered all the functionalities. This may have highlighted other usability problems that would have occurred during free use of the app. The limited functionality of the prototype may also have resulted in an incomplete insight into usability problems.",certain,
Desai_2021_novel-patient-values-tab-electronic-heal.json,Desai_2021_novel-patient-values-tab-electronic-heal.txt,1,interaction,knowledge,"Usability testing revealed that users were unfamiliar with underlying source documentation that populated the tab, which confused users during evaluation tasks.","This user knowledge gap limited the designers' ability to evaluate the tab accurately and gather valid usability feedback, hindering the 'evaluate designs' and 'manage user understanding' workloads.",This process revealed a lack of familiarity among users with some of the underlying documentation that sourced the data displayed in the tab.,certain,
Desai_2021_novel-patient-values-tab-electronic-heal.json,Desai_2021_novel-patient-values-tab-electronic-heal.txt,2,interaction,resource,"Clinicians reported perceived lack of time, competing priorities, and difficulty remembering to launch the tab, reducing real-world engagement.","Low clinician time and competing workflow priorities constrained designers' ability to facilitate user involvement, collect representative feedback, and run iterative evaluations in clinical settings.","Our early pilot data have also revealed potential barriers to large-scale implementation, which include perceived lack of time to engage with the tab, competing priorities, incomplete or inaccurate tab content, technical glitches, and difficulty remembering to launch the tab as part of routine workflow.",certain,
Desai_2021_novel-patient-values-tab-electronic-heal.json,Desai_2021_novel-patient-values-tab-electronic-heal.txt,3,stakeholder,resource,Technical performance issues (delays in displaying tab content and other glitches) required coordination with the information systems team to diagnose and fix.,"System performance problems impeded designers' ability to ensure usability and to evaluate the tab reliably, blocking evaluation and iteration until technical optimizations were made.","In addition, to detect delays in displaying information to the user that might decrease usability, we assessed the time to launch the tab content for selected patients. If time delays were identified, we worked with the information systems team to identify the source of the delay so that it could be rectified; specifically, technical optimizations were made to bring the load times in line with other feature load times in our EHR (ie, no longer than a few seconds).",certain,
Desai_2021_novel-patient-values-tab-electronic-heal.json,Desai_2021_novel-patient-values-tab-electronic-heal.txt,4,stakeholder,resource,The decision to make the tab read-only (with data editable only in source documents) constrained how the tab could be used and updated.,"This stakeholder-driven design constraint limited the designers' ability to facilitate direct user updates and rapid iterative edits within the tab, affecting 'facilitate user involvement' and 'integrate feedback & iteration' workloads.","The Patient Values Tab will be in a read-only format (ie, the data displayed will be captured and edited elsewhere). We chose this approach because we and various key stakeholders we interviewed were concerned that the content would become unwieldy and unstable, ultimately leading to inefficiency for users if multiple modifications were allowed.",certain,
Desai_2021_novel-patient-values-tab-electronic-heal.json,Desai_2021_novel-patient-values-tab-electronic-heal.txt,5,stakeholder,resource,Incomplete or inaccurate content in source documentation led to concerns about the tab's content quality.,"Poor or inconsistent upstream documentation limited designers' ability to ensure accurate information in the tab, hindering 'manage user understanding', 'specify user requirements', and 'evaluate designs' because the artifact's fidelity depended on external data quality.","Our early pilot data have also revealed potential barriers to large-scale implementation, which include perceived lack of time to engage with the tab, competing priorities, incomplete or inaccurate tab content, technical glitches, and difficulty remembering to launch the tab as part of routine workflow.",certain,
Diaz-Mohedo_2024_app-mohedo-r-mobile-app-management-chron.json,Diaz-Mohedo_2024_app-mohedo-r-mobile-app-management-chron.txt,1,team,resource,"User testing revealed that some images took excessive time to identify, forcing the team to run an additional intermediate study to classify image difficulty levels, adding unplanned workload and time to the development process.","Requiring an extra empirical study constrained the team's ability to iteratively refine content and slowed integration of user feedback, hindering the workloads of integrate feedback & iteration, evaluate designs, and produce design solutions (content).","it was observed that the user required an excessive amount of time to identify certain images, which made us consider the need to classify such content by difficulty levels and, therefore, to include an intermediate study in the development process, which is detailed below.",certain,
Diaz-Mohedo_2024_app-mohedo-r-mobile-app-management-chron.json,Diaz-Mohedo_2024_app-mohedo-r-mobile-app-management-chron.txt,2,team,knowledge,"A subset of images could not be unambiguously assigned to a difficulty level using the chosen quantitative criteria, so researchers resorted to consensual, subjective allocation rather than objective methods.","Lack of objective classification metrics or tools limited the team's ability to specify clear content requirements and produce reproducible design decisions for the image set, hindering the workloads of specify user requirements and produce design solutions (content classification).","A small number of the images generated and analyzed did not meet the two criteria of a certain level; that is, by LFJT Accuracy they belong to one level, and by mean RT they belong to the other. After conducting a subsequent study of the characteristics of the images of each level, the researchers decided, after some consensual rounds ... their ultimate allocation to their corresponding level.",certain,
Dijkstra_2018_development-ehome-mobile-instrument-repo.json,Dijkstra_2018_development-ehome-mobile-instrument-repo.txt,1,stakeholder,resource,"General practitioners (GPs) were not involved in the early context-of-use and user-requirements analysis nor the first usability pilot, limiting designers' access to a key stakeholder group.","GP nonparticipation reduced the design team's ability to manage user understanding and facilitate user involvement for a multidisciplinary system, constraining requirement specification and early evaluation activities.","In this study, the GPs, one group of users, are not involved in the context of use and user requirements analysis and the first usability evaluation pilot.",certain,
Dijkstra_2018_development-ehome-mobile-instrument-repo.json,Dijkstra_2018_development-ehome-mobile-instrument-repo.txt,2,interaction,resource,"Home care nurses did not perform the intended daily triage because of workload and unfamiliarity with the task, leading them to share triage responsibilities.","Nurses' limited capacity and need to adapt prevented designers from observing and evaluating the intended workflow, hindering understanding of the real context of use and integration of feedback into design iterations.","Home care nurses indicated that the daily triage of the report problems was necessary but not performed as intended because of workload and because they needed to get used to the daily task. Therefore, some home care nurses decided to share the triage task with nurses who had the capability to perform a triage.",certain,
Dijkstra_2018_development-ehome-mobile-instrument-repo.json,Dijkstra_2018_development-ehome-mobile-instrument-repo.txt,3,stakeholder,resource,"The monitoring system lacked integration with electronic patient files, making adding new client profiles time-consuming and dependent on manual entry.",Absence of EHR integration (an external technical/organizational constraint) limited designers' ability to evaluate real-world workflows and specify usable requirements for data entry and patient-management tasks.,Adding new client profiles in the monitoring and consulting webpage was experienced as time-consuming. ... Home care workers mentioned that a link between the electronic patient file and the monitoring and consulting webpage is desirable and will ensure that data of clients who are added to the home care will be automatically added to the monitoring and consulting webpage.,certain,
Dijkstra_2018_development-ehome-mobile-instrument-repo.json,Dijkstra_2018_development-ehome-mobile-instrument-repo.txt,4,interaction,resource,"Feedback from GPs and pharmacists was relayed to home health care assistants by telephone rather than directly through the system, which was experienced as time-consuming.",This communication workaround hindered designers' ability to evaluate and support integrated multidisciplinary feedback flows and constrained iterative improvements to in-system feedback mechanisms.,"Home care nurses informed home health care assistants about the feedback of a GP or pharmacist by a telephone call, which was experienced as time consuming. The solution to forward feedback of a home care nurse, a GP, or a pharmacist from the monitoring and consulting webpage to the report webpage was mentioned.",certain,
Dirin_2015_context-aware-nurse-assistant-cana-finni.json,Dirin_2015_context-aware-nurse-assistant-cana-finni.txt,1,designer,resource,"The team used a low-fidelity prototype that was not fully functional, which prevented collecting feedback on performance and functionality.","This methodological/resource limitation directly hindered the designers' ability to evaluate the prototype's runtime behavior and functionality with users, constraining the 'Evaluate designs' and 'Integrate feedback & iteration' workloads.",We did not collect feedback about the performance and the functionality as the application was a low-fidelity prototype.,certain,
Dirin_2015_context-aware-nurse-assistant-cana-finni.json,Dirin_2015_context-aware-nurse-assistant-cana-finni.txt,2,stakeholder,resource,Handling patients' data raises security and privacy challenges that must be resolved before deployment or field evaluation.,"These legal/organizational constraints limit the designers' ability to deploy and test the system in real clinical contexts and to use real patient data, impeding 'Evaluate designs', 'Produce design solutions', and iterative refinement based on live use.","Firstly, handling patients’ data involves security and privacy challenges that must be met with appropriate techniques and policies.",certain,
Dirin_2015_context-aware-nurse-assistant-cana-finni.json,Dirin_2015_context-aware-nurse-assistant-cana-finni.txt,3,stakeholder,resource,Access to external proprietary systems (medical databases and patient information systems) is administratively and technically challenging.,"These administrative and technical barriers prevent designers from integrating required data sources and implementing requested features, hindering 'Specify user requirements', 'Produce design solutions', and realistic 'Evaluate designs' in context.","Secondly, CANA should be able to communicate with various proprietary, subscription-based systems such as medical databases and patient information systems. Thus, administrative and technical challenges related to gaining access to external systems must be solved in order to implement all requested features.",certain,
Dirin_2015_context-aware-nurse-assistant-cana-finni.json,Dirin_2015_context-aware-nurse-assistant-cana-finni.txt,4,stakeholder,resource,"The regional Apotti programme's current architecture does not mention mobile or context-aware services, limiting integration opportunities.","Because the planned regional system lacks mobile/context-aware interfaces, designers cannot rely on unified integrated tools or data sources, constraining their ability to 'Understand context of use' across locations and to 'Produce design solutions' that leverage centralized data.",The current design of the architecture does not mention mobile or context-aware services.,certain,
Dixit_2020_rapid-development-visualization-dashboar.json,Dixit_2020_rapid-development-visualization-dashboar.txt,1,designer,resource,Urgent timeline and need for same-day visualizations forced a lightweight user-centered design approach rather than a rigorous UCD process.,"Time pressure prevented thorough user research, deeper iteration cycles, and rigorous synthesis, hindering management of user understanding, facilitation of user involvement, and integration of feedback and iteration.","Because of the urgent need for visualizations, a rapid process of development and user feedback from domain experts and/or end users was developed. A rigorous user-centered design approach is not possible when the goal is to produce same day data visualizations.",certain,
Dixit_2020_rapid-development-visualization-dashboar.json,Dixit_2020_rapid-development-visualization-dashboar.txt,2,stakeholder,resource,Poor vendor interoperability and lack of standard APIs/data formats required manual and semi-automated data extraction with ongoing quality issues.,"Unreliable and heterogeneous data feeds constrained designers' ability to understand the context of use, produce accurate dashboards, stabilize metrics, and perform iterative evaluation and refinement.","As neither vendor fully supported industry-standard application programming interfaces nor a common data format, data were retrieved from their proprietary data platforms using semi-automated scripts and ingested into structured relational database tables. We also faced several challenges, including interoperability, poor vendor data standards, and challenges accessing real-time data.",certain,
Dixit_2020_rapid-development-visualization-dashboar.json,Dixit_2020_rapid-development-visualization-dashboar.txt,3,designer,skill,"No formal interrater reliability was used when synthesizing interview content, indicating a methodological rigor gap in qualitative synthesis.","This lack of methodological rigor likely reduced consistency and trustworthiness of user insights, hindering the team's ability to manage user understanding and reliably specify user requirements.","Limitations to our approach include: no formal interrater reliability when synthesizing interview content, no design for different devices (eg, mobile phones, tablets, etc), and no consideration for users with disabilities.",certain,
Dixit_2020_rapid-development-visualization-dashboar.json,Dixit_2020_rapid-development-visualization-dashboar.txt,4,designer,resource,"Dashboards were not designed for different devices or for users with disabilities, and were not distributed to frontline clinical staff.","Omitting device-specific designs, accessibility considerations, and frontline clinical users prevented addressing the holistic experience and limited facilitation of broader user involvement and requirement specification for those audiences.","Limitations to our approach include: no formal interrater reliability when synthesizing interview content, no design for different devices (eg, mobile phones, tablets, etc), and no consideration for users with disabilities. These dashboards were not distributed to frontline clinical staff.",certain,
Doering_2015_evaluation-mobile-shopping-robot.json,Doering_2015_evaluation-mobile-shopping-robot.txt,1,stakeholder,resource,"The store-provided product database was incomplete, inconsistently labelled, and costly to revise, limiting the design team's ability to ensure accurate search results.",Missing and mislabeled articles in the database prevented designers from achieving higher effectiveness in the search engine and constrained iterative usability improvements and valid evaluation of the interface.,"This database consists of more than 60,000 different products, sometimes with several variations... Many terms and definitions did not conform with everyday language use. Further, not every article was included with its actual location.",certain,
Doering_2015_evaluation-mobile-shopping-robot.json,Doering_2015_evaluation-mobile-shopping-robot.txt,2,designer,resource,"The mobile robot was often unavailable for user testing because of intensive technical system revisions, forcing evaluations to be run on a stationary terminal instead.","Lack of access to the mobile robot impeded designers' ability to evaluate and iterate the full embodied interaction and in-situ behaviors, limiting realistic usability testing and user understanding of the deployed system.",The user study was conducted at a stationary terminal and not with the mobile robot as it was seldom available due to intensive technical system revisions.,certain,
Doering_2015_evaluation-mobile-shopping-robot.json,Doering_2015_evaluation-mobile-shopping-robot.txt,3,designer,resource,"Faulty person-tracking and orientation caused the robot to lose sight of customers and collide with objects, disrupting interactions.","Persistent tracking and orientation malfunctions interfered with smooth guidance tours and human-robot dialogs, preventing reliable evaluation of interaction flows and hindering iterative adaptation to user needs.","the robot began to move away when interested customers were moving towards it (11 %, n = 4). The main reason for this problem was the not perfectly working person-tracking function. This defect also affected the guidance tour to the article positions in the home improvement store.",certain,
Doering_2015_evaluation-mobile-shopping-robot.json,Doering_2015_evaluation-mobile-shopping-robot.txt,4,designer,resource,"Environmental noise, announcements, dialects and unclear speech made reliable speech recognition infeasible, forcing a shift to menu-based touch interactions.","The noisy, variable store context prevented designers from implementing and evaluating speech-based interaction, constraining design options and requiring alternative interface solutions that changed the scope of user-centred exploration.","Speech recognition is significantly more complex than other typical human-computer interaction scenarios due to (i) the extreme background noise in home stores, (ii) distracting public address announcements, (iii) the large diversity of descriptions for the same article... Therefore, it proved to be unrealistic to use speech recognition in order to identify desired articles.",certain,
Doering_2015_evaluation-mobile-shopping-robot.json,Doering_2015_evaluation-mobile-shopping-robot.txt,5,interaction,emotional,"Customers were unwilling to wear RFID tags, making RFID-based user detection impracticable.","User reluctance to carry tags removed a potential tracking solution, constraining designers' ability to facilitate and evaluate reliable user detection approaches and forcing reliance on other sensing modalities.","Moreover, RFID proved as not practicable for user detection and tracking, because most customers are not willing to wear RFID tags.",certain,
Doering_2015_evaluation-mobile-shopping-robot.json,Doering_2015_evaluation-mobile-shopping-robot.txt,6,designer,emotional,"Data collection used overt observation and oral interviews, exposing the design team to social desirability and investigator effects that may bias findings.",Potential social desirability and investigator effects reduce the validity of user insights and thereby constrain designers' ability to accurately manage user understanding and to reliably evaluate and iterate designs.,"Data collection was partly conducted by overt observations and oral interviews. Therefore, social desirability and investigator effects cannot be excluded.",certain,
Doering_2015_evaluation-mobile-shopping-robot.json,Doering_2015_evaluation-mobile-shopping-robot.txt,7,designer,resource,Hardware energy limitations (battery life) forced removal of nonverbal features (blinking) because they drained the battery and increased recharging frequency.,"Energy constraints prevented sustaining embodied nonverbal behaviors, limiting designers' ability to produce and evaluate holistic social interaction features and iterate on robot personality/presentation.","Initially, the robot blinked during oral interactions with customers. However, when it was used often, blinking drained the battery very fast, leading to frequent recharging. Therefore, that feature was turned off.",certain,
Doering_2015_evaluation-mobile-shopping-robot.json,Doering_2015_evaluation-mobile-shopping-robot.txt,8,designer,resource,"The store environment is large, maze-like and highly dynamic (people, carts, changing shelf layouts), making robust mapping and navigation difficult.","Environmental complexity constrained designers' ability to produce and evaluate reliable navigation and context-of-use models, increasing technical difficulty and limiting straightforward iterative improvements.","TOOMAS was implemented in a home improvement store, which is a very complex, maze-like indoor environment... The environment is highly dynamic due to moving people (customers, staff) or other moving objects like shopping carts.",certain,
Doyle_2021_digital-platform-support-self-management.json,Doyle_2021_digital-platform-support-self-management.txt,1,designer,resource,"Resource limitations prevented the ProACT platform from integrating all features required to fully support multimorbidity self-management (eg, medication management, care planning).",Omitting these features constrained designers' ability to address holistic experience and to produce complete design solutions and user requirements for multimorbidity management.,"First, given the resource limitations, the version of the ProACT platform described in this paper and evaluated in the trial did not integrate all of the features required to fully support the self-management of multimorbidity, with development initially focused on symptom and well-being monitoring, education, setting physical activity goals, and data sharing.",certain,
Doyle_2021_digital-platform-support-self-management.json,Doyle_2021_digital-platform-support-self-management.txt,2,stakeholder,resource,"Project budget constraints limited triage staff and researcher availability to 9 AM–5 PM, Monday–Friday.","Restricted support hours reduced the team's ability to facilitate user involvement and provide continuous evaluation/support, potentially limiting participants' engagement and the designers' capacity to gather feedback outside those hours.","The triage staff responded to alerts between 9 AM and 5 PM, Monday-Friday (hours were limited because of project budget) and made monthly check-in phone calls. Participants were made aware of the hours of triage...",certain,
Doyle_2021_digital-platform-support-self-management.json,Doyle_2021_digital-platform-support-self-management.txt,3,stakeholder,resource,Third-party device usability and reliability problems generated heavy technical support demand and caused some participants to withdraw from the trial.,"Device failures and mistrust in readings increased researchers' support workload and led to participant disengagement, which impeded the team's ability to evaluate the system with those users and to iterate based on their experiences.","Despite several reported device issues, participants felt that the platform was usable... 'It was just too hard to do because you couldn’t in the first place take the blood pressure anyway because it wasn’t working.' [P037, female, 82 years, COPD+CHD, Ireland]... Of these, 76 calls were requests for peripherals..., 121 were for devices not working..., 50 related to data syncing issues..., and 29 involved pairing or connection problems...",certain,
Doyle_2021_digital-platform-support-self-management.json,Doyle_2021_digital-platform-support-self-management.txt,4,designer,knowledge,The SUS measure used did not distinguish usability between the CareApp and the symptom-monitoring devices.,This measurement limitation reduced designers' ability to evaluate and specify separate user requirements or targeted improvements for the app versus the devices.,"The SUS did not distinguish between the ProACT CareApp and symptom-monitoring devices. However, participant feedback suggests that the majority of usability issues lay with using the devices...",certain,
Doyle_2021_digital-platform-support-self-management.json,Doyle_2021_digital-platform-support-self-management.txt,5,designer,resource,"The proof-of-concept study design did not include a control group, preventing assessment of the effectiveness of individual platform components and services.","Without a control group designers were unable to rigorously evaluate which features or services (eg, triage, technical support) were effective, limiting their ability to integrate feedback and iterate toward optimized solutions.","A further point with respect to the PoC study design ... is that a control group was not included; therefore, it was not possible to assess the effectiveness of individual components of the ProACT platform and related services (access to triage and technical support).",certain,
Doyle_2021_digital-platform-support-self-management.json,Doyle_2021_digital-platform-support-self-management.txt,6,designer,knowledge,Helpdesk usage data were collected in Ireland but were not tracked in Belgium.,Lack of comparable support data across countries limited the research team's ability to understand cross-site technical support needs and manage user understanding and involvement comprehensively.,"To offer context to the necessity of the helpdesk, there were a total of 355 calls to the helpdesk in Ireland over the course of the trial (helpdesk calls were not tracked in Belgium).",certain,
