filename,decision,destination
Abu-Haydar et al. - 2021 - User Centered Design Developing the RELI Delivery System a Low Cost Non Electric Pneumatic Infusion.txt,exclude,data\fulltext_screening\sorted_based_on_decision\excluded\Abu-Haydar et al. - 2021 - User Centered Design Developing the RELI Delivery System a Low Cost Non Electric Pneumatic Infusion.txt
Acevedo et al. - 2022 - User Centered Virtual Environment for Poststroke Motor Rehabilitation.txt,exclude,data\fulltext_screening\sorted_based_on_decision\excluded\Acevedo et al. - 2022 - User Centered Virtual Environment for Poststroke Motor Rehabilitation.txt
Addamiano et al. - 2024 - Increasing access to fertility preservation for women with breast cancer protocol for a stepped wedg.txt,include,data\fulltext_screening\sorted_based_on_decision\included\Addamiano et al. - 2024 - Increasing access to fertility preservation for women with breast cancer protocol for a stepped wedg.txt
Adisurya R.R. et al. - 2020 - Information visualization of metacognitive skills during the software development process based on a.txt,exclude,data\fulltext_screening\sorted_based_on_decision\excluded\Adisurya R.R. et al. - 2020 - Information visualization of metacognitive skills during the software development process based on a.txt
Amirabdollahian et al. - 2014 - Design development and deployment of a hand wrist exoskeleton for home based rehabilitation after st.txt,include,data\fulltext_screening\sorted_based_on_decision\included\Amirabdollahian et al. - 2014 - Design development and deployment of a hand wrist exoskeleton for home based rehabilitation after st.txt
Amos M. and Lawson G. - 2017 - User Centered Design of a Portable Fire Extinguisher.txt,include,data\fulltext_screening\sorted_based_on_decision\included\Amos M. and Lawson G. - 2017 - User Centered Design of a Portable Fire Extinguisher.txt
Andersson et al. - 2021 - Using Human Centered Design to Adapt Supply Chains and Digital Solutions for Community Health Volunt.txt,include,data\fulltext_screening\sorted_based_on_decision\included\Andersson et al. - 2021 - Using Human Centered Design to Adapt Supply Chains and Digital Solutions for Community Health Volunt.txt
Ankolekar et al. - 2019 - Development and validation of a patient decision aid for prostate Cancer therapy from paternalistic.txt,include,data\fulltext_screening\sorted_based_on_decision\included\Ankolekar et al. - 2019 - Development and validation of a patient decision aid for prostate Cancer therapy from paternalistic.txt
Anraad et al. - 2024 - Promoting informed decision making about maternal pertussis vaccination the systematic development o.txt,include,data\fulltext_screening\sorted_based_on_decision\included\Anraad et al. - 2024 - Promoting informed decision making about maternal pertussis vaccination the systematic development o.txt
Ansari and Martin - 2024 - Integrating human centered design in public health data dashboards lessons from the development of a.txt,include,data\fulltext_screening\sorted_based_on_decision\included\Ansari and Martin - 2024 - Integrating human centered design in public health data dashboards lessons from the development of a.txt
Arigo et al. - 2022 - Development and Initial Testing of a Personalized Adaptive and Socially Focused Web Tool to Support.txt,include,data\fulltext_screening\sorted_based_on_decision\included\Arigo et al. - 2022 - Development and Initial Testing of a Personalized Adaptive and Socially Focused Web Tool to Support.txt
Aripiyanto S. et al. - 2022 - Usability Improvement Through User Interface Design with Human Centered Design HCD Method on Junior.txt,exclude,data\fulltext_screening\sorted_based_on_decision\excluded\Aripiyanto S. et al. - 2022 - Usability Improvement Through User Interface Design with Human Centered Design HCD Method on Junior.txt
Arrivillaga et al. - 2020 - Innovative prototypes for cervical cancer prevention in low income primary care settings A human cen.txt,include,data\fulltext_screening\sorted_based_on_decision\included\Arrivillaga et al. - 2020 - Innovative prototypes for cervical cancer prevention in low income primary care settings A human cen.txt
Asadipour et al. - 2020 - A technology aided multi modal training approach to assist abdominal palpation training and its asse.txt,include,data\fulltext_screening\sorted_based_on_decision\included\Asadipour et al. - 2020 - A technology aided multi modal training approach to assist abdominal palpation training and its asse.txt
Azad C.L. et al. - 2024 - Developing a multimedia patient reported outcomes measure for low literacy patients with a human cen.txt,include,data\fulltext_screening\sorted_based_on_decision\included\Azad C.L. et al. - 2024 - Developing a multimedia patient reported outcomes measure for low literacy patients with a human cen.txt
Baca J. et al. - 2007 - ezHPC Adopting a program wide user centered design approach to the ezHPC user interface.txt,include,data\fulltext_screening\sorted_based_on_decision\included\Baca J. et al. - 2007 - ezHPC Adopting a program wide user centered design approach to the ezHPC user interface.txt
Bairagi N. and Mahajani P. - 2021 - Redesigning Walker for Elderly.txt,include,data\fulltext_screening\sorted_based_on_decision\included\Bairagi N. and Mahajani P. - 2021 - Redesigning Walker for Elderly.txt
Ballester et al. - 2021 - A Mobile Electronic Health Record Connected Application for Managing Team Workflows in Inpatient Car.txt,include,data\fulltext_screening\sorted_based_on_decision\included\Ballester et al. - 2021 - A Mobile Electronic Health Record Connected Application for Managing Team Workflows in Inpatient Car.txt
Bangash et al. - 2020 - An Implementation Science Framework to Develop a Clinical Decision Support Tool for Familial Hyperch.txt,include,data\fulltext_screening\sorted_based_on_decision\included\Bangash et al. - 2020 - An Implementation Science Framework to Develop a Clinical Decision Support Tool for Familial Hyperch.txt
Bangash et al. - 2022 - Web Based Tool FH Family Share to Increase Uptake of Cascade Testing for Familial Hypercholesterolem.txt,include,data\fulltext_screening\sorted_based_on_decision\included\Bangash et al. - 2022 - Web Based Tool FH Family Share to Increase Uptake of Cascade Testing for Familial Hypercholesterolem.txt
Bangerter et al. - 2022 - A hybrid method of healthcare delivery research and human centered design to develop technology enab.txt,include,data\fulltext_screening\sorted_based_on_decision\included\Bangerter et al. - 2022 - A hybrid method of healthcare delivery research and human centered design to develop technology enab.txt
Barakat A. et al. - 2022 - AN INTEGRATED APPROACH TO USER CENTERED DESIGN MOBILE BRAIN HEART IMAGING IN VIRTUAL REALITY.txt,exclude,data\fulltext_screening\sorted_based_on_decision\excluded\Barakat A. et al. - 2022 - AN INTEGRATED APPROACH TO USER CENTERED DESIGN MOBILE BRAIN HEART IMAGING IN VIRTUAL REALITY.txt
Barr et al. - 2021 - An Audio Personal Health Library of Clinic Visit Recordings for Patients and Their Caregivers Health.txt,include,data\fulltext_screening\sorted_based_on_decision\included\Barr et al. - 2021 - An Audio Personal Health Library of Clinic Visit Recordings for Patients and Their Caregivers Health.txt
Barwick M - 2023 - The Implementation Playbook study protocol for the development and feasibility evaluation of a digit.txt,include,data\fulltext_screening\sorted_based_on_decision\included\Barwick M - 2023 - The Implementation Playbook study protocol for the development and feasibility evaluation of a digit.txt
Beeman et al. - 2023 - Using human centered design to co design dedicated menstrual health spaces with people who menstruat.txt,include,data\fulltext_screening\sorted_based_on_decision\included\Beeman et al. - 2023 - Using human centered design to co design dedicated menstrual health spaces with people who menstruat.txt
Belden JL - 2019 - Designing a medication timeline for patients and physicians.txt,include,data\fulltext_screening\sorted_based_on_decision\included\Belden JL - 2019 - Designing a medication timeline for patients and physicians.txt
Bernard J. et al. - 2015 - VisInfo a digital library system for time series research data based on exploratory search a user ce.txt,include,data\fulltext_screening\sorted_based_on_decision\included\Bernard J. et al. - 2015 - VisInfo a digital library system for time series research data based on exploratory search a user ce.txt
Beutter C.N.L. et al. - 2023 - User Centered Development of a Mobile App to Assess the Quality of Life of Patients With Cancer Iter.txt,include,data\fulltext_screening\sorted_based_on_decision\included\Beutter C.N.L. et al. - 2023 - User Centered Development of a Mobile App to Assess the Quality of Life of Patients With Cancer Iter.txt
Bilardi J. et al. - 2023 - Miscarriage Australia the use of a human centered design approach to design and develop a website fo.txt,include,data\fulltext_screening\sorted_based_on_decision\included\Bilardi J. et al. - 2023 - Miscarriage Australia the use of a human centered design approach to design and develop a website fo.txt
Bilodeau et al. - 2019 - Reducing complexity of patient decision aids for community based older adults with dementia and thei.txt,include,data\fulltext_screening\sorted_based_on_decision\included\Bilodeau et al. - 2019 - Reducing complexity of patient decision aids for community based older adults with dementia and thei.txt
Bjorling and Rose - 2019 - Participatory Research Principles in Human Centered Design Engaging Teens in the Co Design of a Soci.txt,include,data\fulltext_screening\sorted_based_on_decision\included\Bjorling and Rose - 2019 - Participatory Research Principles in Human Centered Design Engaging Teens in the Co Design of a Soci.txt
Bjorling et al. - 2019 - Thought Disposal Co Designing a virtual interaction to reduce stress in teens.txt,include,data\fulltext_screening\sorted_based_on_decision\included\Bjorling et al. - 2019 - Thought Disposal Co Designing a virtual interaction to reduce stress in teens.txt
Blazey et al. - 2023 - Designing a Dyad Based Digital Health Intervention to Reduce Sedentary Time in Black Breast Cancer S.txt,exclude,data\fulltext_screening\sorted_based_on_decision\excluded\Blazey et al. - 2023 - Designing a Dyad Based Digital Health Intervention to Reduce Sedentary Time in Black Breast Cancer S.txt
Block et al. - 2024 - A Closed Loop Falls Monitoring and Prevention App for Multiple Sclerosis Clinical Practice Human Cen.txt,include,data\fulltext_screening\sorted_based_on_decision\included\Block et al. - 2024 - A Closed Loop Falls Monitoring and Prevention App for Multiple Sclerosis Clinical Practice Human Cen.txt
Blynn E. et al. - 2021 - Integrating Human Centered Design to Advance Global Health Lessons from 3 Programs.txt,include,data\fulltext_screening\sorted_based_on_decision\included\Blynn E. et al. - 2021 - Integrating Human Centered Design to Advance Global Health Lessons from 3 Programs.txt
Boehmer et al. - 2016 - Meaningful conversations in living with and treating chronic conditions development of the ICAN disc.txt,include,data\fulltext_screening\sorted_based_on_decision\included\Boehmer et al. - 2016 - Meaningful conversations in living with and treating chronic conditions development of the ICAN disc.txt
Bogza et al. - 2020 - User Centered Design and Evaluation of a Web Based Decision Aid for Older Adults Living With Mild Co.txt,include,data\fulltext_screening\sorted_based_on_decision\included\Bogza et al. - 2020 - User Centered Design and Evaluation of a Web Based Decision Aid for Older Adults Living With Mild Co.txt
Bonet-Olivencia et al. - 2023 - User Centered Design of a Diabetes Self Management Tool for Underserved Populations.txt,include,data\fulltext_screening\sorted_based_on_decision\included\Bonet-Olivencia et al. - 2023 - User Centered Design of a Diabetes Self Management Tool for Underserved Populations.txt
Borosund et al. - 2023 - Digital Cognitive Behavioral and Mindfulness Based Stress Management Interventions for Survivors of.txt,include,data\fulltext_screening\sorted_based_on_decision\included\Borosund et al. - 2023 - Digital Cognitive Behavioral and Mindfulness Based Stress Management Interventions for Survivors of.txt
Bos et al. - 2022 - A Web Based Application for Personalized Ecological Momentary Assessment in Psychiatric Care User Ce.txt,exclude,data\fulltext_screening\sorted_based_on_decision\excluded\Bos et al. - 2022 - A Web Based Application for Personalized Ecological Momentary Assessment in Psychiatric Care User Ce.txt
Boy - 2012 - What do we mean by Human Centered Design of Life Critical Systems.txt,exclude,data\fulltext_screening\sorted_based_on_decision\excluded\Boy - 2012 - What do we mean by Human Centered Design of Life Critical Systems.txt
Breeman et al. - 2021 - A multi stakeholder approach to eHealth development Promoting sustained healthy living among cardiov.txt,include,data\fulltext_screening\sorted_based_on_decision\included\Breeman et al. - 2021 - A multi stakeholder approach to eHealth development Promoting sustained healthy living among cardiov.txt
Brown M.C. et al. - 2024 - Codesigning Online Continuing Medical Education on Social Health Integration and Social Risk Informe.txt,exclude,data\fulltext_screening\sorted_based_on_decision\excluded\Brown M.C. et al. - 2024 - Codesigning Online Continuing Medical Education on Social Health Integration and Social Risk Informe.txt
Buck B - 2023 - User Centered Development of Bolster an mHealth Intervention for Early Psychosis Caregivers Needs As.txt,include,data\fulltext_screening\sorted_based_on_decision\included\Buck B - 2023 - User Centered Development of Bolster an mHealth Intervention for Early Psychosis Caregivers Needs As.txt
Burchert et al. - 2019 - User Centered App Adaptation of a Low Intensity E Mental Health Intervention for Syrian Refugees.txt,include,data\fulltext_screening\sorted_based_on_decision\included\Burchert et al. - 2019 - User Centered App Adaptation of a Low Intensity E Mental Health Intervention for Syrian Refugees.txt
Borosund E - 2018 - A Stress Management App Intervention for Cancer Survivors Design Development and Usability Testing.txt,include,data\fulltext_screening\sorted_based_on_decision\included\Borosund E - 2018 - A Stress Management App Intervention for Cancer Survivors Design Development and Usability Testing.txt
Cafazzo et al. - 2012 - Design of an mHealth App for the Self management of Adolescent Type 1 Diabetes A Pilot Study.txt,include,data\fulltext_screening\sorted_based_on_decision\included\Cafazzo et al. - 2012 - Design of an mHealth App for the Self management of Adolescent Type 1 Diabetes A Pilot Study.txt
Cai et al. - 2017 - Developing and Evaluating JIApp Acceptability and Usability of a Smartphone App System to Improve Se.txt,include,data\fulltext_screening\sorted_based_on_decision\included\Cai et al. - 2017 - Developing and Evaluating JIApp Acceptability and Usability of a Smartphone App System to Improve Se.txt
Calvillo-Arbizu et al. - 2019 - User centred design for developing e Health system for renal patients at home AppNephro.txt,include,data\fulltext_screening\sorted_based_on_decision\included\Calvillo-Arbizu et al. - 2019 - User centred design for developing e Health system for renal patients at home AppNephro.txt
Carayon et al. - 2022 - Human centered design of team health IT for pediatric trauma care transitions.txt,include,data\fulltext_screening\sorted_based_on_decision\included\Carayon et al. - 2022 - Human centered design of team health IT for pediatric trauma care transitions.txt
Dirin et al. - 2015 - User Centered Design of a Context Aware Nurse Assistant CANA at Finnish Elderly Houses.txt,include,data\fulltext_screening\sorted_based_on_decision\included\Dirin et al. - 2015 - User Centered Design of a Context Aware Nurse Assistant CANA at Finnish Elderly Houses.txt
Dixit et al. - 2020 - Rapid development of visualization dashboards to enhance situation awareness of COVID 19 telehealth.txt,include,data\fulltext_screening\sorted_based_on_decision\included\Dixit et al. - 2020 - Rapid development of visualization dashboards to enhance situation awareness of COVID 19 telehealth.txt
Doering N. et al. - 2015 - User Centered Design and Evaluation of a Mobile Shopping Robot.txt,include,data\fulltext_screening\sorted_based_on_decision\included\Doering N. et al. - 2015 - User Centered Design and Evaluation of a Mobile Shopping Robot.txt
Doyle AM - 2019 - Challenges and opportunities in evaluating programmes incorporating human centred design lessons lea.txt,exclude,data\fulltext_screening\sorted_based_on_decision\excluded\Doyle AM - 2019 - Challenges and opportunities in evaluating programmes incorporating human centred design lessons lea.txt
Doyle et al. - 2021 - A Digital Platform to Support Self management of Multiple Chronic Conditions ProACT Findings in Rela.txt,include,data\fulltext_screening\sorted_based_on_decision\included\Doyle et al. - 2021 - A Digital Platform to Support Self management of Multiple Chronic Conditions ProACT Findings in Rela.txt
Dufendach et al. - 2017 - A Randomized Trial Comparing Classical Participatory Design to VandAID an Interactive CrowdSourcing.txt,exclude,data\fulltext_screening\sorted_based_on_decision\excluded\Dufendach et al. - 2017 - A Randomized Trial Comparing Classical Participatory Design to VandAID an Interactive CrowdSourcing.txt
Ede et al. - 2023 - Building a Covid 19 secure intensive care unit A human centred design approach.txt,include,data\fulltext_screening\sorted_based_on_decision\included\Ede et al. - 2023 - Building a Covid 19 secure intensive care unit A human centred design approach.txt
Ekstedt et al. - 2022 - Design and Development of an eHealth Service for Collaborative Self Management among Older Adults wi.txt,include,data\fulltext_screening\sorted_based_on_decision\included\Ekstedt et al. - 2022 - Design and Development of an eHealth Service for Collaborative Self Management among Older Adults wi.txt
Faiola et al. - 2018 - HYPOalert Designing Mobile Technology for Hypoglycemic Detection and Monitoring Based on Human Breat.txt,exclude,data\fulltext_screening\sorted_based_on_decision\excluded\Faiola et al. - 2018 - HYPOalert Designing Mobile Technology for Hypoglycemic Detection and Monitoring Based on Human Breat.txt
Fakoya et al. - 2022 - Enhancing Human Centered Design With Youth Led Participatory Action Research Approaches for Adolesce.txt,include,data\fulltext_screening\sorted_based_on_decision\included\Fakoya et al. - 2022 - Enhancing Human Centered Design With Youth Led Participatory Action Research Approaches for Adolesce.txt
Fanio et al. - 2023 - Designing for patient decision making Design challenges generated by patients with atrial fibrillati.txt,include,data\fulltext_screening\sorted_based_on_decision\included\Fanio et al. - 2023 - Designing for patient decision making Design challenges generated by patients with atrial fibrillati.txt
Farinango et al. - 2018 - Human centered design of a personal health record system for metabolic syndrome management based on.txt,include,data\fulltext_screening\sorted_based_on_decision\included\Farinango et al. - 2018 - Human centered design of a personal health record system for metabolic syndrome management based on.txt
Farrell D. et al. - 2011 - Developing e Bug web games to teach microbiology.txt,include,data\fulltext_screening\sorted_based_on_decision\included\Farrell D. et al. - 2011 - Developing e Bug web games to teach microbiology.txt
Fassl M. et al. - 2021 - Exploring user centered security design for usable authentication ceremonies.txt,include,data\fulltext_screening\sorted_based_on_decision\included\Fassl M. et al. - 2021 - Exploring user centered security design for usable authentication ceremonies.txt
Fauzan M.A. et al. - 2023 - User Interface Design for A University E Library Mobile App Using User Centered Design.txt,include,data\fulltext_screening\sorted_based_on_decision\included\Fauzan M.A. et al. - 2023 - User Interface Design for A University E Library Mobile App Using User Centered Design.txt
Fazaeli et al. - 2021 - Development Implementation and User Evaluation of COVID 19 Dashboard in a Third Level Hospital in Ir.txt,include,data\fulltext_screening\sorted_based_on_decision\included\Fazaeli et al. - 2021 - Development Implementation and User Evaluation of COVID 19 Dashboard in a Third Level Hospital in Ir.txt
Fico et al. - 2019 - User Centered Design to Improve Information Exchange in Diabetes Care Through eHealth Results from a.txt,exclude,data\fulltext_screening\sorted_based_on_decision\excluded\Fico et al. - 2019 - User Centered Design to Improve Information Exchange in Diabetes Care Through eHealth Results from a.txt
Forbush et al. - 2023 - The Building Healthy Eating and Self Esteem Together for University Students Mobile App to Treat Eat.txt,include,data\fulltext_screening\sorted_based_on_decision\included\Forbush et al. - 2023 - The Building Healthy Eating and Self Esteem Together for University Students Mobile App to Treat Eat.txt
Franklin PD - 2022 - Web Based System to Capture Consistent and Complete Real world Data of Physical Therapy Intervention.txt,include,data\fulltext_screening\sorted_based_on_decision\included\Franklin PD - 2022 - Web Based System to Capture Consistent and Complete Real world Data of Physical Therapy Intervention.txt
Gagnon Shaigetz V - 2021 - An Immersive and Interactive Platform for Cognitive Assessment and Rehabilitation bWell Design and I.txt,include,data\fulltext_screening\sorted_based_on_decision\included\Gagnon Shaigetz V - 2021 - An Immersive and Interactive Platform for Cognitive Assessment and Rehabilitation bWell Design and I.txt
Gan et al. - 2023 - Promoting Engagement With Smartphone Apps for Suicidal Ideation in Young People Development of an Ad.txt,include,data\fulltext_screening\sorted_based_on_decision\included\Gan et al. - 2023 - Promoting Engagement With Smartphone Apps for Suicidal Ideation in Young People Development of an Ad.txt
Garabedian et al. - 2022 - Human centered design of clinical decision support for management of hypertension with chronic kidne.txt,include,data\fulltext_screening\sorted_based_on_decision\included\Garabedian et al. - 2022 - Human centered design of clinical decision support for management of hypertension with chronic kidne.txt
Garber et al. - 2023 - Developing pilot testing and refining requirements for 3 EHR integrated interventions to improve dia.txt,include,data\fulltext_screening\sorted_based_on_decision\included\Garber et al. - 2023 - Developing pilot testing and refining requirements for 3 EHR integrated interventions to improve dia.txt
Garcia S A. et al. - 2022 - CitrusGenome Applying User Centered Design for Evaluating the Usability of Genomic User Interfaces.txt,exclude,data\fulltext_screening\sorted_based_on_decision\excluded\Garcia S A. et al. - 2022 - CitrusGenome Applying User Centered Design for Evaluating the Usability of Genomic User Interfaces.txt
Garvelink MM - 2016 - Development of a decision guide to support the elderly in decision making about location of care an.txt,include,data\fulltext_screening\sorted_based_on_decision\included\Garvelink MM - 2016 - Development of a decision guide to support the elderly in decision making about location of care an.txt
Garzo et al. - 2018 - Design and development of a gait training system for Parkinson s disease.txt,include,data\fulltext_screening\sorted_based_on_decision\included\Garzo et al. - 2018 - Design and development of a gait training system for Parkinson s disease.txt
Gaudaen J.C. et al. - 2023 - Usability Enhancements to a Prototype Clinical Decision Support System for Combat Medics.txt,include,data\fulltext_screening\sorted_based_on_decision\included\Gaudaen J.C. et al. - 2023 - Usability Enhancements to a Prototype Clinical Decision Support System for Combat Medics.txt
Gherardini et al. - 2017 - A systematic user centred framework for engineering product design in small and medium sized enterpr.txt,include,data\fulltext_screening\sorted_based_on_decision\included\Gherardini et al. - 2017 - A systematic user centred framework for engineering product design in small and medium sized enterpr.txt
Giguere AMC - 2018 - Tailoring and evaluating an intervention to improve shared decision making among seniors with dement.txt,include,data\fulltext_screening\sorted_based_on_decision\included\Giguere AMC - 2018 - Tailoring and evaluating an intervention to improve shared decision making among seniors with dement.txt
Gill RK - 2019 - Feasibility and Acceptability of a Mobile Technology Intervention to Support Postabortion Care The F.txt,exclude,data\fulltext_screening\sorted_based_on_decision\excluded\Gill RK - 2019 - Feasibility and Acceptability of a Mobile Technology Intervention to Support Postabortion Care The F.txt
Giuliani et al. - 2020 - User centred design and evaluation of a tele operated echocardiography robot.txt,include,data\fulltext_screening\sorted_based_on_decision\included\Giuliani et al. - 2020 - User centred design and evaluation of a tele operated echocardiography robot.txt
Goode et al. - 2022 - Applying a User Centred Design Approach to Optimise a Workplace Initiative for Wide Scale Implementa.txt,include,data\fulltext_screening\sorted_based_on_decision\included\Goode et al. - 2022 - Applying a User Centred Design Approach to Optimise a Workplace Initiative for Wide Scale Implementa.txt
Graham et al. - 2021 - Integrating User Centered Design and Behavioral Science to Design a Mobile Intervention for Obesity.txt,exclude,data\fulltext_screening\sorted_based_on_decision\excluded\Graham et al. - 2021 - Integrating User Centered Design and Behavioral Science to Design a Mobile Intervention for Obesity.txt
Green R. et al. - 2015 - Tracking Care in the Emergency Department.txt,exclude,data\fulltext_screening\sorted_based_on_decision\excluded\Green R. et al. - 2015 - Tracking Care in the Emergency Department.txt
Gresh et al. - 2023 - Adapting group care to the postpartum period using a human centered design approach in Malawi.txt,exclude,data\fulltext_screening\sorted_based_on_decision\excluded\Gresh et al. - 2023 - Adapting group care to the postpartum period using a human centered design approach in Malawi.txt
Ha et al. - 2023 - Digital Health Equity and Tailored Health Care Service for People With Disability User Centered Desi.txt,include,data\fulltext_screening\sorted_based_on_decision\included\Ha et al. - 2023 - Digital Health Equity and Tailored Health Care Service for People With Disability User Centered Desi.txt
Haines et al. - 2021 - Harmonizing evidence based practice implementation context and implementation strategies with user c.txt,include,data\fulltext_screening\sorted_based_on_decision\included\Haines et al. - 2021 - Harmonizing evidence based practice implementation context and implementation strategies with user c.txt
Hall et al. - 2023 - Co designing an Integrated Health and Social Care Hub With and for Families Experiencing Adversity.txt,include,data\fulltext_screening\sorted_based_on_decision\included\Hall et al. - 2023 - Co designing an Integrated Health and Social Care Hub With and for Families Experiencing Adversity.txt
Hartzler AL - 2015 - Integrating Patient Reported Outcomes into Spine Surgical Care through Visual Dashboards Lessons Lea.txt,exclude,data\fulltext_screening\sorted_based_on_decision\excluded\Hartzler AL - 2015 - Integrating Patient Reported Outcomes into Spine Surgical Care through Visual Dashboards Lessons Lea.txt
Hartzler et al. - 2022 - Take on transplant human centered design of a patient education tool to facilitate informed discussi.txt,include,data\fulltext_screening\sorted_based_on_decision\included\Hartzler et al. - 2022 - Take on transplant human centered design of a patient education tool to facilitate informed discussi.txt
He et al. - 2019 - ALOHA developing an interactive graph based visualization for dietary supplement knowledge graph thr.txt,include,data\fulltext_screening\sorted_based_on_decision\included\He et al. - 2019 - ALOHA developing an interactive graph based visualization for dietary supplement knowledge graph thr.txt
He et al. - 2020 - User centered design of a web based crowdsourcing integrated semantic text annotation tool for build.txt,include,data\fulltext_screening\sorted_based_on_decision\included\He et al. - 2020 - User centered design of a web based crowdsourcing integrated semantic text annotation tool for build.txt
Hearn et al. - 2022 - A digital self care intervention for Ugandan patients with heart failure and their clinicians User c.txt,include,data\fulltext_screening\sorted_based_on_decision\included\Hearn et al. - 2022 - A digital self care intervention for Ugandan patients with heart failure and their clinicians User c.txt
Hemingway et al. - 2019 - Development of a Mobile Game to Influence Behavior Determinants of HIV Service Uptake Among Key Popu.txt,include,data\fulltext_screening\sorted_based_on_decision\included\Hemingway et al. - 2019 - Development of a Mobile Game to Influence Behavior Determinants of HIV Service Uptake Among Key Popu.txt
Hennig S. - 2022 - Contributing to Planning for Sustainability Advancing User Involvement for User Centred Geoparticipa.txt,include,data\fulltext_screening\sorted_based_on_decision\included\Hennig S. - 2022 - Contributing to Planning for Sustainability Advancing User Involvement for User Centred Geoparticipa.txt
Honary et al. - 2018 - A Web Based Intervention for Relatives of People Experiencing Psychosis or Bipolar Disorder Design S.txt,include,data\fulltext_screening\sorted_based_on_decision\included\Honary et al. - 2018 - A Web Based Intervention for Relatives of People Experiencing Psychosis or Bipolar Disorder Design S.txt
Huber S. et al. - 2022 - Toward User Experience in ATC Exploring Novel Interface Concepts for Air Traffic Control.txt,include,data\fulltext_screening\sorted_based_on_decision\included\Huber S. et al. - 2022 - Toward User Experience in ATC Exploring Novel Interface Concepts for Air Traffic Control.txt
Huwa J. et al. - 2023 - It reminds me and motivates me Human centered design and implementation of an interactive SMS based.txt,include,data\fulltext_screening\sorted_based_on_decision\included\Huwa J. et al. - 2023 - It reminds me and motivates me Human centered design and implementation of an interactive SMS based.txt
Hwang et al. - 2022 - A Clinical Decision Support System for Sleep Staging Tasks With Explanations From Artificial Intelli.txt,include,data\fulltext_screening\sorted_based_on_decision\included\Hwang et al. - 2022 - A Clinical Decision Support System for Sleep Staging Tasks With Explanations From Artificial Intelli.txt
Iglesias et al. - 2024 - The Town Crier A Use Case Design and Implementation for a Socially Assistive Robot in Retirement Hom.txt,include,data\fulltext_screening\sorted_based_on_decision\included\Iglesias et al. - 2024 - The Town Crier A Use Case Design and Implementation for a Socially Assistive Robot in Retirement Hom.txt
Catalani et al. - 2014 - A Clinical Decision Support System for Integrating Tuberculosis and HIV Care in Kenya A Human Center.txt,include,data\fulltext_screening\sorted_based_on_decision\included\Catalani et al. - 2014 - A Clinical Decision Support System for Integrating Tuberculosis and HIV Care in Kenya A Human Center.txt
Cenka B.A.N. et al. - 2023 - The Third Wave of Self Regulated Learning s Measurement and Intervention Tools Designing Diaria as a.txt,exclude,data\fulltext_screening\sorted_based_on_decision\excluded\Cenka B.A.N. et al. - 2023 - The Third Wave of Self Regulated Learning s Measurement and Intervention Tools Designing Diaria as a.txt
Chacon-Cifuentes et al. - 2020 - Interdisciplinary Approach of the Design Process for the Application of New Materials in Wheelchair.txt,include,data\fulltext_screening\sorted_based_on_decision\included\Chacon-Cifuentes et al. - 2020 - Interdisciplinary Approach of the Design Process for the Application of New Materials in Wheelchair.txt
Chan K.H. et al. - 2020 - User centered development of a hypospadias decision aid prototype.txt,exclude,data\fulltext_screening\sorted_based_on_decision\excluded\Chan K.H. et al. - 2020 - User centered development of a hypospadias decision aid prototype.txt
Chartomatsidis M. and Goumopoulos C. - 2020 - Development and evaluation of a motion based exercise game for balance improvement.txt,include,data\fulltext_screening\sorted_based_on_decision\included\Chartomatsidis M. and Goumopoulos C. - 2020 - Development and evaluation of a motion based exercise game for balance improvement.txt
Chatterjee et al. - 2022 - ProHealth eCoach user centered design and development of an eCoach app to promote healthy lifestyle.txt,include,data\fulltext_screening\sorted_based_on_decision\included\Chatterjee et al. - 2022 - ProHealth eCoach user centered design and development of an eCoach app to promote healthy lifestyle.txt
Chen et al. - 2024 - MyTrack plus Human centered design of an mHealth app to support long term weight loss maintenance.txt,include,data\fulltext_screening\sorted_based_on_decision\included\Chen et al. - 2024 - MyTrack plus Human centered design of an mHealth app to support long term weight loss maintenance.txt
Chen Y - 2021 - An Intelligent Individualized Cardiovascular App for Risk Elimination iCARE for Individuals With Cor.txt,include,data\fulltext_screening\sorted_based_on_decision\included\Chen Y - 2021 - An Intelligent Individualized Cardiovascular App for Risk Elimination iCARE for Individuals With Cor.txt
Cheng S.C. et al. - 2024 - Co Production of a Cognitive Behavioral Therapy Digital Platform for Families of Individuals Impacte.txt,exclude,data\fulltext_screening\sorted_based_on_decision\excluded\Cheng S.C. et al. - 2024 - Co Production of a Cognitive Behavioral Therapy Digital Platform for Families of Individuals Impacte.txt
Chengang et al. - 2024 - Multi stage optimization strategy based on contextual analysis to create M health components for cas.txt,exclude,data\fulltext_screening\sorted_based_on_decision\excluded\Chengang et al. - 2024 - Multi stage optimization strategy based on contextual analysis to create M health components for cas.txt
Chu et al. - 2021 - Exergaming Platform for Older Adults Residing in Long Term Care Homes User Centered Design Developme.txt,include,data\fulltext_screening\sorted_based_on_decision\included\Chu et al. - 2021 - Exergaming Platform for Older Adults Residing in Long Term Care Homes User Centered Design Developme.txt
Clack et al. - 2019 - User centred participatory design of visual cues for isolation precautions.txt,include,data\fulltext_screening\sorted_based_on_decision\included\Clack et al. - 2019 - User centred participatory design of visual cues for isolation precautions.txt
Coffen-Burke J. et al. - 2023 - Designing Software for Genomics Medicine Service Leaders to Engage Stakeholders.txt,include,data\fulltext_screening\sorted_based_on_decision\included\Coffen-Burke J. et al. - 2023 - Designing Software for Genomics Medicine Service Leaders to Engage Stakeholders.txt
Colceriu C. et al. - 2023 - User centered design in mobile human robot cooperation consideration of usability and situation awar.txt,exclude,data\fulltext_screening\sorted_based_on_decision\excluded\Colceriu C. et al. - 2023 - User centered design in mobile human robot cooperation consideration of usability and situation awar.txt
Connelly K. et al. - 2012 - An offline mobile nutrition monitoring intervention for varying literacy patients receiving hemodial.txt,include,data\fulltext_screening\sorted_based_on_decision\included\Connelly K. et al. - 2012 - An offline mobile nutrition monitoring intervention for varying literacy patients receiving hemodial.txt
Cornet et al. - 2020 - Untold Stories in User Centered Design of Mobile Health Practical Challenges and Strategies Learned.txt,include,data\fulltext_screening\sorted_based_on_decision\included\Cornet et al. - 2020 - Untold Stories in User Centered Design of Mobile Health Practical Challenges and Strategies Learned.txt
Costa et al. - 2015 - Lessons Learned on Developing Educational Systems Using a Hybrid User Centered Methodology.txt,include,data\fulltext_screening\sorted_based_on_decision\included\Costa et al. - 2015 - Lessons Learned on Developing Educational Systems Using a Hybrid User Centered Methodology.txt
Coulter R.W.S. et al. - 2021 - Generating intervention concepts for reducing adolescent relationship abuse inequities among sexual.txt,include,data\fulltext_screening\sorted_based_on_decision\included\Coulter R.W.S. et al. - 2021 - Generating intervention concepts for reducing adolescent relationship abuse inequities among sexual.txt
Counson et al. - 2021 - Development of the Shift Smartphone App to Support the Emotional Well Being of Junior Physicians Des.txt,include,data\fulltext_screening\sorted_based_on_decision\included\Counson et al. - 2021 - Development of the Shift Smartphone App to Support the Emotional Well Being of Junior Physicians Des.txt
Crisan et al. - 2018 - Evidence based design and evaluation of a whole genome sequencing clinical report for the reference.txt,include,data\fulltext_screening\sorted_based_on_decision\included\Crisan et al. - 2018 - Evidence based design and evaluation of a whole genome sequencing clinical report for the reference.txt
Cristancho-Lacroix V. et al. - 2014 - A web based program for informal caregivers of persons with alzheimer s disease An iterative user ce.txt,include,data\fulltext_screening\sorted_based_on_decision\included\Cristancho-Lacroix V. et al. - 2014 - A web based program for informal caregivers of persons with alzheimer s disease An iterative user ce.txt
Curtis H. et al. - 2023 - Envisioning the In Visibility of Discreet and Wearable AAC Devices.txt,include,data\fulltext_screening\sorted_based_on_decision\included\Curtis H. et al. - 2023 - Envisioning the In Visibility of Discreet and Wearable AAC Devices.txt
Cutini et al. - 2017 - Safety Critical Manuals for Agricultural Tractor Drivers A Method to Improve Their Usability.txt,exclude,data\fulltext_screening\sorted_based_on_decision\excluded\Cutini et al. - 2017 - Safety Critical Manuals for Agricultural Tractor Drivers A Method to Improve Their Usability.txt
Cutting E. et al. - 2016 - User centered design of multi gene sequencing panel reports for clinicians.txt,include,data\fulltext_screening\sorted_based_on_decision\included\Cutting E. et al. - 2016 - User centered design of multi gene sequencing panel reports for clinicians.txt
Dahildahil R.O. et al. - 2023 - User centered Design in Time and Resource limited Settings Enhancing the Usability of Hearing for Li.txt,include,data\fulltext_screening\sorted_based_on_decision\included\Dahildahil R.O. et al. - 2023 - User centered Design in Time and Resource limited Settings Enhancing the Usability of Hearing for Li.txt
Danitz S.B. et al. - 2019 - When user centered design meets implementation science Integrating provider perspectives in the deve.txt,include,data\fulltext_screening\sorted_based_on_decision\included\Danitz S.B. et al. - 2019 - When user centered design meets implementation science Integrating provider perspectives in the deve.txt
Deliv et al. - 2023 - Development of a video based evidence synthesis knowledge translation resource Drawing on a user cen.txt,include,data\fulltext_screening\sorted_based_on_decision\included\Deliv et al. - 2023 - Development of a video based evidence synthesis knowledge translation resource Drawing on a user cen.txt
Derks et al. - 2019 - Development of an Ambulatory Biofeedback App to Enhance Emotional Awareness in Patients with Borderl.txt,exclude,data\fulltext_screening\sorted_based_on_decision\excluded\Derks et al. - 2019 - Development of an Ambulatory Biofeedback App to Enhance Emotional Awareness in Patients with Borderl.txt
Derksen et al. - 2021 - Mobile Health for Smoking Cessation Among Disadvantaged Young Women During and After Pregnancy User.txt,include,data\fulltext_screening\sorted_based_on_decision\included\Derksen et al. - 2021 - Mobile Health for Smoking Cessation Among Disadvantaged Young Women During and After Pregnancy User.txt
Desai AD - 2018 - Caregiver and Health Care Provider Perspectives on Cloud Based Shared Care Plans for Children With M.txt,exclude,data\fulltext_screening\sorted_based_on_decision\excluded\Desai AD - 2018 - Caregiver and Health Care Provider Perspectives on Cloud Based Shared Care Plans for Children With M.txt
Desai et al. - 2021 - A Novel Patient Values Tab for the Electronic Health Record A User Centered Design Approach.txt,include,data\fulltext_screening\sorted_based_on_decision\included\Desai et al. - 2021 - A Novel Patient Values Tab for the Electronic Health Record A User Centered Design Approach.txt
Dijkstra NE - 2018 - Development of eHOME a Mobile Instrument for Reporting Monitoring and Consulting Drug Related Proble.txt,include,data\fulltext_screening\sorted_based_on_decision\included\Dijkstra NE - 2018 - Development of eHOME a Mobile Instrument for Reporting Monitoring and Consulting Drug Related Proble.txt
Diaz-Mohedo et al. - 2024 - App Mohedo r A mobile app for the management of chronic pelvic pain A design and development study.txt,include,data\fulltext_screening\sorted_based_on_decision\included\Diaz-Mohedo et al. - 2024 - App Mohedo r A mobile app for the management of chronic pelvic pain A design and development study.txt
Ippoliti et al. - 2021 - Using Human Centered Design to Develop Launch and Evaluate a National Digital Health Platform to Imp.txt,include,data\fulltext_screening\sorted_based_on_decision\included\Ippoliti et al. - 2021 - Using Human Centered Design to Develop Launch and Evaluate a National Digital Health Platform to Imp.txt
Irvine T - 2024 - Development and preliminary evaluation of a genetics education booklet for retinoblastoma.txt,include,data\fulltext_screening\sorted_based_on_decision\included\Irvine T - 2024 - Development and preliminary evaluation of a genetics education booklet for retinoblastoma.txt
Isakadze et al. - 2022 - The Virtual Inclusive Digital Health Intervention Design to Promote Health Equity iDesign Framework.txt,exclude,data\fulltext_screening\sorted_based_on_decision\excluded\Isakadze et al. - 2022 - The Virtual Inclusive Digital Health Intervention Design to Promote Health Equity iDesign Framework.txt
Isangula et al. - 2023 - Interventions co designed by healthcare providers and clients for improving therapeutic relationship.txt,include,data\fulltext_screening\sorted_based_on_decision\included\Isangula et al. - 2023 - Interventions co designed by healthcare providers and clients for improving therapeutic relationship.txt
Isangula K - 2022 - Strengthening Interpersonal Relationships in Maternal and Child Health Care in Rural Tanzania Protoc.txt,exclude,data\fulltext_screening\sorted_based_on_decision\excluded\Isangula K - 2022 - Strengthening Interpersonal Relationships in Maternal and Child Health Care in Rural Tanzania Protoc.txt
Jandasek et al. - 2024 - Friends Family and Food Development of a Food Allergy Intervention F3 App for Children.txt,include,data\fulltext_screening\sorted_based_on_decision\included\Jandasek et al. - 2024 - Friends Family and Food Development of a Food Allergy Intervention F3 App for Children.txt
Jayes et al. - 2021 - Giving voice to people with communication disabilities during mental capacity assessments.txt,exclude,data\fulltext_screening\sorted_based_on_decision\excluded\Jayes et al. - 2021 - Giving voice to people with communication disabilities during mental capacity assessments.txt
Jenssen et al. - 2022 - Electronic Health Record Embedded Behavioral Science Informed System for Smoking Cessation for the P.txt,include,data\fulltext_screening\sorted_based_on_decision\included\Jenssen et al. - 2022 - Electronic Health Record Embedded Behavioral Science Informed System for Smoking Cessation for the P.txt
Johnston et al. - 2022 - Human Centered Design of a Digital Health Tool to Promote Effective Self care in Patients With Heart.txt,exclude,data\fulltext_screening\sorted_based_on_decision\excluded\Johnston et al. - 2022 - Human Centered Design of a Digital Health Tool to Promote Effective Self care in Patients With Heart.txt
Kabukye et al. - 2024 - Implementing a Hospital Call Center Service for Mental Health in Uganda User Centered Design Approac.txt,include,data\fulltext_screening\sorted_based_on_decision\included\Kabukye et al. - 2024 - Implementing a Hospital Call Center Service for Mental Health in Uganda User Centered Design Approac.txt
Kaduru CC - 2023 - Using community theater to improve demand for vaccination services in the Niger Delta Region of Nige.txt,include,data\fulltext_screening\sorted_based_on_decision\included\Kaduru CC - 2023 - Using community theater to improve demand for vaccination services in the Niger Delta Region of Nige.txt
Kallen et al. - 2012 - A technical solution to improving palliative and hospice care.txt,exclude,data\fulltext_screening\sorted_based_on_decision\excluded\Kallen et al. - 2012 - A technical solution to improving palliative and hospice care.txt
Kananura et al. - 2024 - Increasing coverage and uptake of voluntary family planning in Uganda s emerging municipalities and.txt,exclude,data\fulltext_screening\sorted_based_on_decision\excluded\Kananura et al. - 2024 - Increasing coverage and uptake of voluntary family planning in Uganda s emerging municipalities and.txt
Karaosmanoglu S. et al. - 2021 - Lessons Learned from a Human Centered Design of an Immersive Exergame for People with Dementia.txt,include,data\fulltext_screening\sorted_based_on_decision\included\Karaosmanoglu S. et al. - 2021 - Lessons Learned from a Human Centered Design of an Immersive Exergame for People with Dementia.txt
Karim A.T.M.R. et al. - 2022 - Developing a group Model of ANC PNC through human centered Design HCD to Improve MNCH of first time.txt,exclude,data\fulltext_screening\sorted_based_on_decision\excluded\Karim A.T.M.R. et al. - 2022 - Developing a group Model of ANC PNC through human centered Design HCD to Improve MNCH of first time.txt
Karpathakis et al. - 2021 - An Evaluation Service for Digital Public Health Interventions User Centered Design Approach.txt,include,data\fulltext_screening\sorted_based_on_decision\included\Karpathakis et al. - 2021 - An Evaluation Service for Digital Public Health Interventions User Centered Design Approach.txt
Katusiime and Pinkwart - 2019 - A Mobile App for Illiterate and Semi illiterate Pregnant Women A User Centered Approach.txt,exclude,data\fulltext_screening\sorted_based_on_decision\excluded\Katusiime and Pinkwart - 2019 - A Mobile App for Illiterate and Semi illiterate Pregnant Women A User Centered Approach.txt
Kepper M - 2024 - Supporting Teams with Designing for Dissemination and Sustainability the Design Development and Usab.txt,include,data\fulltext_screening\sorted_based_on_decision\included\Kepper M - 2024 - Supporting Teams with Designing for Dissemination and Sustainability the Design Development and Usab.txt
Khan et al. - 2023 - Psychosocial support during childbirth Development and adaptation of WHO s Mental Health Gap Action.txt,include,data\fulltext_screening\sorted_based_on_decision\included\Khan et al. - 2023 - Psychosocial support during childbirth Development and adaptation of WHO s Mental Health Gap Action.txt
Khowaja et al. - 2022 - A Participatory Design Approach to Develop Visualization of Wearable Actigraphy Data for Health Care.txt,include,data\fulltext_screening\sorted_based_on_decision\included\Khowaja et al. - 2022 - A Participatory Design Approach to Develop Visualization of Wearable Actigraphy Data for Health Care.txt
Kifle M. et al. - 2017 - Contextualizing user centered design with agile methods in Ethiopia.txt,exclude,data\fulltext_screening\sorted_based_on_decision\excluded\Kifle M. et al. - 2017 - Contextualizing user centered design with agile methods in Ethiopia.txt
Kim et al. - 2021 - Designing an Indoor Air Quality Monitoring App for Asthma Management in Children User Centered Desig.txt,include,data\fulltext_screening\sorted_based_on_decision\included\Kim et al. - 2021 - Designing an Indoor Air Quality Monitoring App for Asthma Management in Children User Centered Desig.txt
Kim et al. - 2022 - Mobile health platform based on user centered design to promote exercise for patients with periphera.txt,include,data\fulltext_screening\sorted_based_on_decision\included\Kim et al. - 2022 - Mobile health platform based on user centered design to promote exercise for patients with periphera.txt
Kim et al. - 2022 - Reviewing the User Centered Design Process for a Comprehensive Gastroesophageal Reflux Disease GERD.txt,include,data\fulltext_screening\sorted_based_on_decision\included\Kim et al. - 2022 - Reviewing the User Centered Design Process for a Comprehensive Gastroesophageal Reflux Disease GERD.txt
King J. et al. - 2019 - Preflight Weather Decision Support Tool PWDST User Centered Design Process and Usability Validation.txt,exclude,data\fulltext_screening\sorted_based_on_decision\excluded\King J. et al. - 2019 - Preflight Weather Decision Support Tool PWDST User Centered Design Process and Usability Validation.txt
Kongjit et al. - 2022 - Mobile health application for Thai women investigation and model.txt,include,data\fulltext_screening\sorted_based_on_decision\included\Kongjit et al. - 2022 - Mobile health application for Thai women investigation and model.txt
Koopman R.J. et al. - 2020 - Home blood pressure data visualization for the management of hypertension Designing for patient and.txt,include,data\fulltext_screening\sorted_based_on_decision\included\Koopman R.J. et al. - 2020 - Home blood pressure data visualization for the management of hypertension Designing for patient and.txt
Korpershoek et al. - 2020 - User Centered Design of a Mobile Health Intervention to Enhance Exacerbation Related Self Management.txt,include,data\fulltext_screening\sorted_based_on_decision\included\Korpershoek et al. - 2020 - User Centered Design of a Mobile Health Intervention to Enhance Exacerbation Related Self Management.txt
Koumpouros - 2022 - User Centric Design Methodology for mHealth Apps The PainApp Paradigm for Chronic Pain.txt,include,data\fulltext_screening\sorted_based_on_decision\included\Koumpouros - 2022 - User Centric Design Methodology for mHealth Apps The PainApp Paradigm for Chronic Pain.txt
Kreyenbuhl J. et al. - 2019 - Development and Feasibility Testing of a Smartphone Intervention to Improve Adherence to Antipsychot.txt,include,data\fulltext_screening\sorted_based_on_decision\included\Kreyenbuhl J. et al. - 2019 - Development and Feasibility Testing of a Smartphone Intervention to Improve Adherence to Antipsychot.txt
Kuhns et al. - 2021 - A Uniquely Targeted Mobile App Based HIV Prevention Intervention for Young Transgender Women Adaptat.txt,include,data\fulltext_screening\sorted_based_on_decision\included\Kuhns et al. - 2021 - A Uniquely Targeted Mobile App Based HIV Prevention Intervention for Young Transgender Women Adaptat.txt
Kumar et al. - 2014 - Health care satisfaction among foreign residents in Taiwan An assessment and improvement.txt,exclude,data\fulltext_screening\sorted_based_on_decision\excluded\Kumar et al. - 2014 - Health care satisfaction among foreign residents in Taiwan An assessment and improvement.txt
Laffranchi et al. - 2021 - User Centered Design and Development of the Modular TWIN Lower Limb Exoskeleton.txt,include,data\fulltext_screening\sorted_based_on_decision\included\Laffranchi et al. - 2021 - User Centered Design and Development of the Modular TWIN Lower Limb Exoskeleton.txt
Langener et al. - 2022 - Immersive Virtual Reality Avatars for Embodiment Illusions in People With Mild to Borderline Intelle.txt,include,data\fulltext_screening\sorted_based_on_decision\included\Langener et al. - 2022 - Immersive Virtual Reality Avatars for Embodiment Illusions in People With Mild to Borderline Intelle.txt
Larkin et al. - 2023 - ReachCare Mobile Apps for Patients Experiencing Suicidality in the Emergency Department Development.txt,include,data\fulltext_screening\sorted_based_on_decision\included\Larkin et al. - 2023 - ReachCare Mobile Apps for Patients Experiencing Suicidality in the Emergency Department Development.txt
Lawani et al. - 2021 - User centered and theory based design of a professional training program on shared decision making w.txt,include,data\fulltext_screening\sorted_based_on_decision\included\Lawani et al. - 2021 - User centered and theory based design of a professional training program on shared decision making w.txt
Lawrence et al. - 2021 - Effectiveness of an Integrated Engagement Support System to Facilitate Patient Use of Digital Diabet.txt,include,data\fulltext_screening\sorted_based_on_decision\included\Lawrence et al. - 2021 - Effectiveness of an Integrated Engagement Support System to Facilitate Patient Use of Digital Diabet.txt
Lehmann et al. - 2022 - Designing AINA Intercultural Human Centered Design of an AI based Application for Supporting the Dia.txt,include,data\fulltext_screening\sorted_based_on_decision\included\Lehmann et al. - 2022 - Designing AINA Intercultural Human Centered Design of an AI based Application for Supporting the Dia.txt
Leoputra C.D. et al. - 2023 - Application of User Centered Design Approach in Developing Interaction Design of In Kind Donation Fe.txt,exclude,data\fulltext_screening\sorted_based_on_decision\excluded\Leoputra C.D. et al. - 2023 - Application of User Centered Design Approach in Developing Interaction Design of In Kind Donation Fe.txt
Leung et al. - 2020 - Human centered design as a guide to intervention planning for non communicable diseases the BIGPIC s.txt,include,data\fulltext_screening\sorted_based_on_decision\included\Leung et al. - 2020 - Human centered design as a guide to intervention planning for non communicable diseases the BIGPIC s.txt
Lobo et al. - 2022 - mHealth intervention for carers of individuals with a history of stroke Heuristic evaluation and use.txt,include,data\fulltext_screening\sorted_based_on_decision\included\Lobo et al. - 2022 - mHealth intervention for carers of individuals with a history of stroke Heuristic evaluation and use.txt
Logsdon et al. - 2020 - Partnering with new mothers to develop a smart phone app to prevent maternal mortality after hospita.txt,exclude,data\fulltext_screening\sorted_based_on_decision\excluded\Logsdon et al. - 2020 - Partnering with new mothers to develop a smart phone app to prevent maternal mortality after hospita.txt
Lu J. and Schmidt M. - 2024 - Exploring the Needs and Preferences of Autistic Users in Extended Reality A Participatory and Human.txt,include,data\fulltext_screening\sorted_based_on_decision\included\Lu J. and Schmidt M. - 2024 - Exploring the Needs and Preferences of Autistic Users in Extended Reality A Participatory and Human.txt
MacCallum L. et al. - 2013 - Use of an interdisciplinary participatory design approach to develop a usable patient self assessmen.txt,include,data\fulltext_screening\sorted_based_on_decision\included\MacCallum L. et al. - 2013 - Use of an interdisciplinary participatory design approach to develop a usable patient self assessmen.txt
Mahyar et al. - 2016 - UD Co Spaces A Table Centred Multi Display Environment for Public Engagement in Urban Design Charret.txt,include,data\fulltext_screening\sorted_based_on_decision\included\Mahyar et al. - 2016 - UD Co Spaces A Table Centred Multi Display Environment for Public Engagement in Urban Design Charret.txt
Maphosa - 2022 - Delivering a Drug Information App to Underserved Communities A User Centered Design Approach.txt,include,data\fulltext_screening\sorted_based_on_decision\included\Maphosa - 2022 - Delivering a Drug Information App to Underserved Communities A User Centered Design Approach.txt
Marchak J.G. et al. - 2020 - User centered design and enhancement of an electronic personal health record to support survivors of.txt,include,data\fulltext_screening\sorted_based_on_decision\included\Marchak J.G. et al. - 2020 - User centered design and enhancement of an electronic personal health record to support survivors of.txt
Markensten E. and Artman H. - 2004 - Procuring a usable system using unemployed personas.txt,include,data\fulltext_screening\sorted_based_on_decision\included\Markensten E. and Artman H. - 2004 - Procuring a usable system using unemployed personas.txt
Markkanen P. and Herneoja A. - 2024 - Constructing a theory informed workplace design framework co design case study for knowledge work en.txt,exclude,data\fulltext_screening\sorted_based_on_decision\excluded\Markkanen P. and Herneoja A. - 2024 - Constructing a theory informed workplace design framework co design case study for knowledge work en.txt
Martin E. et al. - 2019 - Today I Tell A Comics and Story Creation App for People with Autism Spectrum Condition.txt,include,data\fulltext_screening\sorted_based_on_decision\included\Martin E. et al. - 2019 - Today I Tell A Comics and Story Creation App for People with Autism Spectrum Condition.txt
Martin et al. - 2024 - An Interactive Modeling Tool for Projecting the Health and Direct Medical Cost Impact of Changes in.txt,include,data\fulltext_screening\sorted_based_on_decision\included\Martin et al. - 2024 - An Interactive Modeling Tool for Projecting the Health and Direct Medical Cost Impact of Changes in.txt
McKinnon et al. - 2022 - Using human centred design to tackle COVID 19 vaccine hesitancy for children and youth a protocol fo.txt,include,data\fulltext_screening\sorted_based_on_decision\included\McKinnon et al. - 2022 - Using human centred design to tackle COVID 19 vaccine hesitancy for children and youth a protocol fo.txt
McLoone H.E. et al. - 2010 - User centered design and evaluation of a next generation fixed split ergonomic keyboard.txt,include,data\fulltext_screening\sorted_based_on_decision\included\McLoone H.E. et al. - 2010 - User centered design and evaluation of a next generation fixed split ergonomic keyboard.txt
McWilliams et al. - 2018 - Patient and Family Engagement in the Design of a Mobile Health Solution for Pediatric Asthma Develop.txt,include,data\fulltext_screening\sorted_based_on_decision\included\McWilliams et al. - 2018 - Patient and Family Engagement in the Design of a Mobile Health Solution for Pediatric Asthma Develop.txt
Mehdizadeh et al. - 2022 - An mHealth Self management System for Support Children With Acute Lymphocytic Leukemia and Their Car.txt,include,data\fulltext_screening\sorted_based_on_decision\included\Mehdizadeh et al. - 2022 - An mHealth Self management System for Support Children With Acute Lymphocytic Leukemia and Their Car.txt
Mehra et al. - 2023 - A Tailored mHealth App for Improving Health and Well Being Behavioral Transformation in UK Police Wo.txt,include,data\fulltext_screening\sorted_based_on_decision\included\Mehra et al. - 2023 - A Tailored mHealth App for Improving Health and Well Being Behavioral Transformation in UK Police Wo.txt
Memedi M. et al. - 2018 - An interface for IoT Feeding back health related data to Parkinson s disease patients.txt,include,data\fulltext_screening\sorted_based_on_decision\included\Memedi M. et al. - 2018 - An interface for IoT Feeding back health related data to Parkinson s disease patients.txt
Michalak et al. - 2019 - Supporting Self Management in Bipolar Disorder Mixed Methods Knowledge Translation Study.txt,include,data\fulltext_screening\sorted_based_on_decision\included\Michalak et al. - 2019 - Supporting Self Management in Bipolar Disorder Mixed Methods Knowledge Translation Study.txt
Miller et al. - 2023 - Human Centered Design of a Clinical Decision Support for Anemia Screening in Children with Inflammat.txt,include,data\fulltext_screening\sorted_based_on_decision\included\Miller et al. - 2023 - Human Centered Design of a Clinical Decision Support for Anemia Screening in Children with Inflammat.txt
Monnet et al. - 2023 - Advance Care Planning Website for People With Dementia and Their Family Caregivers Protocol for a De.txt,include,data\fulltext_screening\sorted_based_on_decision\included\Monnet et al. - 2023 - Advance Care Planning Website for People With Dementia and Their Family Caregivers Protocol for a De.txt
Monteiro et al. - 2021 - Improving Sleep Awareness Design and Development of an M Health App.txt,include,data\fulltext_screening\sorted_based_on_decision\included\Monteiro et al. - 2021 - Improving Sleep Awareness Design and Development of an M Health App.txt
Monteiro-Guerra et al. - 2020 - A Personalized Physical Activity Coaching App for Breast Cancer Survivors Design Process and Early P.txt,include,data\fulltext_screening\sorted_based_on_decision\included\Monteiro-Guerra et al. - 2020 - A Personalized Physical Activity Coaching App for Breast Cancer Survivors Design Process and Early P.txt
Moukarzel S. et al. - 2024 - Developing the Healthy Actions and Lifestyles to Avoid Dementia or Hispanos y el ALTo a la Demencia.txt,include,data\fulltext_screening\sorted_based_on_decision\included\Moukarzel S. et al. - 2024 - Developing the Healthy Actions and Lifestyles to Avoid Dementia or Hispanos y el ALTo a la Demencia.txt
Muinga et al. - 2021 - Using a human centred design approach to develop a comprehensive newborn monitoring chart for inpati.txt,include,data\fulltext_screening\sorted_based_on_decision\included\Muinga et al. - 2021 - Using a human centred design approach to develop a comprehensive newborn monitoring chart for inpati.txt
Mukherjee et al. - 2022 - Human Centered Design for Public Health Innovation Codesigning a Multicomponent Intervention to Supp.txt,include,data\fulltext_screening\sorted_based_on_decision\included\Mukherjee et al. - 2022 - Human Centered Design for Public Health Innovation Codesigning a Multicomponent Intervention to Supp.txt
Myers B - 2024 - A stakeholder driven approach to designing a peer recovery coach role for implementation in communit.txt,include,data\fulltext_screening\sorted_based_on_decision\included\Myers B - 2024 - A stakeholder driven approach to designing a peer recovery coach role for implementation in communit.txt
Nagraj et al. - 2023 - A Mobile Clinical Decision Support System for High Risk Pregnant Women in Rural India SMARThealth Pr.txt,exclude,data\fulltext_screening\sorted_based_on_decision\excluded\Nagraj et al. - 2023 - A Mobile Clinical Decision Support System for High Risk Pregnant Women in Rural India SMARThealth Pr.txt
Naik A.D. et al. - 2018 - Development of a Clinically Feasible Process for Identifying Individual Health Priorities.txt,include,data\fulltext_screening\sorted_based_on_decision\included\Naik A.D. et al. - 2018 - Development of a Clinically Feasible Process for Identifying Individual Health Priorities.txt
Naik et al. - 2017 - User centered design of discharge warnings tool for colorectal surgery patients.txt,exclude,data\fulltext_screening\sorted_based_on_decision\excluded\Naik et al. - 2017 - User centered design of discharge warnings tool for colorectal surgery patients.txt
Nelson et al. - 2016 - Software prototyping A case report of refining user requirements for a health information exchange d.txt,include,data\fulltext_screening\sorted_based_on_decision\included\Nelson et al. - 2016 - Software prototyping A case report of refining user requirements for a health information exchange d.txt
Nelson et al. - 2022 - User Centered Design and Evaluation of ARTTS an Augmented Reality Triage Tool Suite for Mass Casualt.txt,include,data\fulltext_screening\sorted_based_on_decision\included\Nelson et al. - 2022 - User Centered Design and Evaluation of ARTTS an Augmented Reality Triage Tool Suite for Mass Casualt.txt
Newton A - 2020 - A Mobile Phone Based App for Use During Cognitive Behavioral Therapy for Adolescents With Anxiety Mi.txt,include,data\fulltext_screening\sorted_based_on_decision\included\Newton A - 2020 - A Mobile Phone Based App for Use During Cognitive Behavioral Therapy for Adolescents With Anxiety Mi.txt
Nguyen et al. - 2019 - Utilizing a user centered approach to develop and assess pharmacogenomic clinical decision support f.txt,include,data\fulltext_screening\sorted_based_on_decision\included\Nguyen et al. - 2019 - Utilizing a user centered approach to develop and assess pharmacogenomic clinical decision support f.txt
Nguyen et al. - 2023 - User Centered Design and Evaluation of Clinical Decision Support to Improve Early Peanut Introductio.txt,include,data\fulltext_screening\sorted_based_on_decision\included\Nguyen et al. - 2023 - User Centered Design and Evaluation of Clinical Decision Support to Improve Early Peanut Introductio.txt
Nicklas et al. - 2020 - Development and Modification of a Mobile Health Program to Promote Postpartum Weight Loss in Women a.txt,include,data\fulltext_screening\sorted_based_on_decision\included\Nicklas et al. - 2020 - Development and Modification of a Mobile Health Program to Promote Postpartum Weight Loss in Women a.txt
Nielsen et al. - 2018 - User Innovated eHealth Solutions for Service Delivery to Older Persons With Hearing Impairment.txt,include,data\fulltext_screening\sorted_based_on_decision\included\Nielsen et al. - 2018 - User Innovated eHealth Solutions for Service Delivery to Older Persons With Hearing Impairment.txt
Nijagal et al. - 2021 - Using human centered design to identify opportunities for reducing inequities in perinatal care.txt,include,data\fulltext_screening\sorted_based_on_decision\included\Nijagal et al. - 2021 - Using human centered design to identify opportunities for reducing inequities in perinatal care.txt
Niks et al. - 2020 - Promoting Employees Recovery During Shift Work Protocol for a Workplace Intervention Study.txt,include,data\fulltext_screening\sorted_based_on_decision\included\Niks et al. - 2020 - Promoting Employees Recovery During Shift Work Protocol for a Workplace Intervention Study.txt
Njoki et al. - 2023 - Applying Human Centered Design to Replicate an Adolescent Sexual and Reproductive Health Interventio.txt,include,data\fulltext_screening\sorted_based_on_decision\included\Njoki et al. - 2023 - Applying Human Centered Design to Replicate an Adolescent Sexual and Reproductive Health Interventio.txt
Nota et al. - 2017 - Development of a web based patient decision aid for initiating disease modifying anti rheumatic drug.txt,include,data\fulltext_screening\sorted_based_on_decision\included\Nota et al. - 2017 - Development of a web based patient decision aid for initiating disease modifying anti rheumatic drug.txt
Nsangi et al. - 2020 - Development of the informed health choices resources in four countries to teach primary school child.txt,include,data\fulltext_screening\sorted_based_on_decision\included\Nsangi et al. - 2020 - Development of the informed health choices resources in four countries to teach primary school child.txt
Nugroho I.F. et al. - 2022 - Designing Interaction of Institut Teknologi Bandung Mental Health Services.txt,exclude,data\fulltext_screening\sorted_based_on_decision\excluded\Nugroho I.F. et al. - 2022 - Designing Interaction of Institut Teknologi Bandung Mental Health Services.txt
Nystrom DT - 2018 - Methods for Patient Centered Interface Design of Test Result Display in Online Portals.txt,include,data\fulltext_screening\sorted_based_on_decision\included\Nystrom DT - 2018 - Methods for Patient Centered Interface Design of Test Result Display in Online Portals.txt
Ogola M - 2023 - Development of a small and sick newborn clinical audit tool and its implementation guide using a hum.txt,include,data\fulltext_screening\sorted_based_on_decision\included\Ogola M - 2023 - Development of a small and sick newborn clinical audit tool and its implementation guide using a hum.txt
Olafsdottir et al. - 2020 - Developing ActivABLES for community dwelling stroke survivors using the Medical Research Council fra.txt,include,data\fulltext_screening\sorted_based_on_decision\included\Olafsdottir et al. - 2020 - Developing ActivABLES for community dwelling stroke survivors using the Medical Research Council fra.txt
Oliveira E. et al. - 2023 - Prototyping a Digital Platform to Promote Hyper mediation Practices in the Territory.txt,exclude,data\fulltext_screening\sorted_based_on_decision\excluded\Oliveira E. et al. - 2023 - Prototyping a Digital Platform to Promote Hyper mediation Practices in the Territory.txt
Onyeabor et al. - 2024 - Telemedicine in the age of the pandemics The prospects of web based remote patient monitoring system.txt,include,data\fulltext_screening\sorted_based_on_decision\included\Onyeabor et al. - 2024 - Telemedicine in the age of the pandemics The prospects of web based remote patient monitoring system.txt
Oyebode O. et al. - 2021 - SleepFit A Persuasive Mobile App for Improving Sleep Habits in Young Adults.txt,exclude,data\fulltext_screening\sorted_based_on_decision\excluded\Oyebode O. et al. - 2021 - SleepFit A Persuasive Mobile App for Improving Sleep Habits in Young Adults.txt
Panatto et al. - 2016 - Development and preliminary data on the use of a mobile app specifically designed to increase commun.txt,include,data\fulltext_screening\sorted_based_on_decision\included\Panatto et al. - 2016 - Development and preliminary data on the use of a mobile app specifically designed to increase commun.txt
Patel et al. - 2020 - Iterative Adaptation of a Tuberculosis Digital Medication Adherence Technology to Meet User Needs Qu.txt,exclude,data\fulltext_screening\sorted_based_on_decision\excluded\Patel et al. - 2020 - Iterative Adaptation of a Tuberculosis Digital Medication Adherence Technology to Meet User Needs Qu.txt
Paulino et al. - 2019 - Design of an Integrative System for Configurable Exergames Targeting the Senior Population.txt,include,data\fulltext_screening\sorted_based_on_decision\included\Paulino et al. - 2019 - Design of an Integrative System for Configurable Exergames Targeting the Senior Population.txt
Peahl et al. - 2022 - Experiences With Prenatal Care Delivery Reported by Black Patients With Low Income and by Health Car.txt,exclude,data\fulltext_screening\sorted_based_on_decision\excluded\Peahl et al. - 2022 - Experiences With Prenatal Care Delivery Reported by Black Patients With Low Income and by Health Car.txt
Perales-Puchalt et al. - 2022 - A Text Messaging Intervention to Support Latinx Family Caregivers of Individuals With Dementia Cuida.txt,include,data\fulltext_screening\sorted_based_on_decision\included\Perales-Puchalt et al. - 2022 - A Text Messaging Intervention to Support Latinx Family Caregivers of Individuals With Dementia Cuida.txt
Petracca et al. - 2021 - An Electronic Patient Reported Outcome Mobile App for Data Collection in Type A Hemophilia Design an.txt,include,data\fulltext_screening\sorted_based_on_decision\included\Petracca et al. - 2021 - An Electronic Patient Reported Outcome Mobile App for Data Collection in Type A Hemophilia Design an.txt
Petrenko et al. - 2021 - Initial Feasibility of the Families Moving Forward Connect Mobile Health Intervention for Caregivers.txt,include,data\fulltext_screening\sorted_based_on_decision\included\Petrenko et al. - 2021 - Initial Feasibility of the Families Moving Forward Connect Mobile Health Intervention for Caregivers.txt
Pierce et al. - 2024 - Adapting a group based multimodal aphasia treatment for telehealth co design of M MAT Tele.txt,include,data\fulltext_screening\sorted_based_on_decision\included\Pierce et al. - 2024 - Adapting a group based multimodal aphasia treatment for telehealth co design of M MAT Tele.txt
Pillalamarri SS - 2018 - Novel Bluetooth Enabled Tubeless Insulin Pump A User Experience Design Approach for a Connected Digi.txt,include,data\fulltext_screening\sorted_based_on_decision\included\Pillalamarri SS - 2018 - Novel Bluetooth Enabled Tubeless Insulin Pump A User Experience Design Approach for a Connected Digi.txt
Pillsbury et al. - 2021 - Human centered implementation research a new approach to develop and evaluate implementation strateg.txt,include,data\fulltext_screening\sorted_based_on_decision\included\Pillsbury et al. - 2021 - Human centered implementation research a new approach to develop and evaluate implementation strateg.txt
Pimminger S. et al. - 2024 - Towards a User Centered Design Approach for the Development of Social Assistive Robots in Office Env.txt,include,data\fulltext_screening\sorted_based_on_decision\included\Pimminger S. et al. - 2024 - Towards a User Centered Design Approach for the Development of Social Assistive Robots in Office Env.txt
Plant et al. - 2024 - Developing an mHealth program to improve HIV care continuum outcomes among young Black gay and bisex.txt,include,data\fulltext_screening\sorted_based_on_decision\included\Plant et al. - 2024 - Developing an mHealth program to improve HIV care continuum outcomes among young Black gay and bisex.txt
Poduval et al. - 2022 - Web Based Structured Education for Type 2 Diabetes Interdisciplinary User Centered Design Approach.txt,include,data\fulltext_screening\sorted_based_on_decision\included\Poduval et al. - 2022 - Web Based Structured Education for Type 2 Diabetes Interdisciplinary User Centered Design Approach.txt
Poot et al. - 2023 - The Design of a Persuasive Game to Motivate People with Asthma in Adherence to Their Maintenance Med.txt,include,data\fulltext_screening\sorted_based_on_decision\included\Poot et al. - 2023 - The Design of a Persuasive Game to Motivate People with Asthma in Adherence to Their Maintenance Med.txt
Posluszny et al. - 2020 - Promoting Sustainability through Virtual Reality A Case Study of Climate Change Understanding with C.txt,exclude,data\fulltext_screening\sorted_based_on_decision\excluded\Posluszny et al. - 2020 - Promoting Sustainability through Virtual Reality A Case Study of Climate Change Understanding with C.txt
Pot et al. - 2018 - Systematically Developing a Web Based Tailored Intervention Promoting HPV Vaccination Acceptability.txt,include,data\fulltext_screening\sorted_based_on_decision\included\Pot et al. - 2018 - Systematically Developing a Web Based Tailored Intervention Promoting HPV Vaccination Acceptability.txt
Preuhs et al. - 2022 - A Tailored Web Based Video Intervention ParentCoach to Support Parents With Children With Sleeping P.txt,exclude,data\fulltext_screening\sorted_based_on_decision\excluded\Preuhs et al. - 2022 - A Tailored Web Based Video Intervention ParentCoach to Support Parents With Children With Sleeping P.txt
Prince et al. - 2019 - User Centered Design of a Web Based Tool to Support Management of Chemotherapy Related Toxicities in.txt,include,data\fulltext_screening\sorted_based_on_decision\included\Prince et al. - 2019 - User Centered Design of a Web Based Tool to Support Management of Chemotherapy Related Toxicities in.txt
Priya K. and Upadhyay P. - 2021 - Assistive Devices for One Handed People Using Desktop Manufacturing Methods.txt,include,data\fulltext_screening\sorted_based_on_decision\included\Priya K. and Upadhyay P. - 2021 - Assistive Devices for One Handed People Using Desktop Manufacturing Methods.txt
Quintana et al. - 2007 - User centered design in a large scale naval ship design program Usability testing of complex militar.txt,include,data\fulltext_screening\sorted_based_on_decision\included\Quintana et al. - 2007 - User centered design in a large scale naval ship design program Usability testing of complex militar.txt
Raatz et al. - 2019 - Developing the system architecture for conducting synchronous paediatric feeding assessments via tel.txt,include,data\fulltext_screening\sorted_based_on_decision\included\Raatz et al. - 2019 - Developing the system architecture for conducting synchronous paediatric feeding assessments via tel.txt
Raghu et al. - 2015 - Engineering a mobile health tool for resource poor settings to assess and manage cardiovascular dise.txt,include,data\fulltext_screening\sorted_based_on_decision\included\Raghu et al. - 2015 - Engineering a mobile health tool for resource poor settings to assess and manage cardiovascular dise.txt
Rahimi B. et al. - 2023 - Requirements specification design and evaluation of dental image exchange and management system with.txt,include,data\fulltext_screening\sorted_based_on_decision\included\Rahimi B. et al. - 2023 - Requirements specification design and evaluation of dental image exchange and management system with.txt
Rankine et al. - 2021 - Optimizing e Consultations to Adolescent Medicine Specialists Qualitative Synthesis of Feedback From.txt,include,data\fulltext_screening\sorted_based_on_decision\included\Rankine et al. - 2021 - Optimizing e Consultations to Adolescent Medicine Specialists Qualitative Synthesis of Feedback From.txt
Rao et al. - 2022 - A Novel Method for Digital Pain Assessment Using Abstract Animations Human Centered Design Approach.txt,include,data\fulltext_screening\sorted_based_on_decision\included\Rao et al. - 2022 - A Novel Method for Digital Pain Assessment Using Abstract Animations Human Centered Design Approach.txt
Ray J.M. et al. - 2019 - Computerized clinical decision support system for emergency department initiated buprenorphine for o.txt,include,data\fulltext_screening\sorted_based_on_decision\included\Ray J.M. et al. - 2019 - Computerized clinical decision support system for emergency department initiated buprenorphine for o.txt
Reese et al. - 2021 - A Shared Decision making Tool for Drug Interactions Between Warfarin and Nonsteroidal Anti inflammat.txt,include,data\fulltext_screening\sorted_based_on_decision\included\Reese et al. - 2021 - A Shared Decision making Tool for Drug Interactions Between Warfarin and Nonsteroidal Anti inflammat.txt
Revenas et al. - 2020 - Integrating Key User Characteristics in User Centered Design of Digital Support Systems for Seniors.txt,exclude,data\fulltext_screening\sorted_based_on_decision\excluded\Revenas et al. - 2020 - Integrating Key User Characteristics in User Centered Design of Digital Support Systems for Seniors.txt
Revenas et al. - 2023 - Toward digital inclusion of older adults in e health a case study on support for physical activity.txt,include,data\fulltext_screening\sorted_based_on_decision\included\Revenas et al. - 2023 - Toward digital inclusion of older adults in e health a case study on support for physical activity.txt
Richardson J - 2021 - Using a Web Based App to Deliver Rehabilitation Strategies to Persons With Chronic Conditions Develo.txt,exclude,data\fulltext_screening\sorted_based_on_decision\excluded\Richardson J - 2021 - Using a Web Based App to Deliver Rehabilitation Strategies to Persons With Chronic Conditions Develo.txt
Rivers et al. - 2023 - Translating an Economic Analysis into a Tool for Public Health Resource Allocation in Cancer Survivo.txt,include,data\fulltext_screening\sorted_based_on_decision\included\Rivers et al. - 2023 - Translating an Economic Analysis into a Tool for Public Health Resource Allocation in Cancer Survivo.txt
Robinson J.A. et al. - 2021 - User centred design of a final results report for participants in multi sensor personal air pollutio.txt,include,data\fulltext_screening\sorted_based_on_decision\included\Robinson J.A. et al. - 2021 - User centred design of a final results report for participants in multi sensor personal air pollutio.txt
Rodriguez et al. - 2021 - Development of a computer aided text message platform for user engagement with a digital Diabetes Pr.txt,include,data\fulltext_screening\sorted_based_on_decision\included\Rodriguez et al. - 2021 - Development of a computer aided text message platform for user engagement with a digital Diabetes Pr.txt
Rodriguez et al. - 2023 - Human centered design of a smartphone based self test for HIV viral load monitoring.txt,exclude,data\fulltext_screening\sorted_based_on_decision\excluded\Rodriguez et al. - 2023 - Human centered design of a smartphone based self test for HIV viral load monitoring.txt
Rosenthal et al. - 2023 - Using human centered design to develop a nurse to family telehealth intervention for pediatric trans.txt,include,data\fulltext_screening\sorted_based_on_decision\included\Rosenthal et al. - 2023 - Using human centered design to develop a nurse to family telehealth intervention for pediatric trans.txt
Rostetter et al. - 2022 - Implementing an interprofessional user centered design approach to develop a bedside leg exercise de.txt,include,data\fulltext_screening\sorted_based_on_decision\included\Rostetter et al. - 2022 - Implementing an interprofessional user centered design approach to develop a bedside leg exercise de.txt
Rothgangel A - 2017 - Design and Development of a Telerehabilitation Platform for Patients With Phantom Limb Pain A User C.txt,include,data\fulltext_screening\sorted_based_on_decision\included\Rothgangel A - 2017 - Design and Development of a Telerehabilitation Platform for Patients With Phantom Limb Pain A User C.txt
Rovini et al. - 2024 - Design of a novel wearable system for healthcare applications applying the user centred design appro.txt,include,data\fulltext_screening\sorted_based_on_decision\included\Rovini et al. - 2024 - Design of a novel wearable system for healthcare applications applying the user centred design appro.txt
Rubiano et al. - 2021 - Adaptation and performance of a mobile application for early detection of cutaneous leishmaniasis.txt,include,data\fulltext_screening\sorted_based_on_decision\included\Rubiano et al. - 2021 - Adaptation and performance of a mobile application for early detection of cutaneous leishmaniasis.txt
Rudin et al. - 2021 - User centered design of a scalable electronic health record integrated remote symptom monitoring int.txt,include,data\fulltext_screening\sorted_based_on_decision\included\Rudin et al. - 2021 - User centered design of a scalable electronic health record integrated remote symptom monitoring int.txt
Salmon M. et al. - 2015 - Alternative ultrasound gel for a sustainable ultrasound program Application of human centered design.txt,include,data\fulltext_screening\sorted_based_on_decision\included\Salmon M. et al. - 2015 - Alternative ultrasound gel for a sustainable ultrasound program Application of human centered design.txt
Santhosh et al. - 2022 - Cocreating the ICU PAUSE Tool for Intensive Care Unit Ward Transitions.txt,exclude,data\fulltext_screening\sorted_based_on_decision\excluded\Santhosh et al. - 2022 - Cocreating the ICU PAUSE Tool for Intensive Care Unit Ward Transitions.txt
Santos and Silveira - 2020 - AT d8sign methodology to support development of assistive devices focused on user centered design an.txt,exclude,data\fulltext_screening\sorted_based_on_decision\excluded\Santos and Silveira - 2020 - AT d8sign methodology to support development of assistive devices focused on user centered design an.txt
Schild et al. - 2019 - A Digital Cognitive Aid for Anesthesia to Support Intraoperative Crisis Management Results of the Us.txt,include,data\fulltext_screening\sorted_based_on_decision\included\Schild et al. - 2019 - A Digital Cognitive Aid for Anesthesia to Support Intraoperative Crisis Management Results of the Us.txt
Schimmer R - 2019 - Digital Person Centered Self Management Support for People With Type 2 Diabetes Qualitative Study Ex.txt,exclude,data\fulltext_screening\sorted_based_on_decision\excluded\Schimmer R - 2019 - Digital Person Centered Self Management Support for People With Type 2 Diabetes Qualitative Study Ex.txt
Schleimer et al. - 2020 - A Precision Medicine Tool for Patients With Multiple Sclerosis the Open MS BioScreen Human Centered.txt,include,data\fulltext_screening\sorted_based_on_decision\included\Schleimer et al. - 2020 - A Precision Medicine Tool for Patients With Multiple Sclerosis the Open MS BioScreen Human Centered.txt
Schmidt et al. - 2022 - Learning experience design of an mHealth intervention for parents of children with epilepsy.txt,include,data\fulltext_screening\sorted_based_on_decision\included\Schmidt et al. - 2022 - Learning experience design of an mHealth intervention for parents of children with epilepsy.txt
Schmidt T. et al. - 2019 - Annotator centered design Towards a tool for sentiment and emotion annotation.txt,include,data\fulltext_screening\sorted_based_on_decision\included\Schmidt T. et al. - 2019 - Annotator centered design Towards a tool for sentiment and emotion annotation.txt
Schoonderwoerd et al. - 2021 - Human centered XAI Developing design patterns for explanations of clinical decision support systems.txt,include,data\fulltext_screening\sorted_based_on_decision\included\Schoonderwoerd et al. - 2021 - Human centered XAI Developing design patterns for explanations of clinical decision support systems.txt
Schwartz-Lasfargues et al. - 2022 - Development of a Connected Sensor System in Colorectal Surgery User Centered Design Case Study.txt,include,data\fulltext_screening\sorted_based_on_decision\included\Schwartz-Lasfargues et al. - 2022 - Development of a Connected Sensor System in Colorectal Surgery User Centered Design Case Study.txt
Semaan et al. - 2023 - Tackling the COVID 19 infodemic among Syrian refugees in Lebanon Development and evaluation of the W.txt,include,data\fulltext_screening\sorted_based_on_decision\included\Semaan et al. - 2023 - Tackling the COVID 19 infodemic among Syrian refugees in Lebanon Development and evaluation of the W.txt
Semakula et al. - 2019 - Development of mass media resources to improve the ability of parents of primary school children in.txt,include,data\fulltext_screening\sorted_based_on_decision\included\Semakula et al. - 2019 - Development of mass media resources to improve the ability of parents of primary school children in.txt
Seregni et al. - 2021 - Virtual Coaching for Rehabilitation The Participatory Design Experience of the vCare Project.txt,include,data\fulltext_screening\sorted_based_on_decision\included\Seregni et al. - 2021 - Virtual Coaching for Rehabilitation The Participatory Design Experience of the vCare Project.txt
Shields et al. - 2022 - User Centered Design of A Novel Risk Prediction Behavior Change Tool Augmented With an Artificial In.txt,include,data\fulltext_screening\sorted_based_on_decision\included\Shields et al. - 2022 - User Centered Design of A Novel Risk Prediction Behavior Change Tool Augmented With an Artificial In.txt
Singh A - 2024 - Human centered Design of a Health Recommender System for Orthopaedic Shoulder Treatment.txt,include,data\fulltext_screening\sorted_based_on_decision\included\Singh A - 2024 - Human centered Design of a Health Recommender System for Orthopaedic Shoulder Treatment.txt
Smaradottir et al. - 2016 - The EU project United4Health User centred design of an information system for a Norwegian telemedici.txt,include,data\fulltext_screening\sorted_based_on_decision\included\Smaradottir et al. - 2016 - The EU project United4Health User centred design of an information system for a Norwegian telemedici.txt
Smaradottir et al. - 2019 - User Centered Design of a National Medical Registry for Tick Borne Diseases.txt,exclude,data\fulltext_screening\sorted_based_on_decision\excluded\Smaradottir et al. - 2019 - User Centered Design of a National Medical Registry for Tick Borne Diseases.txt
Smith JD - 2020 - Optimizing the implementation of a population panel management intervention in safety net clinics fo.txt,include,data\fulltext_screening\sorted_based_on_decision\included\Smith JD - 2020 - Optimizing the implementation of a population panel management intervention in safety net clinics fo.txt
Sobrinho et al. - 2018 - Design and evaluation of a mobile application to assist the self monitoring of the chronic kidney di.txt,include,data\fulltext_screening\sorted_based_on_decision\included\Sobrinho et al. - 2018 - Design and evaluation of a mobile application to assist the self monitoring of the chronic kidney di.txt
Solem I.K.L. et al. - 2020 - A user centered approach to an evidence based electronic health pain management intervention for peo.txt,include,data\fulltext_screening\sorted_based_on_decision\included\Solem I.K.L. et al. - 2020 - A user centered approach to an evidence based electronic health pain management intervention for peo.txt
Sonney et al. - 2022 - Refinement of a Parent Child Shared Asthma Management Mobile Health App Human Centered Design Study.txt,include,data\fulltext_screening\sorted_based_on_decision\included\Sonney et al. - 2022 - Refinement of a Parent Child Shared Asthma Management Mobile Health App Human Centered Design Study.txt
Speybroeck et al. - 2024 - My Health Coach Community members perspectives on a mobile health tool for adults with fetal alcohol.txt,include,data\fulltext_screening\sorted_based_on_decision\included\Speybroeck et al. - 2024 - My Health Coach Community members perspectives on a mobile health tool for adults with fetal alcohol.txt
Srinivas et al. - 2019 - Context Sensitive Ecological Momentary Assessment Application of User Centered Design for Improving.txt,include,data\fulltext_screening\sorted_based_on_decision\included\Srinivas et al. - 2019 - Context Sensitive Ecological Momentary Assessment Application of User Centered Design for Improving.txt
Stagg B.C. et al. - 2023 - Systematic User centered Design of a Prototype Clinical Decision Support System for Glaucoma.txt,include,data\fulltext_screening\sorted_based_on_decision\included\Stagg B.C. et al. - 2023 - Systematic User centered Design of a Prototype Clinical Decision Support System for Glaucoma.txt
Stawarz et al. - 2020 - Design Considerations for the Integrated Delivery of Cognitive Behavioral Therapy for Depression Use.txt,exclude,data\fulltext_screening\sorted_based_on_decision\excluded\Stawarz et al. - 2020 - Design Considerations for the Integrated Delivery of Cognitive Behavioral Therapy for Depression Use.txt
Steele Gray C - 2016 - Improving Patient Experience and Primary Care Quality for Patients With Complex Chronic Disease Usin.txt,include,data\fulltext_screening\sorted_based_on_decision\included\Steele Gray C - 2016 - Improving Patient Experience and Primary Care Quality for Patients With Complex Chronic Disease Usin.txt
Strauss et al. - 2022 - A Patient Outcomes Driven Feedback Platform for Emergency Medicine Clinicians Human Centered Design.txt,exclude,data\fulltext_screening\sorted_based_on_decision\excluded\Strauss et al. - 2022 - A Patient Outcomes Driven Feedback Platform for Emergency Medicine Clinicians Human Centered Design.txt
Stringer et al. - 2023 - Decision Aids for Patients With Head and Neck Cancer Qualitative Elicitation of Design Recommendatio.txt,exclude,data\fulltext_screening\sorted_based_on_decision\excluded\Stringer et al. - 2023 - Decision Aids for Patients With Head and Neck Cancer Qualitative Elicitation of Design Recommendatio.txt
Stuij et al. - 2020 - Developing a digital training tool to support oncologists in the skill of information provision a us.txt,include,data\fulltext_screening\sorted_based_on_decision\included\Stuij et al. - 2020 - Developing a digital training tool to support oncologists in the skill of information provision a us.txt
Sutcliffe et al. - 2014 - Developing visualization based decision support tools for epidemiology.txt,include,data\fulltext_screening\sorted_based_on_decision\included\Sutcliffe et al. - 2014 - Developing visualization based decision support tools for epidemiology.txt
Szymanski et al. - 2023 - Building a prototype of a continence goal selection tool for children with spina bifida Patient pare.txt,include,data\fulltext_screening\sorted_based_on_decision\included\Szymanski et al. - 2023 - Building a prototype of a continence goal selection tool for children with spina bifida Patient pare.txt
Taylor JR - 2023 - New musical interfaces for older adults in residential care assessing a user centred design approach.txt,include,data\fulltext_screening\sorted_based_on_decision\included\Taylor JR - 2023 - New musical interfaces for older adults in residential care assessing a user centred design approach.txt
Teela et al. - 2022 - Including the voice of paediatric patients Cocreation of an engagement game.txt,include,data\fulltext_screening\sorted_based_on_decision\included\Teela et al. - 2022 - Including the voice of paediatric patients Cocreation of an engagement game.txt
Thomas et al. - 2021 - Creating a Digital Toolkit to Reduce Fatigue and Promote Quality of Life in Multiple Sclerosis Parti.txt,include,data\fulltext_screening\sorted_based_on_decision\included\Thomas et al. - 2021 - Creating a Digital Toolkit to Reduce Fatigue and Promote Quality of Life in Multiple Sclerosis Parti.txt
Timmerman et al. - 2016 - Co creation of an ICT supported cancer rehabilitation application for resected lung cancer survivors.txt,include,data\fulltext_screening\sorted_based_on_decision\included\Timmerman et al. - 2016 - Co creation of an ICT supported cancer rehabilitation application for resected lung cancer survivors.txt
Tonkin et al. - 2017 - A Smartphone App to Reduce Sugar Sweetened Beverage Consumption Among Young Adults in Australian Rem.txt,include,data\fulltext_screening\sorted_based_on_decision\included\Tonkin et al. - 2017 - A Smartphone App to Reduce Sugar Sweetened Beverage Consumption Among Young Adults in Australian Rem.txt
Tran-Nguyen K - 2022 - Mobile App Prototype in Older Adults for Postfracture Acute Pain Management User Centered Design App.txt,include,data\fulltext_screening\sorted_based_on_decision\included\Tran-Nguyen K - 2022 - Mobile App Prototype in Older Adults for Postfracture Acute Pain Management User Centered Design App.txt
Tung F.-W. and Liang P.-K. - 2024 - Wearable Wellness Exploring User Experiences with Fitness Systems on Smartwatches.txt,exclude,data\fulltext_screening\sorted_based_on_decision\excluded\Tung F.-W. and Liang P.-K. - 2024 - Wearable Wellness Exploring User Experiences with Fitness Systems on Smartwatches.txt
Turer et al. - 2024 - User Centered Design and Implementation of an Interoperable FHIR Application for Pediatric Pneumonia.txt,include,data\fulltext_screening\sorted_based_on_decision\included\Turer et al. - 2024 - User Centered Design and Implementation of an Interoperable FHIR Application for Pediatric Pneumonia.txt
Ullrich D. et al. - 2024 - The Fernstudent A User Centered Design Case Study on Improvements of Hybrid Teaching Through A Physi.txt,include,data\fulltext_screening\sorted_based_on_decision\included\Ullrich D. et al. - 2024 - The Fernstudent A User Centered Design Case Study on Improvements of Hybrid Teaching Through A Physi.txt
Vaisson et al. - 2021 - User Involvement in the Design and Development of Patient Decision Aids and Other Personal Health To.txt,exclude,data\fulltext_screening\sorted_based_on_decision\excluded\Vaisson et al. - 2021 - User Involvement in the Design and Development of Patient Decision Aids and Other Personal Health To.txt
van Bruinessen IR - 2014 - Active patient participation in the development of an online intervention.txt,include,data\fulltext_screening\sorted_based_on_decision\included\van Bruinessen IR - 2014 - Active patient participation in the development of an online intervention.txt
Van De Water L.F. et al. - 2021 - Informing patients with esophagogastric cancer about treatment outcomes by using a web based tool an.txt,include,data\fulltext_screening\sorted_based_on_decision\included\Van De Water L.F. et al. - 2021 - Informing patients with esophagogastric cancer about treatment outcomes by using a web based tool an.txt
Van Deen W.K. et al. - 2019 - Involving end users in the design of an audit and feedback intervention in the emergency department.txt,include,data\fulltext_screening\sorted_based_on_decision\included\Van Deen W.K. et al. - 2019 - Involving end users in the design of an audit and feedback intervention in the emergency department.txt
van der Meer et al. - 2021 - Targeting Personal Recovery of People With Complex Mental Health Needs The Development of a Psychoso.txt,include,data\fulltext_screening\sorted_based_on_decision\included\van der Meer et al. - 2021 - Targeting Personal Recovery of People With Complex Mental Health Needs The Development of a Psychoso.txt
van der Weegen et al. - 2013 - The Development of a Mobile Monitoring and Feedback Tool to Stimulate Physical Activity of People Wi.txt,exclude,data\fulltext_screening\sorted_based_on_decision\excluded\van der Weegen et al. - 2013 - The Development of a Mobile Monitoring and Feedback Tool to Stimulate Physical Activity of People Wi.txt
van der Wees et al. - 2019 - Development of a framework with tools to support the selection and implementation of patient reporte.txt,exclude,data\fulltext_screening\sorted_based_on_decision\excluded\van der Wees et al. - 2019 - Development of a framework with tools to support the selection and implementation of patient reporte.txt
Van Dooren et al. - 2023 - Bridging the Communication Gap Between People With Cognitive Impairments and Their Caregivers Using.txt,include,data\fulltext_screening\sorted_based_on_decision\included\Van Dooren et al. - 2023 - Bridging the Communication Gap Between People With Cognitive Impairments and Their Caregivers Using.txt
van Keulen et al. - 2022 - Development of a Dynamically Tailored mHealth Intervention What Do You Drink to Reduce Excessive Dri.txt,include,data\fulltext_screening\sorted_based_on_decision\included\van Keulen et al. - 2022 - Development of a Dynamically Tailored mHealth Intervention What Do You Drink to Reduce Excessive Dri.txt
van Leersum et al. - 2020 - What matters to me a web based preference elicitation tool for clients in long term care a user cent.txt,include,data\fulltext_screening\sorted_based_on_decision\included\van Leersum et al. - 2020 - What matters to me a web based preference elicitation tool for clients in long term care a user cent.txt
van Lonkhuizen et al. - 2021 - Study Protocol for the Development of a European eHealth Platform to Improve Quality of Life in Indi.txt,include,data\fulltext_screening\sorted_based_on_decision\included\van Lonkhuizen et al. - 2021 - Study Protocol for the Development of a European eHealth Platform to Improve Quality of Life in Indi.txt
van Lonkhuizen P.J.C. et al. - 2024 - Development of the Huntington Support App HD eHelp study a human centered and co design approach.txt,include,data\fulltext_screening\sorted_based_on_decision\included\van Lonkhuizen P.J.C. et al. - 2024 - Development of the Huntington Support App HD eHelp study a human centered and co design approach.txt
Van Ooteghem et al. - 2023 - User centered design of feedback regarding health related behaviors derived from wearables An approa.txt,include,data\fulltext_screening\sorted_based_on_decision\included\Van Ooteghem et al. - 2023 - User centered design of feedback regarding health related behaviors derived from wearables An approa.txt
Vermeulen et al. - 2013 - User centered development and testing of a monitoring system that provides feedback regarding physic.txt,include,data\fulltext_screening\sorted_based_on_decision\included\Vermeulen et al. - 2013 - User centered development and testing of a monitoring system that provides feedback regarding physic.txt
Vermeulen et al. - 2014 - Experiences of Multidisciplinary Development Team Members During User Centered Design of Telecare Pr.txt,include,data\fulltext_screening\sorted_based_on_decision\included\Vermeulen et al. - 2014 - Experiences of Multidisciplinary Development Team Members During User Centered Design of Telecare Pr.txt
Verwey et al. - 2016 - Upgrading physical activity counselling in primary care in the Netherlands.txt,include,data\fulltext_screening\sorted_based_on_decision\included\Verwey et al. - 2016 - Upgrading physical activity counselling in primary care in the Netherlands.txt
Vilaro et al. - 2023 - Information Architects Using Community Engaged and Qualitative Methods to Design a Technology Based.txt,exclude,data\fulltext_screening\sorted_based_on_decision\excluded\Vilaro et al. - 2023 - Information Architects Using Community Engaged and Qualitative Methods to Design a Technology Based.txt
Villaverde Naveira A - 2022 - Designing a Social Robot Companion to Support Homecare Usability Results.txt,exclude,data\fulltext_screening\sorted_based_on_decision\excluded\Villaverde Naveira A - 2022 - Designing a Social Robot Companion to Support Homecare Usability Results.txt
Volkmann et al. - 2019 - Age appropriate Participatory Design of a Storytelling Voice Input in the Context of Historytelling.txt,include,data\fulltext_screening\sorted_based_on_decision\included\Volkmann et al. - 2019 - Age appropriate Participatory Design of a Storytelling Voice Input in the Context of Historytelling.txt
Volkmann T. et al. - 2020 - Participatory design of historytelling voice assistance with older adults.txt,include,data\fulltext_screening\sorted_based_on_decision\included\Volkmann T. et al. - 2020 - Participatory design of historytelling voice assistance with older adults.txt
Vorrink et al. - 2016 - A Mobile Phone App to Stimulate Daily Physical Activity in Patients with Chronic Obstructive Pulmona.txt,include,data\fulltext_screening\sorted_based_on_decision\included\Vorrink et al. - 2016 - A Mobile Phone App to Stimulate Daily Physical Activity in Patients with Chronic Obstructive Pulmona.txt
Wali S - 2023 - Bridging community and clinic through digital health Community based adaptation of a mobile phone ba.txt,include,data\fulltext_screening\sorted_based_on_decision\included\Wali S - 2023 - Bridging community and clinic through digital health Community based adaptation of a mobile phone ba.txt
Wang et al. - 2023 - Development of a Pictorial Patient Education Handout on Tracheostomy Care A Mixed Method Study.txt,exclude,data\fulltext_screening\sorted_based_on_decision\excluded\Wang et al. - 2023 - Development of a Pictorial Patient Education Handout on Tracheostomy Care A Mixed Method Study.txt
Wang N. et al. - 2016 - Readful U Improving reading experience and social interaction for low vision elders.txt,exclude,data\fulltext_screening\sorted_based_on_decision\excluded\Wang N. et al. - 2016 - Readful U Improving reading experience and social interaction for low vision elders.txt
Wang S.-M. and Wang S.-T. - 2021 - Conceptual Design of Working from Home Based on Behavior Change in New Normal.txt,exclude,data\fulltext_screening\sorted_based_on_decision\excluded\Wang S.-M. and Wang S.-T. - 2021 - Conceptual Design of Working from Home Based on Behavior Change in New Normal.txt
Warnking RP - 2024 - Designing interactive visualizations for analyzing chronic lung diseases in a user centered approach.txt,include,data\fulltext_screening\sorted_based_on_decision\included\Warnking RP - 2024 - Designing interactive visualizations for analyzing chronic lung diseases in a user centered approach.txt
Wegier et al. - 2021 - Home blood pressure data visualization for the management of hypertension using human factors and de.txt,include,data\fulltext_screening\sorted_based_on_decision\included\Wegier et al. - 2021 - Home blood pressure data visualization for the management of hypertension using human factors and de.txt
Weightman et al. - 2010 - Engaging children in healthcare technology design developing rehabilitation technology for children.txt,include,data\fulltext_screening\sorted_based_on_decision\included\Weightman et al. - 2010 - Engaging children in healthcare technology design developing rehabilitation technology for children.txt
Wen KY - 2014 - Preventing postpartum smoking relapse among inner city women development of a theory based and evide.txt,include,data\fulltext_screening\sorted_based_on_decision\included\Wen KY - 2014 - Preventing postpartum smoking relapse among inner city women development of a theory based and evide.txt
Wexler et al. - 2023 - Development and evaluation of a COVID tracking system to support provision of social service in Wyan.txt,include,data\fulltext_screening\sorted_based_on_decision\included\Wexler et al. - 2023 - Development and evaluation of a COVID tracking system to support provision of social service in Wyan.txt
White B.-K. et al. - 2010 - Designing enterprise applications that connect employees on the go.txt,include,data\fulltext_screening\sorted_based_on_decision\included\White B.-K. et al. - 2010 - Designing enterprise applications that connect employees on the go.txt
Wiberg et al. - 2022 - Internet based cognitive behavior therapy for eating disorders Development and feasibility evaluatio.txt,include,data\fulltext_screening\sorted_based_on_decision\included\Wiberg et al. - 2022 - Internet based cognitive behavior therapy for eating disorders Development and feasibility evaluatio.txt
Wiegmann et al. - 2023 - A digital patient reported outcome electronic patient reported outcome system for patients with seve.txt,include,data\fulltext_screening\sorted_based_on_decision\included\Wiegmann et al. - 2023 - A digital patient reported outcome electronic patient reported outcome system for patients with seve.txt
Wiljen et al. - 2022 - The Development of an mHealth Tool for Children With Long term Illness to Enable Person Centered Com.txt,include,data\fulltext_screening\sorted_based_on_decision\included\Wiljen et al. - 2022 - The Development of an mHealth Tool for Children With Long term Illness to Enable Person Centered Com.txt
Willard et al. - 2018 - Development and testing of an online community care platform for frail older adults in the Netherlan.txt,include,data\fulltext_screening\sorted_based_on_decision\included\Willard et al. - 2018 - Development and testing of an online community care platform for frail older adults in the Netherlan.txt
Wille et al. - 2022 - Supporting direct support professionals in enabling people with intellectual disabilities to engage.txt,include,data\fulltext_screening\sorted_based_on_decision\included\Wille et al. - 2022 - Supporting direct support professionals in enabling people with intellectual disabilities to engage.txt
Witteman HO - 2017 - Negotiating Tensions Between Theory and Design in the Development of Mailings for People Recovering.txt,include,data\fulltext_screening\sorted_based_on_decision\included\Witteman HO - 2017 - Negotiating Tensions Between Theory and Design in the Development of Mailings for People Recovering.txt
Wollmann et al. - 2016 - User Centred Design and Usability Evaluation of a Heart Rate Variability Biofeedback Game.txt,include,data\fulltext_screening\sorted_based_on_decision\included\Wollmann et al. - 2016 - User Centred Design and Usability Evaluation of a Heart Rate Variability Biofeedback Game.txt
Wolpin S.E. et al. - 2015 - Development and usability testing of a web based cancer symptom and quality of life support interven.txt,include,data\fulltext_screening\sorted_based_on_decision\included\Wolpin S.E. et al. - 2015 - Development and usability testing of a web based cancer symptom and quality of life support interven.txt
Wong AH - 2024 - Formative evaluation of an emergency department clinical decision support system for agitation sympt.txt,exclude,data\fulltext_screening\sorted_based_on_decision\excluded\Wong AH - 2024 - Formative evaluation of an emergency department clinical decision support system for agitation sympt.txt
Woodward et al. - 2024 - How to co design a prototype of a clinical practice tool a framework with practical guidance and a c.txt,include,data\fulltext_screening\sorted_based_on_decision\included\Woodward et al. - 2024 - How to co design a prototype of a clinical practice tool a framework with practical guidance and a c.txt
Wysocki T - 2018 - A Web Based Coping Intervention by and for Parents of Very Young Children With Type 1 Diabetes User.txt,exclude,data\fulltext_screening\sorted_based_on_decision\excluded\Wysocki T - 2018 - A Web Based Coping Intervention by and for Parents of Very Young Children With Type 1 Diabetes User.txt
Yang et al. - 2024 - Design Decision Support for Healthcare Architecture A VR Integrated Approach for Measuring User Perc.txt,include,data\fulltext_screening\sorted_based_on_decision\included\Yang et al. - 2024 - Design Decision Support for Healthcare Architecture A VR Integrated Approach for Measuring User Perc.txt
Yau et al. - 2023 - Using Human Centered Design and Cocreation to Create the Live 5 2 1 0 Mobile App to Promote Healthy.txt,include,data\fulltext_screening\sorted_based_on_decision\included\Yau et al. - 2023 - Using Human Centered Design and Cocreation to Create the Live 5 2 1 0 Mobile App to Promote Healthy.txt
Yee et al. - 2021 - Patient and Provider Perspectives on a Novel Mobile Health Intervention for Low Income Pregnant Wome.txt,include,data\fulltext_screening\sorted_based_on_decision\included\Yee et al. - 2021 - Patient and Provider Perspectives on a Novel Mobile Health Intervention for Low Income Pregnant Wome.txt
Young et al. - 2023 - Remote Cognitive Screening Of Healthy Older Adults for Primary Care With the MyCog Mobile App Iterat.txt,include,data\fulltext_screening\sorted_based_on_decision\included\Young et al. - 2023 - Remote Cognitive Screening Of Healthy Older Adults for Primary Care With the MyCog Mobile App Iterat.txt
Young et al. - 2024 - User Centered Design and Usability of a Culturally Adapted Virtual Survivorship Care App for Chinese.txt,include,data\fulltext_screening\sorted_based_on_decision\included\Young et al. - 2024 - User Centered Design and Usability of a Culturally Adapted Virtual Survivorship Care App for Chinese.txt
Zellner K.A. et al. - 2023 - Understanding Delay Awareness and Mitigation Mechanisms through an Iterative Design and Evaluation o.txt,include,data\fulltext_screening\sorted_based_on_decision\included\Zellner K.A. et al. - 2023 - Understanding Delay Awareness and Mitigation Mechanisms through an Iterative Design and Evaluation o.txt
Zhang et al. - 2019 - A Patient Centered Mobile Phone App iHeartU With a Virtual Human Assistant for Self Management of He.txt,exclude,data\fulltext_screening\sorted_based_on_decision\excluded\Zhang et al. - 2019 - A Patient Centered Mobile Phone App iHeartU With a Virtual Human Assistant for Self Management of He.txt
Zheng et al. - 2021 - Development and evaluation of a decision aid for family surrogate decision makers for patients with.txt,exclude,data\fulltext_screening\sorted_based_on_decision\excluded\Zheng et al. - 2021 - Development and evaluation of a decision aid for family surrogate decision makers for patients with.txt
Zou and Peng - 2022 - Simultaneously Monitoring System Design for Infants Temperature A Human Centred Design HCD in Fashio.txt,include,data\fulltext_screening\sorted_based_on_decision\included\Zou and Peng - 2022 - Simultaneously Monitoring System Design for Infants Temperature A Human Centred Design HCD in Fashio.txt
